-7.693994722629657446e+00,-1.428958793175916675e+01,1.171099617903235490e+01,-8.375697561716652917e-01,-2.303477623570529076e+01,7.562724695748824111e+00,9.481164018002182559e+00,6.508231570807645916e+00,4.808114861006412832e-02,-1.123090328253756454e+01
-8.587751634654011923e+00,-1.538282657338409187e+01,1.294056374272131826e+01,-1.572536644940150996e+00,-2.481342631293373913e+01,8.280427382963251759e+00,9.747235497274239435e+00,6.606254164613386770e+00,-3.538615224182791730e-01,-1.207843082072565721e+01
-7.714646115357519207e+00,-1.395275024468941361e+01,1.161268834660624982e+01,-1.431180840990376124e+00,-2.243436607155613416e+01,7.455747831800132452e+00,8.748127208290782164e+00,6.165925536694993880e+00,-2.260828612991230835e-01,-1.097367131337909996e+01
-5.456501438219987676e+00,-1.037815623597739823e+01,8.368930789619039246e+00,-2.413194490865115949e-01,-1.674103112083789924e+01,5.436540400799048989e+00,7.173780659961869866e+00,4.866988684864357317e+00,2.188982615912087037e-01,-8.149352685745364866e+00
-7.833717382976674415e+00,-1.407392864694280732e+01,1.178678510823342585e+01,-1.429100627206657315e+00,-2.266704741087364283e+01,7.552575930190780440e+00,8.896224921954727805e+00,6.097213226782453255e+00,-2.844330127340677361e-01,-1.104829267226723921e+01
-9.863821379601267481e+00,-1.787855511230484140e+01,1.490651906877887356e+01,-1.641428227689328612e+00,-2.881723525265132224e+01,9.567455990798247711e+00,1.142303600765940175e+01,7.860779156444623439e+00,-2.646410648645513564e-01,-1.405446250917012740e+01
-9.328969858445244512e+00,-1.729293016341084765e+01,1.423043591214332082e+01,-9.626027146251829869e-01,-2.792943340670067442e+01,9.178529877638460732e+00,1.156241789506293927e+01,7.808595444707448152e+00,2.800850152379980029e-02,-1.358914384978901424e+01
-7.318095444985445397e+00,-1.309444147021962834e+01,1.097475095770337283e+01,-1.504752784629401319e+00,-2.105079394572264562e+01,7.028711650541715095e+00,8.100360468210624276e+00,5.682560887469531252e+00,-3.091420592916664933e-01,-1.028987632658160756e+01
-5.206059203072679331e+00,-9.670474432578332724e+00,7.906837883499842512e+00,-5.567766383333270230e-01,-1.557179924597121357e+01,5.109729692225034370e+00,6.420248094536814776e+00,4.406454214429346372e+00,4.510066661490721995e-02,-7.591405001024010168e+00
-4.075222273533229966e+00,-7.756131385833091585e+00,6.197585015286489529e+00,-3.022778001851829655e-01,-1.243776297670442332e+01,4.036329037734944336e+00,5.202151265036264682e+00,3.703196135530081090e+00,1.759643673082441628e-01,-6.092960186016003199e+00
-7.557151457748504164e+00,-1.341120313636859862e+01,1.130214864837733302e+01,-1.666632688122803962e+00,-2.155884274726385641e+01,7.224414060261194592e+00,8.212956268135588545e+00,5.735851951037036045e+00,-3.938533785081888561e-01,-1.053173617085396963e+01
-6.449885401582313271e+00,-1.158610736276753173e+01,9.682758360823431332e+00,-1.217935932648803288e+00,-1.863263426003917900e+01,6.207889432027902110e+00,7.270121675174634035e+00,5.038552344621002987e+00,-2.299106120905322626e-01,-9.093953611695376082e+00
-7.465420208502764332e+00,-1.373608375813180693e+01,1.131743547744850353e+01,-1.003209512872876186e+00,-2.212352963161949404e+01,7.293911905805914309e+00,8.952659213426271023e+00,6.186461007070342077e+00,-4.486170682461820824e-02,-1.079547229647697471e+01
-7.738247032429145911e+00,-1.367858223041048582e+01,1.159669409690692454e+01,-1.653962900798483293e+00,-2.204317304680213851e+01,7.399459966081138873e+00,8.470563712058574168e+00,5.758070699151726757e+00,-4.432575774958390502e-01,-1.073342630793763242e+01
-8.170079477438092042e+00,-1.476409567198336958e+01,1.230859237508795268e+01,-1.486544895039568104e+00,-2.375886804073101999e+01,7.898697943288387258e+00,9.299448321798296391e+00,6.495771448812046600e+00,-2.484445975231417969e-01,-1.160860661390056592e+01
-6.189902762348151732e+00,-1.177596035790296547e+01,9.498709082567083684e+00,-3.069990795129143857e-01,-1.899492301900360047e+01,6.169748897032253154e+00,8.102978392946429409e+00,5.537738985161583471e+00,2.417264721185527487e-01,-9.256088266425544830e+00
-6.987072544898726534e+00,-1.291679882194804740e+01,1.062204860619567981e+01,-8.195217387528745956e-01,-2.082566993073314165e+01,6.851335010552348947e+00,8.531590063713412775e+00,5.837247719673713142e+00,1.563270582922549057e-03,-1.014941439498945464e+01
-8.845885877169077816e+00,-1.581447663581876562e+01,1.328861584749560976e+01,-1.798735497450259846e+00,-2.545543386507994299e+01,8.504198365194111986e+00,9.820720906029331232e+00,6.833194458876346467e+00,-3.921090252193860093e-01,-1.243098267621400588e+01
-8.047763670974291017e+00,-1.467334917903511382e+01,1.219986449473103463e+01,-1.114835123894205804e+00,-2.368487482295518021e+01,7.839530729897817629e+00,9.596296874375452646e+00,6.460275023329802302e+00,-1.421129148077500681e-01,-1.151895521545863410e+01
-8.677755243443145972e+00,-1.572310356264358688e+01,1.310528269903067233e+01,-1.432594997470866938e+00,-2.533800506020940091e+01,8.412136888029259296e+00,1.005831103218297251e+01,6.903786919479930617e+00,-2.295673455850955613e-01,-1.235319210604543017e+01
-8.342222783770129269e+00,-1.479101820747623997e+01,1.250365456428991173e+01,-1.754371511132646777e+00,-2.382278428009482951e+01,7.985685275762490321e+00,9.170240445380789751e+00,6.269965331750901427e+00,-4.445132840669564489e-01,-1.160802006475642223e+01
-7.700168324483739113e+00,-1.412109218666555144e+01,1.167763951309072290e+01,-1.051772709946680928e+00,-2.276554711685707133e+01,7.517097498056392268e+00,9.210714171722202082e+00,6.309068005079045527e+00,-8.250040337022390702e-02,-1.109643187204024350e+01
-8.703003955917722578e+00,-1.554869990869530838e+01,1.307251907346784847e+01,-1.774619928929960455e+00,-2.502981209009169561e+01,8.364373499650573862e+00,9.654697989667081259e+00,6.707999372993077358e+00,-3.925913064931811913e-01,-1.222092366812813324e+01
-6.791786845440403120e+00,-1.289446685799396874e+01,1.044526805676603232e+01,-2.820819437171374622e-01,-2.084172297617126901e+01,6.775952762850101507e+00,8.957333214315584158e+00,6.005690747404730523e+00,2.441236842050658606e-01,-1.013025955855039406e+01
-7.309698065597243222e+00,-1.330376055025007176e+01,1.101732011879501805e+01,-1.294225477947947844e+00,-2.137906501986421048e+01,7.085527642699718243e+00,8.374132485299988105e+00,5.952752831593838501e+00,-1.568468147206691365e-01,-1.046913208503486459e+01
-8.207096599447918805e+00,-1.518144711140122638e+01,1.249923220832553028e+01,-9.073107457133833265e-01,-2.450389767708425737e+01,8.059828717639714313e+00,1.009276545867561481e+01,6.845008039018875223e+00,4.619040533603679943e-03,-1.192878410121197419e+01
-9.347531814188069887e+00,-1.727146602310650181e+01,1.421154017933386449e+01,-1.167037272073956800e+00,-2.784153135638485210e+01,9.164345920301613546e+00,1.133394942495113078e+01,7.821592151923924874e+00,-1.654364643405870083e-02,-1.358425854650991482e+01
-9.459554400770560534e+00,-1.717423177472828399e+01,1.432274049247281766e+01,-1.452653420699694609e+00,-2.771500792100713184e+01,9.193403207368803010e+00,1.110465186539811278e+01,7.531979893307585883e+00,-2.297223137697476103e-01,-1.349235485701628079e+01
-9.801433387566993005e+00,-1.775519816936105144e+01,1.478068242366402707e+01,-1.763742365734122686e+00,-2.857157030956233257e+01,9.489898204310444285e+00,1.118915911189561463e+01,7.853063684105660691e+00,-2.745284341656696880e-01,-1.396892796312920737e+01
-7.666186714985359529e+00,-1.401623314270758058e+01,1.163260760123974435e+01,-1.001064042212877148e+00,-2.262781409003330069e+01,7.479941896502864118e+00,9.218609582588781493e+00,6.191463787289906762e+00,-1.059107998411821239e-01,-1.100143287236847733e+01
-5.522434174582320665e+00,-1.019028409751692266e+01,8.341868436606826975e+00,-7.702067152142323403e-01,-1.636543537432136119e+01,5.386707484087266629e+00,6.583712064473208336e+00,4.642535561320298321e+00,-1.715605249762497397e-03,-8.005820561903373545e+00
-8.674639464944865708e+00,-1.610330485221756192e+01,1.324340145760329435e+01,-8.299505133085482989e-01,-2.601873060385535652e+01,8.544234198050514095e+00,1.083147204744328107e+01,7.271469587557290559e+00,4.622320478038127733e-02,-1.264948959979645871e+01
-8.242877915890064244e+00,-1.476161592165325231e+01,1.236710765081085661e+01,-1.703414913702466116e+00,-2.373014436960139406e+01,7.921479058099214043e+00,9.118107532653624503e+00,6.423266882146512202e+00,-3.446048107415354278e-01,-1.160581898965041248e+01
-8.553226627577732444e+00,-1.590356865261712294e+01,1.306886689633402909e+01,-7.865957173056056240e-01,-2.570060839693135080e+01,8.434173008267768168e+00,1.072272268832802311e+01,7.197224889190136032e+00,6.172871284040998274e-02,-1.249464872812404792e+01
-9.523491051270024599e+00,-1.749792370002159458e+01,1.443063927719603790e+01,-1.418265430757944312e+00,-2.816633492760584190e+01,9.296359825307932923e+00,1.125994958851892136e+01,7.906254588933037120e+00,-9.349288514409953565e-02,-1.377296536397867932e+01
-7.208925628994501622e+00,-1.356517354364639516e+01,1.106739507413075252e+01,-4.013435628281008527e-01,-2.194353751925031304e+01,7.161862146813540164e+00,9.370579361349976821e+00,6.218339746361858822e+00,1.729533156419763018e-01,-1.065144334227432843e+01
-6.525349821651669657e+00,-1.211060386354940910e+01,9.888442356255120913e+00,-8.793794469506837075e-01,-1.945700242482076447e+01,6.391465757522130531e+00,7.834439648509097687e+00,5.581557519862221817e+00,3.107926015502543438e-02,-9.532040985829912216e+00
-7.084317293337921484e+00,-1.292144821112029796e+01,1.069119293216840383e+01,-1.175287550915397938e+00,-2.077811198233550272e+01,6.878553980555166980e+00,8.213044599579681915e+00,5.781375919630873383e+00,-1.278470438774396700e-01,-1.016239669838360093e+01
-7.409161992815510800e+00,-1.369289354920114832e+01,1.127516494291566040e+01,-8.356624491600896931e-01,-2.209522260535147709e+01,7.269940765436017749e+00,9.088057611839737149e+00,6.167274597967896455e+00,-1.893856897102252912e-03,-1.075685687929894208e+01
-8.655414986915612729e+00,-1.559632159243751381e+01,1.302960854547846736e+01,-1.634212530735507984e+00,-2.509820285259607076e+01,8.355212118500427110e+00,9.775882322521040280e+00,6.833037994205707122e+00,-2.970694828089992523e-01,-1.226390372787060734e+01
-7.802938869966492774e+00,-1.470691251506073272e+01,1.196005873730870839e+01,-5.273901093121133865e-01,-2.374714055921793943e+01,7.746662459191721695e+00,1.003451198124524701e+01,6.811030172355489576e+00,1.979972852668636374e-01,-1.156172399137946627e+01
-5.123270518966315912e+00,-9.747383233415160220e+00,7.819915124429451581e+00,-3.691816568641509977e-01,-1.566309851167808453e+01,5.086793468123464557e+00,6.562295922524977065e+00,4.639079673314452812e+00,2.046375595063785469e-01,-7.666680170028401520e+00
-5.667072357112534320e+00,-1.046231195670254088e+01,8.597174901247386813e+00,-6.981592615062037765e-01,-1.685101203782840429e+01,5.546060717700552090e+00,6.873754892542399020e+00,4.728169259015633230e+00,-3.511776715271364147e-03,-8.217633353605199531e+00
-4.617255130852750078e+00,-8.576039425266481331e+00,6.983029602205111708e+00,-5.936193351503565863e-01,-1.376531926385926319e+01,4.517558862895652894e+00,5.571282587325572244e+00,3.952634397466743277e+00,3.922463693990579925e-02,-6.739417679874743605e+00
-5.864167615066278927e+00,-1.115115679061087839e+01,8.979648453718601431e+00,-3.749777314277853435e-01,-1.795763431405473654e+01,5.834873594553657838e+00,7.574570997054223653e+00,5.275091427182189818e+00,2.221445460551677575e-01,-8.772778859291138431e+00
-4.898957737655817546e+00,-8.949614122280234341e+00,7.385395395092074544e+00,-7.553773884412047224e-01,-1.438546352831055586e+01,4.755958232164142707e+00,5.742634487753687011e+00,4.000805089002028581e+00,-6.484250541429784076e-02,-7.025993554051923162e+00
-1.035133069737135791e+01,-1.864636538033929725e+01,1.561112040045264315e+01,-1.879319668429466184e+00,-3.004884626804746262e+01,1.000480671330218563e+01,1.178528159454015167e+01,8.126357352212329133e+00,-3.624721328450022928e-01,-1.465862510136019203e+01
-1.028255693973109786e+01,-1.891651992114128333e+01,1.565469681313393302e+01,-1.237796718281224617e+00,-3.055715599213159805e+01,1.007707738680618270e+01,1.251659313215803415e+01,8.444555147901255054e+00,-7.689928023620673514e-02,-1.486615975678605039e+01
-1.003723201356291028e+01,-1.807859422183813791e+01,1.510712869452746432e+01,-1.942285324415484737e+00,-2.908660819955069243e+01,9.686263150885750406e+00,1.128180379274695966e+01,7.930264819291627632e+00,-3.561132131548189195e-01,-1.422293957073321913e+01
-8.765547410450464483e+00,-1.670129754110092080e+01,1.353306431293225209e+01,-1.998236752674674710e-01,-2.704617546707748943e+01,8.780224159878915913e+00,1.177139892574286684e+01,7.773392609195498792e+00,3.526556830778027618e-01,-1.311935749554951691e+01
-8.992655390048952313e+00,-1.618562866840944281e+01,1.351424152677041235e+01,-1.803479203910925976e+00,-2.601567993271308410e+01,8.666392298735518196e+00,1.002762744453470489e+01,7.115368629736743777e+00,-3.257234559567098175e-01,-1.273579483699243475e+01
-8.113003190109333573e+00,-1.505223808598211122e+01,1.236928105233075570e+01,-8.490363069401306584e-01,-2.429666446984745676e+01,7.981494180334281374e+00,1.004136866425618102e+01,6.818914710171859461e+00,3.466802004911334611e-02,-1.182998292445233801e+01
-9.374504767667154681e+00,-1.748432052521849656e+01,1.431053037291798091e+01,-9.332694579086561193e-01,-2.820844178533630853e+01,9.246680206488605336e+00,1.167463150305489528e+01,8.007819731893041748e+00,9.827667913188525839e-02,-1.375293783949331683e+01
-8.883512869462343531e+00,-1.596673135011107725e+01,1.338074186816950295e+01,-1.654975966025731493e+00,-2.572256848554539133e+01,8.572149061574760864e+00,1.005616081543761808e+01,6.935515969391513380e+00,-3.321858004979673651e-01,-1.254813012488287960e+01
-9.458467380608315267e+00,-1.722941586218643195e+01,1.430148888606489166e+01,-1.547107567197824274e+00,-2.774610084558832312e+01,9.192522952143942661e+00,1.099746992729465411e+01,7.666979870073501679e+00,-1.971836238808171160e-01,-1.355452619988785834e+01
-8.060753209917235651e+00,-1.529747184664643811e+01,1.241728955927564826e+01,-2.884225108222905343e-01,-2.475597786380489751e+01,8.050525461496560453e+00,1.068963031568857502e+01,7.094785905199693765e+00,2.819984439257534059e-01,-1.201671568936025025e+01
-8.038012834836761655e+00,-1.426741521996562234e+01,1.201050989984108597e+01,-1.892704479404014428e+00,-2.290590327014793814e+01,7.678824829189374590e+00,8.597513301843934030e+00,6.154793525240680907e+00,-4.314671053617536445e-01,-1.122378512204576495e+01
-6.267905796274331642e+00,-1.147545047858843148e+01,9.498115769931523289e+00,-8.494767019462388102e-01,-1.850176751345161108e+01,6.112301717574096571e+00,7.499733115097962255e+00,5.103176559804234458e+00,-7.432057237582645470e-02,-9.010198544506245355e+00
-7.048074771716393627e+00,-1.327879566792194410e+01,1.078931898139023815e+01,-5.158743152994240688e-01,-2.142379252667167222e+01,6.989814906152334473e+00,9.013745301420973632e+00,6.161833347362611235e+00,1.763454640259836392e-01,-1.044025367179992259e+01
-8.311893739850594542e+00,-1.547567358050683062e+01,1.266604872761902989e+01,-9.002856049866706512e-01,-2.494593066363995959e+01,8.183300644645736810e+00,1.025803112410426365e+01,7.089396055449444844e+00,6.976618086023117504e-02,-1.217401574685548837e+01
-8.537165402492050248e+00,-1.570708734865388578e+01,1.297187263416918590e+01,-1.099729390721440048e+00,-2.533565799092848891e+01,8.354699291107893444e+00,1.030202053381540139e+01,7.047625579967397691e+00,-6.067361179205482680e-02,-1.234758265227040397e+01
-8.035273085646970515e+00,-1.471163554004895424e+01,1.218237904934067650e+01,-1.142094313643245096e+00,-2.371793519960001007e+01,7.838243323035811727e+00,9.557313147266269127e+00,6.562126890128287648e+00,-1.075345686218396879e-01,-1.156435640178047386e+01
-6.688827696562025693e+00,-1.237144274704388458e+01,1.013938629285938831e+01,-8.959360629753663208e-01,-1.989801701194625849e+01,6.545817421156137961e+00,8.032579665840351879e+00,5.648161577423505442e+00,2.982997045400559433e-03,-9.731456283485540482e+00
-4.685606396536669216e+00,-8.568602984702804903e+00,7.052309283727655753e+00,-7.564151995453449739e-01,-1.375279024153550544e+01,4.544884523374033591e+00,5.451408201777646845e+00,3.856894303012523118e+00,-5.557372970960375302e-02,-6.730029560466206817e+00
-6.230240976764762628e+00,-1.105020002809377466e+01,9.312032901861732270e+00,-1.350600443708493081e+00,-1.776362400295179711e+01,5.952468629672671874e+00,6.794198606016268904e+00,4.710646784542930732e+00,-3.215692343113696894e-01,-8.669691059379221798e+00
-7.366466692223091250e+00,-1.355887399571073182e+01,1.118041049380579821e+01,-9.718533912509561556e-01,-2.185193256786861937e+01,7.204092060721905000e+00,8.859665287570191339e+00,6.102453582925302378e+00,-4.535743146822196481e-02,-1.065884720232832450e+01
-8.502813321819576942e+00,-1.543874731467627726e+01,1.286368186889997745e+01,-1.328292599685848341e+00,-2.489978715176107116e+01,8.258929318804865360e+00,9.952571616622989836e+00,6.783914487639011170e+00,-2.034125334723131950e-01,-1.212918589910813694e+01
-1.013124408868754500e+01,-1.820935489194290824e+01,1.528586048171475653e+01,-1.809685911986071982e+00,-2.937287553927365380e+01,9.788398745223314990e+00,1.156520995956795339e+01,7.873441517226857478e+00,-3.801324655203617287e-01,-1.430609906712657775e+01
-9.968649087444539703e+00,-1.833860181910424814e+01,1.513483580939008455e+01,-1.352697298178345164e+00,-2.955908456810377061e+01,9.749212912225786454e+00,1.194786786239252763e+01,8.255228148808894773e+00,-7.715539624797695950e-02,-1.442440384636001838e+01
-8.993168417064993037e+00,-1.676504371777945579e+01,1.373775762649226451e+01,-8.329689965501838600e-01,-2.706987141022257504e+01,8.873864672673173359e+00,1.127197229284096025e+01,7.642329431999025147e+00,9.435307665765951812e-02,-1.317758960405737056e+01
-9.734770764183759084e+00,-1.775397269859445615e+01,1.472554687516452887e+01,-1.569790056932312439e+00,-2.859147436994902947e+01,9.467700818097679161e+00,1.134899639190224896e+01,7.915845120351177044e+00,-1.886848307496091226e-01,-1.396848426022611633e+01
-8.196170360154118484e+00,-1.483831535278687319e+01,1.236547923374715197e+01,-1.418445307064140959e+00,-2.389523771910464589e+01,7.937055452289353497e+00,9.420718905741157556e+00,6.528817692662777894e+00,-2.289471952177257741e-01,-1.166391569213138801e+01
-8.323728062750365808e+00,-1.518722115212371193e+01,1.260570239587404906e+01,-1.235465820257161562e+00,-2.448522914947998430e+01,8.103910808683725264e+00,9.829822251323276916e+00,6.734495931922217515e+00,-1.469557521513995546e-01,-1.193498037190562933e+01
-8.812707908509452182e+00,-1.603247898760671930e+01,1.332273956488062083e+01,-1.422056572777535832e+00,-2.582766607767914380e+01,8.560472753823869851e+00,1.026487084667776095e+01,7.102408471305085236e+00,-1.926267711306116626e-01,-1.260503421929929146e+01
-8.813717025131108329e+00,-1.608623008201275084e+01,1.336363897511938781e+01,-1.254621183300243192e+00,-2.595640647599922346e+01,8.589412230200137444e+00,1.047499942029390674e+01,7.114637654647295584e+00,-1.521728568965210471e-01,-1.263831752469017999e+01
-8.282040965175921698e+00,-1.514341591548380705e+01,1.255551655185254845e+01,-1.188425482193293359e+00,-2.441995363630771010e+01,8.075009475340786835e+00,9.835284375693676751e+00,6.735173039435947473e+00,-1.253683976841035719e-01,-1.190265995140278221e+01
-9.869893242414766732e+00,-1.794311562983058650e+01,1.491345635613617659e+01,-1.667380245858955723e+00,-2.889268361437730448e+01,9.581296034612170942e+00,1.140817644476278936e+01,7.964369735327740507e+00,-2.325915971435888463e-01,-1.411702653492372939e+01
-9.242143006537485661e+00,-1.664427094944252516e+01,1.395224922934066036e+01,-1.596873900034986082e+00,-2.684996559164925145e+01,8.938966248817264315e+00,1.061786739378261757e+01,7.214075510312051520e+00,-3.203235581271416388e-01,-1.307392874660661164e+01
-8.105568904676269781e+00,-1.478407978434156611e+01,1.226326525337056950e+01,-1.224743443127024101e+00,-2.382201036832881158e+01,7.885012646823740035e+00,9.542804229357914281e+00,6.560793992086250803e+00,-1.433163750692984517e-01,-1.161659970554979360e+01
-7.260451991904776747e+00,-1.328934541723791618e+01,1.098187552048008264e+01,-1.103561100152020247e+00,-2.138989086271633511e+01,7.069562743226354584e+00,8.545498852064925543e+00,5.957123596571669566e+00,-9.719935325005801818e-02,-1.044905116406590473e+01
-8.012094898295448075e+00,-1.436562777518719258e+01,1.206562939434265758e+01,-1.484749103212115839e+00,-2.315648319009340739e+01,7.724220128354685855e+00,9.073123473562237251e+00,6.195075074503852086e+00,-3.197284838179353383e-01,-1.128209434656569243e+01
-7.368720412502617556e+00,-1.355792518447505657e+01,1.118566758838261777e+01,-9.291248862837990785e-01,-2.186056670981687944e+01,7.206567347212915919e+00,8.910579972787100900e+00,6.078714266997683247e+00,-4.239445376099104656e-02,-1.064959374141194814e+01
-9.649473856614172007e+00,-1.729109175671993981e+01,1.450389831479546388e+01,-1.962454034971203853e+00,-2.782358677443775363e+01,9.287253363361838154e+00,1.072065271193697100e+01,7.518269166102856005e+00,-4.061020441389134872e-01,-1.360102050278008257e+01
-7.748697429446708362e+00,-1.439174273387231118e+01,1.183891536042073866e+01,-6.818941222226855281e-01,-2.326796103910399083e+01,7.638038549384880582e+00,9.746224242027178519e+00,6.482135906675312143e+00,5.110562591806938615e-02,-1.129816531738867802e+01
-4.138274230828614897e+00,-7.844003282115084019e+00,6.308188700140976657e+00,-2.870813882701135356e-01,-1.260998440372758722e+01,4.100118341501542751e+00,5.306243344708684972e+00,3.696236975381971490e+00,1.526018144184592695e-01,-6.159600293746905209e+00
-4.833908342380576428e+00,-8.997891856148195089e+00,7.335888592710102074e+00,-5.485860384310476956e-01,-1.447048398126665347e+01,4.744826259555494197e+00,5.926174792368865241e+00,4.136016165662740995e+00,5.201782378320457534e-02,-7.070009588882277818e+00
-5.926348861523803357e+00,-1.133607960965344041e+01,9.104031506395505957e+00,-2.570311950850947547e-01,-1.827439867946028329e+01,5.922259293008223402e+00,7.810798164298094370e+00,5.387000654357940732e+00,2.726591279477664220e-01,-8.916133414048383443e+00
-7.824770553745997503e+00,-1.429517546963768737e+01,1.183166477763847624e+01,-1.239318251041162000e+00,-2.300930854342815479e+01,7.612343427336543122e+00,9.148856621616689111e+00,6.395716419557457399e+00,-1.289809387396054774e-01,-1.124428560195623916e+01
-7.171385964595064166e+00,-1.331311559422260693e+01,1.094345957400868308e+01,-6.684489875081131016e-01,-2.150777362534422821e+01,7.061524748060647561e+00,8.972454681826732781e+00,6.006296729352552433e+00,4.432088175787851636e-02,-1.045217339114391564e+01
-8.473658150705494663e+00,-1.509237269672516391e+01,1.268931195539835954e+01,-1.863496958901130984e+00,-2.425597844914617340e+01,8.117433029542922895e+00,9.228028120862557415e+00,6.516030025884223420e+00,-4.141130700309390567e-01,-1.186593618169303888e+01
-9.756668305493738202e+00,-1.750157007794647868e+01,1.469855634134622058e+01,-1.830740054764146141e+00,-2.821069672930093475e+01,9.409903648730178816e+00,1.102646216033020465e+01,7.564636691454711404e+00,-3.912742864637727136e-01,-1.375302798945534022e+01
-9.448378198207112888e+00,-1.709599566357007561e+01,1.427501116758181077e+01,-1.600414432302986079e+00,-2.756068308694379354e+01,9.157574194234546994e+00,1.090528106229172955e+01,7.492657341494671996e+00,-2.756555034129401505e-01,-1.343899985180657808e+01
-8.129014864374065397e+00,-1.536221885895271377e+01,1.247382332438393959e+01,-4.984273165507676628e-01,-2.480939296430547714e+01,8.084053112616629733e+00,1.052136396231034787e+01,7.139864013375554208e+00,2.338473940588593203e-01,-1.207863653962625783e+01
-8.932146876238642008e+00,-1.605441787060983572e+01,1.346311211682822417e+01,-1.626705805552132400e+00,-2.587836556560223755e+01,8.623534916539576045e+00,1.015643743825962275e+01,6.957288897670791172e+00,-3.326080480063176581e-01,-1.261354482255692666e+01
-8.363318286753457897e+00,-1.487417106863038896e+01,1.255313819101543160e+01,-1.740261301765708257e+00,-2.395826472808674978e+01,8.021942590541815576e+00,9.226706621650775375e+00,6.350078765131241809e+00,-4.225311397358408882e-01,-1.168392720004058916e+01
-6.043737648414836627e+00,-1.155387957178147929e+01,9.278980896930086431e+00,-2.711800779816770923e-01,-1.862156821603759127e+01,6.035904649671400612e+00,7.952505724865925885e+00,5.487332464283984024e+00,2.751325522870384233e-01,-9.085967214844067996e+00
-5.666480865335761230e+00,-1.085482052296313071e+01,8.686996946166809508e+00,-2.926120048245959282e-01,-1.746691551115493368e+01,5.656838484701029124e+00,7.411238794840573796e+00,5.199311545744471630e+00,2.732112712656434850e-01,-8.541632589962418365e+00
-8.262897590806986159e+00,-1.533783553218017026e+01,1.260858297924211158e+01,-8.108305005028696444e-01,-2.477315833072823992e+01,8.135516960445714929e+00,1.029219933116642594e+01,6.933805786180426978e+00,4.334998648035909286e-02,-1.204941447431771273e+01
-9.874671090976827159e+00,-1.794669503923579512e+01,1.493738592957651079e+01,-1.598718858572607315e+00,-2.892761313033837567e+01,9.593152668273640771e+00,1.149703990674679410e+01,7.928859134151927890e+00,-2.336555651477988937e-01,-1.411241095611002905e+01
-8.044324195194420213e+00,-1.484764168371880722e+01,1.222183754661115351e+01,-1.009768516909458569e+00,-2.393174056010133910e+01,7.880124876276142665e+00,9.742564411991022411e+00,6.708928427795184390e+00,-2.085601557843624887e-02,-1.167309402329444445e+01
-7.566855929030412042e+00,-1.420814595066232755e+01,1.156751012585326421e+01,-6.387721985014360726e-01,-2.291526109335207195e+01,7.488235378003397003e+00,9.570023633239262750e+00,6.572737126389776918e+00,1.522544438326346172e-01,-1.117401849932738855e+01
-9.264155515439099986e+00,-1.659230365564145870e+01,1.393720610851270436e+01,-1.825226079151330616e+00,-2.672381513286664045e+01,8.921065063679584739e+00,1.036203836091231523e+01,7.178473961918908408e+00,-3.923630468566010054e-01,-1.304376183396012756e+01
-8.222332739785795042e+00,-1.500527221450562720e+01,1.245274636629112486e+01,-1.215681039578724532e+00,-2.419187458407120062e+01,8.006021312672048751e+00,9.715996828980365763e+00,6.655524422203121127e+00,-1.426873351142320945e-01,-1.179175547529477264e+01
-8.847132103946947268e+00,-1.647796687309248398e+01,1.352386159165745738e+01,-7.946365152962321377e-01,-2.662563249545831567e+01,8.731583408989404660e+00,1.111821973165043431e+01,7.481917857622371493e+00,8.209566471117857311e-02,-1.294875786205899182e+01
-8.358722311873728827e+00,-1.481039093155306041e+01,1.249654766612936818e+01,-1.927569252892352702e+00,-2.380142099771965647e+01,7.984108163296650851e+00,8.985233279205054657e+00,6.339510954951210309e+00,-4.628786633578034770e-01,-1.164194212044889198e+01
-6.413994504499651583e+00,-1.179027191047457634e+01,9.748976977933621058e+00,-7.257584822779116207e-01,-1.903981133089868649e+01,6.277278410489803839e+00,7.852261155385982683e+00,5.237671412031041918e+00,-3.707903600237283381e-02,-9.248372640552016577e+00
-7.332479063063193969e+00,-1.316513058293620198e+01,1.099778159571689962e+01,-1.538396172049139032e+00,-2.114264572229884820e+01,7.050647751610398473e+00,8.088231012319070601e+00,5.779642397899281470e+00,-2.862800446752456485e-01,-1.035871004810714702e+01
-5.852536636893529653e+00,-1.094755803726389942e+01,8.929153001766104936e+00,-5.263463934868560790e-01,-1.765155131156949508e+01,5.776359496529694937e+00,7.353807983964794737e+00,5.031479539944117008e+00,9.488584533134747367e-02,-8.602563684747780215e+00
-6.863972356380594775e+00,-1.266104213841458659e+01,1.040924883463336492e+01,-9.119585637414400203e-01,-2.038382330529152853e+01,6.713387446600042274e+00,8.248458063612249092e+00,5.735386645898373104e+00,-2.072768473715269621e-02,-9.954647912194321435e+00
-5.780249791616042465e+00,-1.062601128489817803e+01,8.721047732798004049e+00,-8.638973612047570194e-01,-1.706326161895903581e+01,5.626276194633666350e+00,6.817485498733671712e+00,4.818008196152089084e+00,-3.216231726483925746e-02,-8.349392142345630319e+00
-9.159772307895682530e+00,-1.706542138171002421e+01,1.401494909620212681e+01,-7.580484682393660023e-01,-2.759534979281576739e+01,9.047473230456203552e+00,1.158908617534196317e+01,7.726596950226396032e+00,9.197639381080419119e-02,-1.340390804100396949e+01
-1.068918307038583926e+01,-1.932968377405341442e+01,1.614378863066870196e+01,-1.861662824055340115e+00,-3.115322061995675540e+01,1.035519536158161635e+01,1.227657303951527723e+01,8.478978696104123358e+00,-3.247845339027726208e-01,-1.520085686980564788e+01
-7.622042788294579374e+00,-1.405076123297840773e+01,1.157760307495226648e+01,-9.587422169844674880e-01,-2.265173202609685177e+01,7.462258658308028814e+00,9.225689602240812803e+00,6.329269964221473366e+00,-3.007306640114515428e-02,-1.104331091973410572e+01
-5.542526687971532695e+00,-1.062680956531742105e+01,8.501093204413765037e+00,-2.635883692596575623e-01,-1.710346855944781197e+01,5.536743624730932289e+00,7.277191734381703192e+00,5.091410343677416961e+00,2.749731264864245239e-01,-8.360840532861999463e+00
-8.114201057365734826e+00,-1.460278154921591032e+01,1.222999085556376464e+01,-1.457478054903121656e+00,-2.353318558044128395e+01,7.837040900274939936e+00,9.251346591737284797e+00,6.342963584855741743e+00,-2.863526184162751287e-01,-1.147160245838280268e+01
-8.648640919329686483e+00,-1.561686127443472927e+01,1.305258549889460440e+01,-1.508700721925314792e+00,-2.516907949411672618e+01,8.370230323304490128e+00,9.923866454965679651e+00,6.825747134434466012e+00,-2.728726394007070510e-01,-1.227425790297067287e+01
-6.246373837511915106e+00,-1.160371163825989171e+01,9.502930903025848863e+00,-6.760233983459142948e-01,-1.869979750378152872e+01,6.138182227567495985e+00,7.700336878971338450e+00,5.287710445014011107e+00,4.413160787586534184e-02,-9.117567018318638361e+00
-5.914436148755521927e+00,-1.096329737751279154e+01,8.982173065862454564e+00,-6.968300361350826533e-01,-1.765363088278896342e+01,5.800362488663570737e+00,7.218702448413361950e+00,4.993152557727349894e+00,2.538682810636105902e-02,-8.615450124971930634e+00
-8.334917703943462541e+00,-1.495182978727592094e+01,1.253101126271157462e+01,-1.654841415604726418e+00,-2.406130605236562303e+01,8.026479129619879416e+00,9.308457379679325072e+00,6.504644950399978143e+00,-3.348489167459843818e-01,-1.175662210944504338e+01
-7.866992552904479297e+00,-1.433665091836491357e+01,1.192412696065485100e+01,-1.131388620059526673e+00,-2.313677850757138899e+01,7.661153079098464325e+00,9.332626641821631708e+00,6.320018776785860659e+00,-1.497508006111051282e-01,-1.126113439097303370e+01
-6.379792645621721547e+00,-1.149564865675772296e+01,9.576304990413902374e+00,-1.240183319432868858e+00,-1.846591370721382219e+01,6.145668437612092028e+00,7.155475642467745701e+00,5.056496600117560192e+00,-2.094844454967261238e-01,-9.034691784466412301e+00
-5.780061979599547151e+00,-1.106928419121476992e+01,8.892624137156246888e+00,-1.719502778150260869e-01,-1.786360811008017180e+01,5.784914557290183446e+00,7.712776121093733117e+00,5.241807450424411208e+00,2.804162991353564283e-01,-8.698210327466716407e+00
-7.808500986385296549e+00,-1.452506088464371103e+01,1.191520074926876482e+01,-7.513168919329341611e-01,-2.344935265841503025e+01,7.693472483148632968e+00,9.746848993181268739e+00,6.597413191055554904e+00,6.370642287851513430e-02,-1.141242073763632270e+01
-7.730498629472231542e+00,-1.416063391257712034e+01,1.168886661405809413e+01,-1.204038801503142686e+00,-2.277944469685396101e+01,7.527099277145761214e+00,9.066153862444725320e+00,6.373082691752029127e+00,-9.901822119117897891e-02,-1.113978618710674162e+01
-7.701181669982739564e+00,-1.458331837857703839e+01,1.182144620960084325e+01,-4.412481133037207126e-01,-2.354743611716074270e+01,7.665742456972980179e+00,1.000760193168598988e+01,6.800037404573737732e+00,2.439739174149226919e-01,-1.146614246821764738e+01
-6.227906030030375462e+00,-1.163437200849565123e+01,9.457200098487351880e+00,-7.200197222371615968e-01,-1.869698461571827863e+01,6.122788782616733982e+00,7.627843337619108155e+00,5.401456256198558847e+00,8.886055769570971874e-02,-9.152789299410489576e+00
-8.650273106559431824e+00,-1.549777160958719868e+01,1.297133996090242825e+01,-1.849382899298777083e+00,-2.489483461634329586e+01,8.310490357161405939e+00,9.497829952973690482e+00,6.777285475763454414e+00,-3.639188823003159379e-01,-1.219484977283477356e+01
-6.349577710175124068e+00,-1.210085615245385604e+01,9.804547204386880210e+00,-8.414506851620662253e-02,-1.960511496136030374e+01,6.361795100800952341e+00,8.595715000519030369e+00,5.611542964841254033e+00,2.668332219730860655e-01,-9.494573295275229086e+00
-7.632286364187680583e+00,-1.413920803280191407e+01,1.157146492985618202e+01,-1.061967325193782452e+00,-2.272798842308953837e+01,7.473579959586898802e+00,9.124804143551967783e+00,6.497480000278097911e+00,1.049154462531332044e-02,-1.113399837790240277e+01
-8.585382418790874937e+00,-1.582651330429123071e+01,1.307164645634704314e+01,-9.939690208967395524e-01,-2.555828455801311350e+01,8.419980104111337127e+00,1.049937275526093572e+01,7.088446851099929447e+00,-3.670134509695571756e-02,-1.243497941178044641e+01
-8.516533619874078198e+00,-1.544077294305406944e+01,1.286702983383373855e+01,-1.381873746421653282e+00,-2.488765158212212469e+01,8.260068200673524430e+00,9.901629117675401659e+00,6.781097777541286398e+00,-2.177088850647502238e-01,-1.213024014086325231e+01
-9.424085148248806831e+00,-1.700223667682025308e+01,1.420533977861164843e+01,-1.720083856550158607e+00,-2.737933679126497921e+01,9.109654969128321511e+00,1.071999866575031568e+01,7.446920758114178085e+00,-3.101667544759054151e-01,-1.336859669241975546e+01
-9.251159913997646811e+00,-1.691419456520819509e+01,1.404896780102870402e+01,-1.249368870978269985e+00,-2.731198081401566924e+01,9.031282520216063148e+00,1.108249424469932798e+01,7.485222576713800535e+00,-1.412512142715331986e-01,-1.328911629748890988e+01
-6.875703596886456381e+00,-1.262793895495568997e+01,1.040473658367344711e+01,-9.879060360198250734e-01,-2.032026955341650165e+01,6.704844124948462714e+00,8.163951453864219943e+00,5.688845082460435520e+00,-5.682869675786039743e-02,-9.925934027694697903e+00
-4.324232768732817256e+00,-7.946188129407598666e+00,6.505715585489884489e+00,-7.111188819837224173e-01,-1.273310867068085805e+01,4.199613139336026535e+00,5.020297771100827866e+00,3.628658346024581594e+00,-2.672325327302499387e-02,-6.248242616359596546e+00
-5.758191046860753559e+00,-1.092306911525996682e+01,8.810753026103078867e+00,-3.793372865483610745e-01,-1.759321874763455895e+01,5.721802385082216169e+00,7.419348803137907566e+00,5.141721864803701081e+00,2.025144754864930952e-01,-8.588879163234066638e+00
-6.500034666001867301e+00,-1.240272555307788060e+01,1.000452050496084588e+01,-2.225321945878502294e-01,-2.003507807142802122e+01,6.499449623694904865e+00,8.636589942581897716e+00,5.830136013784906091e+00,2.781218253144579489e-01,-9.746984902869860079e+00
-5.673888828123953232e+00,-1.024865030115590336e+01,8.508683767632252426e+00,-1.107845044721559535e+00,-1.644340343612018884e+01,5.466248869821873413e+00,6.358488459470694742e+00,4.542026097066248269e+00,-1.661653200101985139e-01,-8.055842490866734096e+00
-6.131622167175049043e+00,-1.134286443225395935e+01,9.312486551681029567e+00,-7.302428541616925450e-01,-1.827395744831780888e+01,6.009587386276806775e+00,7.472247904197184099e+00,5.141396647050660462e+00,9.571385602101800671e-03,-8.912125438902888774e+00
-6.765375634893664447e+00,-1.253189736196063286e+01,1.029288784245247079e+01,-7.697275268547021376e-01,-2.020592896252987103e+01,6.641952920975613850e+00,8.293650403570715923e+00,5.682172790910817284e+00,1.751693579550067659e-02,-9.849246302844274936e+00
-6.247614734872755982e+00,-1.189486269893379600e+01,9.580633977686645153e+00,-3.559251209877253297e-01,-1.916948215608739403e+01,6.225482606292401577e+00,8.125651109299358410e+00,5.623902819857288904e+00,2.458482391779672760e-01,-9.357203400467255960e+00
-4.798540447662187347e+00,-9.069121214114447938e+00,7.327069920834356154e+00,-3.474281206557042756e-01,-1.460124557982971183e+01,4.755315485144054222e+00,6.137806391606281053e+00,4.245131650422611536e+00,1.500480863166086531e-01,-7.125935962454497563e+00
-6.626753590057171905e+00,-1.193510798315991472e+01,9.949818993701015302e+00,-1.324551022876229389e+00,-1.917187988789541109e+01,6.383639732236132680e+00,7.392089813171109469e+00,5.256592223056128610e+00,-2.290645878381856182e-01,-9.387686031652767937e+00
-8.353099340335955247e+00,-1.520918748594711367e+01,1.264758216472157848e+01,-1.269879588898763512e+00,-2.452716724396664816e+01,8.125707692094060519e+00,9.825835210359258554e+00,6.718297675962016768e+00,-1.719393103666050360e-01,-1.195248706557581464e+01
-9.403695805964304100e+00,-1.698927657826168414e+01,1.420548448308463385e+01,-1.585781157000465402e+00,-2.739858247373986089e+01,9.108981656548218453e+00,1.085755097348895148e+01,7.412179979333197721e+00,-2.890046036169252042e-01,-1.334907398328010508e+01
-8.956814383639933652e+00,-1.594752852092179474e+01,1.343708091415528827e+01,-1.906307226060769189e+00,-2.566649379093914263e+01,8.590825762319605374e+00,9.833558012622438227e+00,6.848332947556088790e+00,-4.441764806914839658e-01,-1.253520394469521193e+01
-7.819508880349586022e+00,-1.439104975312081081e+01,1.188474419660035153e+01,-9.589383767950319104e-01,-2.322130073791897686e+01,7.654979636516195285e+00,9.491926749897213966e+00,6.442760634032247857e+00,-4.632200075126186034e-02,-1.130546649659859071e+01
-7.111477749457959519e+00,-1.314005534502733852e+01,1.085831810379870355e+01,-6.434162596806591861e-01,-2.126391812025912031e+01,6.994961173798246890e+00,8.913681961005600840e+00,5.844872704423636378e+00,3.049557494051724493e-03,-1.030603194928706756e+01
-8.401801198754924371e+00,-1.517606361334297205e+01,1.261760364247489186e+01,-1.719992950607596160e+00,-2.435640549947160238e+01,8.101978775433611446e+00,9.333248541715450486e+00,6.752592291523167312e+00,-2.699391250576007040e-01,-1.195248281348866470e+01
-6.997572001377077022e+00,-1.301661765949769212e+01,1.068369609293755929e+01,-6.427687363160635714e-01,-2.102450491765822349e+01,6.897398620186963925e+00,8.770993922632301931e+00,5.899024315666606455e+00,5.896920777012076842e-02,-1.022368234666725684e+01
-9.166428581353518013e+00,-1.637731826585148198e+01,1.378155133656778908e+01,-1.827546913306377530e+00,-2.638258285708325701e+01,8.816055643779138862e+00,1.022023994998790286e+01,7.047112240779164871e+00,-4.132862259382302228e-01,-1.286954332970335457e+01
-9.339500678640339615e+00,-1.668414512113202264e+01,1.404246983761717793e+01,-1.861781416962420277e+00,-2.687863723171739849e+01,8.982427256550204575e+00,1.041346926619053548e+01,7.175941365089008706e+00,-4.230197391003684970e-01,-1.311054941328313461e+01
-7.268664392792794970e+00,-1.313930873939195187e+01,1.096337439361579413e+01,-1.245951587365580870e+00,-2.116645978690655738e+01,7.034301940393819841e+00,8.364467517435864252e+00,5.753159538852172794e+00,-2.124568084925890221e-01,-1.032192019479621514e+01
-8.144493678942433590e+00,-1.495898368317594951e+01,1.235296759998279370e+01,-1.135810872166532315e+00,-2.410476537923684504e+01,7.955305483965766200e+00,9.719573006846594865e+00,6.719981915570595987e+00,-7.694743518787605652e-02,-1.176349381014464512e+01
-6.521111946578454166e+00,-1.208219553426545545e+01,9.919680551754915143e+00,-7.396058124708035919e-01,-1.947837947821957982e+01,6.401915533772044142e+00,7.996583080428355750e+00,5.481041397478400690e+00,1.999982042392572934e-02,-9.495076084335142497e+00
-4.389252142415891456e+00,-8.247740864211095868e+00,6.676606452881641118e+00,-4.084677124272672044e-01,-1.326004703287140174e+01,4.329305185136552048e+00,5.497143142880872801e+00,3.845200894522694313e+00,1.047559479636801794e-01,-6.480714033123798679e+00
-5.711799124914486825e+00,-1.034695099501618110e+01,8.598849462199110505e+00,-9.420165502897135390e-01,-1.664742801856471743e+01,5.524245325806436568e+00,6.611146109221738065e+00,4.546485377934786243e+00,-1.369163598544428928e-01,-8.117223198933384509e+00
-8.327250865284588244e+00,-1.517664749901210897e+01,1.257042149558959920e+01,-1.420291334271357897e+00,-2.440758997713413336e+01,8.084661690951634228e+00,9.610340528814669270e+00,6.790430733448648226e+00,-1.666929619150757103e-01,-1.194351767872547931e+01
-6.759462084820984096e+00,-1.294533003415567407e+01,1.043069138683370056e+01,-1.083970968458112805e-01,-2.093621357767055713e+01,6.780074242231674653e+00,9.135124742389468366e+00,6.087353013591313200e+00,3.263197907840783563e-01,-1.016735174987092805e+01
-6.773805854071248689e+00,-1.223011210028127316e+01,1.018369762658670297e+01,-1.285699583857000006e+00,-1.965621188079748549e+01,6.536882358892463607e+00,7.641268945927685685e+00,5.393473819139776637e+00,-2.100627392809537586e-01,-9.616119303102367510e+00
-6.702574170850000179e+00,-1.214380715419160239e+01,1.010782483222559236e+01,-1.153469442557113034e+00,-1.954858064394749917e+01,6.490402804584440410e+00,7.710864078713823844e+00,5.353216532473741296e+00,-1.774383107230081968e-01,-9.544122249524846779e+00
-5.400627331010757537e+00,-9.867170278620744028e+00,8.151903971919097103e+00,-8.375936074999736913e-01,-1.586965892828436964e+01,5.247777000294744809e+00,6.329195003781700635e+00,4.411823829596071889e+00,-7.741041915204699420e-02,-7.751805918962451969e+00
-5.749239700917371465e+00,-1.065988427238500869e+01,8.714627441628289617e+00,-7.562471395315785161e-01,-1.713558001843179213e+01,5.630694497246356178e+00,6.922919128666217503e+00,4.892902115559111920e+00,2.247597824666108801e-02,-8.386003032953523117e+00
-5.285646986060529073e+00,-9.895836982157387496e+00,8.060968354780882805e+00,-4.524608130036271714e-01,-1.595197005096971310e+01,5.217003343552073069e+00,6.667035310830117467e+00,4.550312857946640754e+00,9.719759120150375797e-02,-7.771443741094207880e+00
-6.250021718538135929e+00,-1.153882635532670342e+01,9.477941512914584976e+00,-8.100211542032780265e-01,-1.857539253138865121e+01,6.114692328730364501e+00,7.534697773548455935e+00,5.231458646252267641e+00,-8.498799200592932479e-03,-9.069655584487591682e+00
-8.888188697615113654e+00,-1.642387738863309821e+01,1.354610703539965932e+01,-9.615568947762951346e-01,-2.652954480980038454e+01,8.730224520377182884e+00,1.095524249830478958e+01,7.373801901386078939e+00,-8.313425574456023703e-03,-1.290236738434329311e+01
-8.980823904920551826e+00,-1.634151772032378602e+01,1.357263902887003759e+01,-1.470726498640973379e+00,-2.631673879587522435e+01,8.722235893619313174e+00,1.043539758130468442e+01,7.252552651873526379e+00,-1.954754459976853487e-01,-1.285094196323833593e+01
-8.554350041731069609e+00,-1.562725318091005455e+01,1.296593083566276050e+01,-1.227028203503828241e+00,-2.520377498870233168e+01,8.337019325571393580e+00,1.015649336680257164e+01,6.933738827259722015e+00,-1.372945256857172058e-01,-1.227978372475178759e+01
-8.310747092494359833e+00,-1.490339660510319320e+01,1.247007695453211973e+01,-1.734468279697473747e+00,-2.394829706361177202e+01,7.990556164482303991e+00,9.177137373960309930e+00,6.515971978478961368e+00,-3.377018457939959806e-01,-1.172410647131024319e+01
-6.729427939501943179e+00,-1.286088865892515010e+01,1.037285666924549332e+01,-1.739421253075490448e-01,-2.079008381667236094e+01,6.739656603924347955e+00,9.012883036344248922e+00,6.044183473164530973e+00,3.023835724669945990e-01,-1.010531490767749396e+01
-6.513432427374587164e+00,-1.234586221460511268e+01,9.975462014853128778e+00,-4.368372413889684558e-01,-1.989724863627907325e+01,6.474660756686733798e+00,8.385911111445510713e+00,5.800703632876643034e+00,2.160888097975579014e-01,-9.711602792432032061e+00
-5.247208832817453761e+00,-9.578686499469766247e+00,7.880107638114832724e+00,-9.523858345426157168e-01,-1.534820486723295474e+01,5.078035105701310670e+00,5.978220920474680788e+00,4.336260336525933567e+00,-8.147851251602272749e-02,-7.534388438358261553e+00
-7.159945707624872924e+00,-1.369099803537301341e+01,1.103944638755183938e+01,-1.822474745211142833e-01,-2.213229236931404031e+01,7.173456174964341514e+00,9.594694885894316627e+00,6.441186043909401526e+00,3.253366152721618443e-01,-1.075934414620096113e+01
-6.334633527671031494e+00,-1.205720717396455299e+01,9.692438510275271923e+00,-4.378692143364921741e-01,-1.939940597227431951e+01,6.301240556619483790e+00,8.144154707816248617e+00,5.731723613270591322e+00,2.461880837004286893e-01,-9.490517008517329600e+00
-6.898540890410868265e+00,-1.288004284434268776e+01,1.052594756327954784e+01,-6.536639358600446759e-01,-2.077393269677011745e+01,6.804803089302845720e+00,8.628152941083596872e+00,5.903583304853859737e+00,8.975638403698044110e-02,-1.012457451023623811e+01
-6.153493457113878407e+00,-1.114035224157676396e+01,9.275671772842040141e+00,-1.060900748265063864e+00,-1.793242223964177029e+01,5.955349130160669802e+00,7.074393515339203908e+00,4.902123953966601277e+00,-1.665657226763582743e-01,-8.752855357583788631e+00
-5.326766461843166489e+00,-1.011252046536843707e+01,8.140066168600752050e+00,-3.944110483692991331e-01,-1.626738228662590657e+01,5.289338449228591976e+00,6.811845591008296452e+00,4.788839218584918456e+00,1.910464584179748515e-01,-7.956831707146149846e+00
-6.526762930088321646e+00,-1.226050185233508039e+01,9.958331613229143287e+00,-5.878725848737098580e-01,-1.974687494273798194e+01,6.450878944685705996e+00,8.206818163704163283e+00,5.696895089916215404e+00,1.394022671620459841e-01,-9.642233823501896950e+00
-8.629833573289610982e+00,-1.567192699746200368e+01,1.307857964565120490e+01,-1.272103044601082367e+00,-2.530888581901190548e+01,8.393615222660656627e+00,1.019516039833557564e+01,6.854588533183106236e+00,-2.046684883026231305e-01,-1.230731960279982751e+01
-9.557860877717619275e+00,-1.717438454925656544e+01,1.436946666800335670e+01,-1.909522034346048613e+00,-2.762396361762848684e+01,9.208916426319625259e+00,1.066457557007782775e+01,7.511211996273768676e+00,-3.670237700428991001e-01,-1.351069440169743530e+01
-6.000579335244172086e+00,-1.129966236806474278e+01,9.152039540998556433e+00,-5.123036175097550604e-01,-1.818809498070369557e+01,5.934158478334705222e+00,7.578987842806684583e+00,5.273051436817425497e+00,1.531011949984393827e-01,-8.883529932063773060e+00
-6.273885657764657786e+00,-1.196479619455281451e+01,9.652357377405287764e+00,-2.246758633409931538e-01,-1.932481298187482111e+01,6.270298449193749235e+00,8.322694641425609774e+00,5.621488673308833839e+00,2.648564890327017030e-01,-9.402115374439807383e+00
-7.038466010723161581e+00,-1.261161839860619160e+01,1.055287279989178373e+01,-1.471948798049822482e+00,-2.026112561169777848e+01,6.761808179248791184e+00,7.764499710787925224e+00,5.504594280101036574e+00,-2.886027125997081555e-01,-9.916855974948100894e+00
-5.839835571509121692e+00,-1.095579062878729815e+01,8.939960224262817334e+00,-3.957133550729057259e-01,-1.770054956870311713e+01,5.783931877879858519e+00,7.498162345103226656e+00,5.016013246373014489e+00,1.207477248640147771e-01,-8.600826462303260200e+00
-5.257843545861695667e+00,-9.731287164684072621e+00,7.956895142091203077e+00,-7.139722892315694125e-01,-1.563385079857533277e+01,5.140432591384413996e+00,6.299136299469365596e+00,4.457497306456180475e+00,1.254928822041567749e-02,-7.651909961047671516e+00
-5.093452967142353849e+00,-9.364112002353861541e+00,7.702434660592688331e+00,-7.128436751865363519e-01,-1.506155055271432808e+01,4.966232662204233428e+00,6.068277509196327912e+00,4.223704574393356559e+00,-2.961639457039988432e-02,-7.355823698906187147e+00
-8.001170011088408529e+00,-1.428733592280440412e+01,1.200328271304053729e+01,-1.677668781054529656e+00,-2.298049946037383862e+01,7.681410191003553045e+00,8.817884908186421455e+00,6.176152190629681904e+00,-3.652117488713420568e-01,-1.123120240192909414e+01
-8.164581511907368139e+00,-1.503962999103490361e+01,1.241950878013941306e+01,-9.831943181348309357e-01,-2.427519847683999998e+01,7.999905379525657168e+00,9.936586383624183227e+00,6.739985347020134299e+00,-4.224052684175721994e-02,-1.181775351234947991e+01
-7.725630798294216284e+00,-1.400892364691201664e+01,1.165347486805167776e+01,-1.308527846422410601e+00,-2.255197105653955703e+01,7.484477984923461946e+00,8.913869472767354196e+00,6.180535256010650791e+00,-1.949497095842687711e-01,-1.100868010452312440e+01
-7.041504607689843098e+00,-1.290739686063306557e+01,1.067796436252243808e+01,-9.260493586857531101e-01,-2.081561115340194235e+01,6.873004827191638633e+00,8.461840259685855514e+00,5.746077805270710215e+00,-7.268062956973053712e-02,-1.013442065133859415e+01
-8.562885270404189342e+00,-1.568388402271062354e+01,1.298514598779402185e+01,-1.217007383406510046e+00,-2.528565296041881183e+01,8.355280228890499927e+00,1.018681506775964607e+01,7.002654465826603669e+00,-1.120888702311483853e-01,-1.233071861319169571e+01
-8.618692466962546206e+00,-1.561376758722556701e+01,1.299979433777289728e+01,-1.531422661310977151e+00,-2.513066635210842392e+01,8.346303994539859161e+00,9.861925503781113989e+00,6.899023162759104544e+00,-2.388773887689963904e-01,-1.228158954959147486e+01
-8.956135113655104618e+00,-1.618022577358127734e+01,1.354617113314983889e+01,-1.430966879543099646e+00,-2.612250473954085095e+01,8.683564080968608323e+00,1.043581257037444310e+01,7.023854156176743579e+00,-2.714970168084406277e-01,-1.270468679830803715e+01
-9.514784440500235974e+00,-1.724094708373218410e+01,1.436574671231156586e+01,-1.635018298559247629e+00,-2.777065568244669436e+01,9.221645068620805574e+00,1.095538785908945378e+01,7.597619244461402133e+00,-2.598387283800722147e-01,-1.355711881417332698e+01
-7.120790114828741579e+00,-1.269704377141969687e+01,1.068244561506497092e+01,-1.413154803514451885e+00,-2.044153540851678130e+01,6.833628830674156163e+00,7.934745101012263824e+00,5.435335207322403051e+00,-3.232673083430372407e-01,-9.962502491673665972e+00
-7.749081481097514157e+00,-1.398330869187804559e+01,1.168170721968810000e+01,-1.368750127953054729e+00,-2.252426049530561158e+01,7.491910677290002596e+00,8.866552897876484707e+00,6.110234526563226964e+00,-2.459241600387844229e-01,-1.098673181284518741e+01
-5.766879839099722460e+00,-1.026290860072341182e+01,8.614363679656129591e+00,-1.306052466305301252e+00,-1.647030363145366749e+01,5.512945676793010286e+00,6.228835616025842015e+00,4.440352392696624406e+00,-2.816157745990298666e-01,-8.066025425969618468e+00
-5.907849447293743950e+00,-1.126715505537945816e+01,9.081022434462036941e+00,-2.358128066825362912e-01,-1.818600509315407976e+01,5.900648282675044598e+00,7.806986904876881184e+00,5.305546726601084728e+00,2.501792275311489622e-01,-8.855292011903985738e+00
-8.140261753871378403e+00,-1.496003560465845084e+01,1.235170971182361832e+01,-1.112398358571416779e+00,-2.411124528917688536e+01,7.955187908152776544e+00,9.743126687032347633e+00,6.720992223286887501e+00,-7.012736428460092375e-02,-1.176326721882898951e+01
-9.661490358573763260e+00,-1.742571069026152486e+01,1.456869592380535749e+01,-1.747695401365858325e+00,-2.807119941622118731e+01,9.340926597176409274e+00,1.100907797953607847e+01,7.619130646101584858e+00,-3.215946288735141989e-01,-1.370008380556801697e+01
-1.028108576664948970e+01,-1.880371417941002576e+01,1.564675595943876907e+01,-1.269734491317254133e+00,-3.041173391782011848e+01,1.005400902747679481e+01,1.246260713864596958e+01,8.275197143932524924e+00,-1.515446944825000752e-01,-1.476538268062652470e+01
-9.031810000590775545e+00,-1.616485640046694527e+01,1.357954060731436385e+01,-1.808729271912238756e+00,-2.602767337177023776e+01,8.691493346110295448e+00,1.006490399195318552e+01,6.993025085131191254e+00,-3.903624274997128940e-01,-1.270844369085535241e+01
-7.047202798731119877e+00,-1.295120291720862937e+01,1.066105741915192695e+01,-1.053437964296894958e+00,-2.082785525312903019e+01,6.871748919214401674e+00,8.321671271332849784e+00,5.861106896205525274e+00,-5.798323906092223146e-02,-1.018799887940465965e+01
-6.742492728108839373e+00,-1.218540851283536774e+01,1.018204605619472503e+01,-1.085982079081037277e+00,-1.965349033729285466e+01,6.530715066422859927e+00,7.841317311376235999e+00,5.302109516905346709e+00,-1.939246964617079572e-01,-9.563525940121214930e+00
-6.608733081925464603e+00,-1.189806496072104736e+01,9.928949320122326228e+00,-1.279747851473084452e+00,-1.912649952385290320e+01,6.368603139165034399e+00,7.419832571274268318e+00,5.217236575720404446e+00,-2.279148075353878422e-01,-9.352331057441080731e+00
-4.944521671616199043e+00,-9.289775421336649686e+00,7.543606977904472544e+00,-4.106678670958247568e-01,-1.496587845822991092e+01,4.887274582928927025e+00,6.256106146872900453e+00,4.304950325412479906e+00,1.128801598960723074e-01,-7.298989343555220444e+00
-5.083818145698657531e+00,-9.487445130214265276e+00,7.733326423623839041e+00,-5.282328488540450895e-01,-1.527307191970168887e+01,5.002900459572527048e+00,6.296983260239184865e+00,4.366940926607120410e+00,6.874608981559965359e-02,-7.456291275510358751e+00
-5.939527815018589507e+00,-1.107680796290539860e+01,9.036160416415514263e+00,-6.454024032814746903e-01,-1.783203488427767169e+01,5.844020160559346699e+00,7.324715907136840620e+00,5.100217150898020968e+00,6.984162761481443882e-02,-8.710392222060756140e+00
-5.677116892973090856e+00,-1.088017280189775349e+01,8.724037877518053818e+00,-2.077169755656423922e-01,-1.753900690421251340e+01,5.678340370651818070e+00,7.529168290862764401e+00,5.179218595381352763e+00,2.798530541679807859e-01,-8.554153136869951268e+00
-4.810672931323962231e+00,-8.993144123355438779e+00,7.297489871874825340e+00,-4.978535037434458910e-01,-1.445023167102720940e+01,4.727515969670101015e+00,5.955309665773976135e+00,4.161769223253996230e+00,8.710887930002508828e-02,-7.061018062056315436e+00
-7.507806865411683184e+00,-1.408714629481827885e+01,1.147748118677010609e+01,-5.926020830350308133e-01,-2.273052247410746673e+01,7.428475010650406496e+00,9.540246958275252709e+00,6.488615754613704212e+00,1.513301182532458267e-01,-1.106930571415556841e+01
-9.303306725061721849e+00,-1.672939825172327133e+01,1.401282521505686951e+01,-1.758741827535979851e+00,-2.694390632622380366e+01,8.978334741697219457e+00,1.050371115788971110e+01,7.286739285074951944e+00,-3.467721487261624658e-01,-1.315367452541540061e+01
-7.827655781181208638e+00,-1.478732397181152614e+01,1.201370683018034846e+01,-4.650812578658940488e-01,-2.388775175171269183e+01,7.784598321644092600e+00,1.014813298804056352e+01,6.859945799794917143e+00,2.228693329635260956e-01,-1.162386840518437481e+01
-1.000136042592552776e+01,-1.806724403170408522e+01,1.508491344231284081e+01,-1.814893461583487522e+00,-2.909554633735894313e+01,9.676044376511754308e+00,1.139499447820485756e+01,7.935684001081702910e+00,-3.172405215527575040e-01,-1.421133496837133769e+01
-9.536889093444969490e+00,-1.706053081655689496e+01,1.438486454142420001e+01,-1.731982849952586001e+00,-2.754571172748939034e+01,9.198264705067733971e+00,1.084295369769930950e+01,7.290452023533678272e+00,-4.132698411853628073e-01,-1.339559485891100721e+01
-7.689639050874804482e+00,-1.411054814900297316e+01,1.164721250581955125e+01,-1.112268878930705807e+00,-2.272119483564924280e+01,7.501301148933003482e+00,9.124520876170265637e+00,6.342399182755328546e+00,-7.901929900655318972e-02,-1.109557964339696845e+01
-6.638918783020926639e+00,-1.238658232433673767e+01,1.011639539050763403e+01,-6.779175532754355693e-01,-1.996106682348212047e+01,6.540772679631027486e+00,8.242629821057827044e+00,5.689112279914888326e+00,7.989254317633281977e-02,-9.739405249751658999e+00
-5.819929750715052919e+00,-1.112939134307286437e+01,8.940571467599919941e+00,-2.489906481581102837e-01,-1.794304354982880767e+01,5.815413562426894778e+00,7.673981612847848410e+00,5.283759415985939789e+00,2.662822117172967684e-01,-8.752441029410984896e+00
-7.038088525883702040e+00,-1.289350543700513363e+01,1.065431931297839796e+01,-1.042284286633895052e+00,-2.076094990437994880e+01,6.859140791823922889e+00,8.319243221105789843e+00,5.780400531227334326e+00,-8.716158600439605220e-02,-1.013771716660061273e+01
-9.024237699759419584e+00,-1.631989359513337590e+01,1.364008820207060779e+01,-1.493472206550095827e+00,-2.632422398406237463e+01,8.747936634943158651e+00,1.045611742888905482e+01,7.126965633801297884e+00,-2.663049237941898517e-01,-1.282318150467091833e+01
-6.525096377253158941e+00,-1.202212543410692724e+01,9.881819040358296391e+00,-8.557478335004431447e-01,-1.934877326450807189e+01,6.373519604508743441e+00,7.846951136444503483e+00,5.428130661692984305e+00,-1.920043608385030298e-02,-9.442311464674036259e+00
-8.932843367303032522e+00,-1.614258216809992419e+01,1.346608045810972243e+01,-1.590306059633141533e+00,-2.599066927856749842e+01,8.640186232889199403e+00,1.020998439821704906e+01,7.086814694295198613e+00,-2.703179776831418080e-01,-1.268908465278600239e+01
-9.428655927098745337e+00,-1.732769561635393174e+01,1.432151055855336708e+01,-1.257098365306425602e+00,-2.794695712584974956e+01,9.221235441983267833e+00,1.132583436818191736e+01,7.768887394418296566e+00,-8.437342256637242466e-02,-1.362505544583107131e+01
-7.060943974755146790e+00,-1.345000665777715021e+01,1.086516493954359142e+01,-2.563819418410844819e-01,-2.173186384793142878e+01,7.055058254761328307e+00,9.361526721070388746e+00,6.301562835622405601e+00,2.860169187389626222e-01,-1.056842985610534669e+01
-5.608351450194645871e+00,-1.047151803501747835e+01,8.516494156219438949e+00,-5.896427244999489226e-01,-1.683896854021930523e+01,5.513226733936309465e+00,6.934137470947816517e+00,4.832184034411283413e+00,8.643952493388668001e-02,-8.225546303574608586e+00
-4.317712459999513364e+00,-8.095411966299115747e+00,6.531339720900386503e+00,-5.287399009747143497e-01,-1.296728245740515462e+01,4.238215504455943083e+00,5.249578116958890206e+00,3.810817067335032782e+00,9.024289500612076020e-02,-6.368112194127175663e+00
-5.762396718054123568e+00,-9.619374635048332678e+00,5.687838827689128074e+00,1.293424380061591328e-01,-1.291027264809840247e+01,4.088453106302262441e+00,6.660496066671040438e+00,3.500357405690438739e+00,1.207488298712288355e+00,-5.934883706223370581e+00
-5.259844465581569040e+00,-9.607996034474245661e+00,7.929756169190461890e+00,-8.661996638376685542e-01,-1.543659161631505938e+01,5.105900659680155940e+00,6.103892017065524200e+00,4.315458620389839517e+00,-7.984111979119951075e-02,-7.553823798408292767e+00
-4.868908829980467701e+00,-9.186554650472341876e+00,7.441974480130888914e+00,-3.253208839643599859e-01,-1.480841130485410595e+01,4.825975052019161993e+00,6.259049428126743919e+00,4.269343284217987033e+00,1.424398752572757776e-01,-7.213701516529039459e+00
-5.696451338197817016e+00,-1.025237296009809640e+01,8.541171082984361007e+00,-1.143481274410205195e+00,-1.645903096306554758e+01,5.480824140444630288e+00,6.343555833056129245e+00,4.511355327236753254e+00,-1.957607966270212829e-01,-8.058996597375070792e+00
-6.277780313456061023e+00,-1.145555346669375751e+01,9.485975225608674677e+00,-9.625420952911223349e-01,-1.844219017894514323e+01,6.102329877638475786e+00,7.371501747733239185e+00,5.098237981687582021e+00,-1.031473695906244270e-01,-8.999664125394547298e+00
-8.029777295380586821e+00,-1.454556108452899998e+01,1.211886294476708592e+01,-1.341413692709099159e+00,-2.343158226542886524e+01,7.779726561372482863e+00,9.286203764646174363e+00,6.390485113464287714e+00,-2.129675758767733407e-01,-1.142732561887368448e+01
-8.319713938176089840e+00,-1.472333290445358145e+01,1.246813246550260068e+01,-1.816773618459777584e+00,-2.371417899413369312e+01,7.958100538298156224e+00,9.066103516820888331e+00,6.233698829530606389e+00,-4.720673208137221577e-01,-1.156339212604548905e+01
-7.344175405076605045e+00,-1.407584396726799802e+01,1.128894352775563448e+01,-3.350877668301957546e-01,-2.268393843383993769e+01,7.346833150285827507e+00,9.667018774231078027e+00,6.726455096349544860e+00,3.493752613976605637e-01,-1.108126916252475702e+01
-7.489560798011927645e+00,-1.413264688014769632e+01,1.148623511990598800e+01,-4.732486778047459985e-01,-2.282422183344877453e+01,7.441537315838981925e+00,9.672938082587014819e+00,6.550229168198889340e+00,2.027673228801374072e-01,-1.110888186462655902e+01
-8.748853288618562374e+00,-1.581010993762739503e+01,1.318259356898083468e+01,-1.616871902664051008e+00,-2.544064994728817553e+01,8.459018626289340759e+00,9.930993208473521960e+00,6.965397712146836007e+00,-2.714221934905367561e-01,-1.243692068485653657e+01
-6.642820226768918701e+00,-1.246615089186749792e+01,1.016798483694689992e+01,-4.822711007498513003e-01,-2.013322630416999459e+01,6.579109159905838666e+00,8.493221769052750503e+00,5.725015538086880795e+00,1.351227160441603459e-01,-9.792972486612137928e+00
-6.491357396502198007e+00,-1.210588827909600873e+01,9.871903456579513403e+00,-7.409504916413509612e-01,-1.947978241087486850e+01,6.384991100906602490e+00,7.963983453681183988e+00,5.588733490964511219e+00,7.235701489127704944e-02,-9.525075125358602790e+00
-5.980940236929135345e+00,-1.143119669933659566e+01,9.200169811673845288e+00,-2.104236571445215476e-01,-1.845123631076389259e+01,5.981151966228820172e+00,7.940955892410021200e+00,5.399323998330469720e+00,2.704666407771141312e-01,-8.985086089875094828e+00
-6.599819262173878265e+00,-1.185121454571219779e+01,9.906331652157854606e+00,-1.319132065444757806e+00,-1.904885272155913967e+01,6.350265146282410456e+00,7.356414644824510241e+00,5.177435620851841946e+00,-2.496619596137600317e-01,-9.315252885477383060e+00
-9.314140975083343932e+00,-1.667769533320199216e+01,1.402937090775760076e+01,-1.750714788782544051e+00,-2.689248127246700548e+01,8.976806177315751256e+00,1.051818122138273104e+01,7.173590343360899624e+00,-3.923853260360255502e-01,-1.310074933445451428e+01
-9.214383526700506977e+00,-1.665883630455989817e+01,1.390973627919121824e+01,-1.588159788882864909e+00,-2.684585764561779797e+01,8.922897362650045849e+00,1.059841450157366971e+01,7.297726093562143745e+00,-2.758967452349436744e-01,-1.309378645650965467e+01
-7.621830826058593189e+00,-1.419660611198709432e+01,1.161587108352155084e+01,-7.638122152362825101e-01,-2.289187975311818590e+01,7.505961096768120733e+00,9.476760890589714492e+00,6.485954268601927808e+00,7.754665120386938781e-02,-1.115698514424510357e+01
-8.366389320875848412e+00,-1.537952911635180975e+01,1.271974986952396947e+01,-1.028509964084580064e+00,-2.482754323670022245e+01,8.188990794299016329e+00,1.015207727493709200e+01,6.863695007768479961e+00,-6.399367486547402617e-02,-1.208149250791180762e+01
-8.537150752396019726e+00,-1.515528243527233165e+01,1.276821680926463465e+01,-1.972870879709459846e+00,-2.434804837248260156e+01,8.161652165043850715e+00,9.177896086365590733e+00,6.522825381562650904e+00,-4.573640928670812400e-01,-1.192015761986374933e+01
-7.562919574907510878e+00,-1.338260949769795793e+01,1.128419036015620591e+01,-1.817266735206390482e+00,-2.148074563402894555e+01,7.210144650997637683e+00,8.037124896622895420e+00,5.740378716263637493e+00,-4.301700523487453909e-01,-1.052194898290934866e+01
-7.681444590043313703e+00,-1.322484775208197583e+01,8.683924468514401696e+00,1.777767332817800083e-01,-1.881827119613648946e+01,6.017792040312076374e+00,9.346674605155540050e+00,5.074363733035575308e+00,1.248070754573851193e+00,-8.755478732590651347e+00
-9.312942247693136721e+00,-1.427616517690227305e+01,6.454993241944110061e+00,6.007912316200116898e-01,-1.679726674394883190e+01,4.875237399877338618e+00,1.014248576587876016e+01,4.248188390086425237e+00,2.649484905401784829e+00,-7.478248490733844456e+00
-7.700416979045135335e+00,-1.280676820603018840e+01,8.549151135775916899e+00,-5.428378460384775117e-01,-1.806729742633747549e+01,5.879500387127820638e+00,8.446535222907373353e+00,4.658899365365099854e+00,9.200063759315035838e-01,-8.433829883449728726e+00
-6.320762733222709429e+00,-1.208462942786849759e+01,9.715682071737422376e+00,-2.475142902943360812e-01,-1.949329366685764597e+01,6.318198458613653479e+00,8.361819880041489128e+00,5.724074117422843777e+00,2.882202970803847131e-01,-9.501190973181959265e+00
-7.755095844473029132e+00,-1.369627395021423588e+01,1.158690053253626751e+01,-1.825969871988008641e+00,-2.201696498539508795e+01,7.396376291979943396e+00,8.285866447773152288e+00,5.824326690508588200e+00,-4.611124839249002849e-01,-1.076407202833095589e+01
-6.577774091078309127e+00,-1.218709145433373031e+01,1.001210425550338279e+01,-6.831407577710306711e-01,-1.966284936777171310e+01,6.460809216889390250e+00,8.138789057380231284e+00,5.502585983928169888e+00,2.735149753271504114e-02,-9.567656405815226250e+00
-6.672574051655095317e+00,-1.209192490535627407e+01,1.008651967870894062e+01,-1.007089065681813889e+00,-1.950862171140619594e+01,6.473663654512303189e+00,7.843685386681942262e+00,5.272799040418934879e+00,-1.644248556519195548e-01,-9.485838362678530089e+00
-7.204299528548661513e+00,-1.307884502544394323e+01,1.084620354383454988e+01,-1.310997303425272431e+00,-2.101393616923180474e+01,6.971885697236062107e+00,8.204911273323977738e+00,5.828868597194488466e+00,-1.754469742242074637e-01,-1.028916556785850567e+01
-5.918642808541975775e+00,-1.112259317672262249e+01,9.036506990832211983e+00,-4.869813884814788163e-01,-1.792499503979185960e+01,5.853657824969663359e+00,7.496607583023525478e+00,5.154082475083019865e+00,1.338126381771584938e-01,-8.741376980415068942e+00
-7.856844828667423286e+00,-1.421424263943676891e+01,1.184997982534007122e+01,-1.381660815333905390e+00,-2.288761282563218558e+01,7.605015328704973321e+00,9.003554732872450117e+00,6.251760330145970102e+00,-2.276200162060008081e-01,-1.117477080850398075e+01
-7.020197240911737246e+00,-1.307461357559951765e+01,1.069941583677774233e+01,-7.058856795664860684e-01,-2.108338932471041005e+01,6.913426959935345728e+00,8.726049741336936449e+00,5.972525185376523993e+00,6.986015666505351884e-02,-1.027568127973205137e+01
-5.723096643574320908e+00,-1.039483248174019359e+01,8.600892780289532524e+00,-1.038499919989337439e+00,-1.668410077461564356e+01,5.532376609804213530e+00,6.516230283218608754e+00,4.641109837090227508e+00,-1.268685664229777799e-01,-8.171257831942082106e+00
-6.464547391201598714e+00,-1.158883375687435269e+01,9.709469630338189106e+00,-1.262915209478857825e+00,-1.864579615256167244e+01,6.219799798782763567e+00,7.238108048988919130e+00,5.026332280185810575e+00,-2.558630320780098111e-01,-9.103008619996753481e+00
-6.951892874098707154e+00,-1.242171707040842321e+01,1.042901230502269527e+01,-1.429287680769336433e+00,-1.998022503196457578e+01,6.675572431471372248e+00,7.694240563508855324e+00,5.368464773392203959e+00,-3.070889467131647232e-01,-9.760116867547123931e+00
-7.598353737244742057e+00,-1.401846557433318985e+01,1.155398149924034357e+01,-9.187728324049141415e-01,-2.261275586819741790e+01,7.446890846313518608e+00,9.244487830438748333e+00,6.311128650821721031e+00,-2.318824315311807105e-02,-1.101749902651722124e+01
-8.425301977972571521e+00,-1.546807308908529244e+01,1.278300432099195660e+01,-1.164668209827188772e+00,-2.493363678880008294e+01,8.230400516163415503e+00,1.006690349463306866e+01,6.935680810091007231e+00,-8.456710645534804005e-02,-1.216257169826372575e+01
-8.823860777585126769e+00,-1.624280104697311700e+01,1.341406807048832661e+01,-1.116350939691374222e+00,-2.620588141033562835e+01,8.639805934005524435e+00,1.067422451043295339e+01,7.288483212326692495e+00,-5.755077021816773497e-02,-1.276867959132554020e+01
-9.231344641290169406e+00,-1.685151606460280860e+01,1.398435585857887986e+01,-1.391116362635099746e+00,-2.716618373631165184e+01,8.990700489096411729e+00,1.088082128082503353e+01,7.489714863758233143e+00,-1.634676938368320176e-01,-1.325000532442488499e+01
-8.686637947547744432e+00,-1.593563865327663542e+01,1.317247583564223490e+01,-1.221266156844044382e+00,-2.568240686204613965e+01,8.480261023454509939e+00,1.035205446801570339e+01,7.140210922080320266e+00,-9.473894579144226391e-02,-1.252951503135780875e+01
-8.132004034463058417e+00,-1.517661759369356567e+01,1.242074257700389417e+01,-7.364242737881049328e-01,-2.449866793364120454e+01,8.026451425676585316e+00,1.021299275094696135e+01,6.932356673719015205e+00,1.002060444761575519e-01,-1.192755353745224056e+01
-8.576454010565255359e+00,-1.596663038968258341e+01,1.312802249635449137e+01,-6.867921179900050577e-01,-2.583272971410631058e+01,8.471956105260352032e+00,1.087732861913143978e+01,7.204434576540208468e+00,7.898139124897429753e-02,-1.253691771614731998e+01
-8.455490413693244278e+00,-1.499783356521012223e+01,1.264858416082980241e+01,-1.942856680803976666e+00,-2.410448410967799759e+01,8.082666509951645040e+00,9.101912015397118694e+00,6.434879578572260783e+00,-4.607089743147716465e-01,-1.179335327565698677e+01
-1.006962019587636092e+01,-1.642460436023242565e+01,4.788042552404879970e+00,8.495607099019993891e-01,-1.606479954065522975e+01,3.947270573293584661e+00,1.228098521121706810e+01,3.484576923658414316e+00,4.757222467087200535e+00,-5.906918108811305856e+00
-7.131945088892613249e+00,-1.244002621335923564e+01,1.059871430422825433e+01,-1.912012819176396539e+00,-1.997141614471784976e+01,6.747826049996294095e+00,7.318233201130104781e+00,5.202855500610526818e+00,-5.338504494707891901e-01,-9.775966368371822313e+00
-6.449186912630711532e+00,-1.223503790216411069e+01,9.906972853008479518e+00,-3.052135085085441735e-01,-1.976273255483076596e+01,6.427168299408458907e+00,8.458271327990093624e+00,5.705075805378983844e+00,2.259767187932815169e-01,-9.613448145081612495e+00
-8.096670010651278560e+00,-1.465251435613815723e+01,1.222779817710790695e+01,-1.361867975338577619e+00,-2.361676943751020374e+01,7.845665509384014413e+00,9.354317371719208296e+00,6.421985156640895198e+00,-2.302159954922267104e-01,-1.151450813250681016e+01
-7.243592118878605213e+00,-1.290698931991190790e+01,1.087482163233893218e+01,-1.444083936248660827e+00,-2.079078171414646903e+01,6.953593188410567727e+00,8.066116161891889291e+00,5.514825797043718225e+00,-3.405313260919620721e-01,-1.013067544692485633e+01
-7.289570454659264342e+00,-1.307856024606186196e+01,1.093307288122835352e+01,-1.491299590865870162e+00,-2.101266615219365264e+01,7.007874226845130394e+00,8.082199536955339880e+00,5.715314119862369147e+00,-2.841438874343586996e-01,-1.028149434614362967e+01
-7.016603657138706041e+00,-1.344409155655413812e+01,1.083518675198754799e+01,-1.028304997519390862e-01,-2.174940220414488579e+01,7.042641478563839819e+00,9.497159355296483696e+00,6.323781467717933147e+00,3.401630278175703515e-01,-1.056135349149930214e+01
-7.486339242405763095e+00,-1.387191442397737795e+01,1.138007462385436774e+01,-8.948251495012877754e-01,-2.234853201419791091e+01,7.345825355781205879e+00,9.126230106046389068e+00,6.314217059759632100e+00,2.049336071941515458e-02,-1.090750619926905074e+01
-7.674345480038079259e+00,-1.351126004405793779e+01,1.146602267714363066e+01,-1.809976825815658774e+00,-2.173673681950488401e+01,7.311992880473920486e+00,8.190686449652750056e+00,5.694827834940700662e+00,-4.845785339480970788e-01,-1.061297928632939147e+01
-7.401487384720836893e+00,-1.392659704278830901e+01,1.131915423379581398e+01,-5.836886421607621056e-01,-2.245922701370246344e+01,7.331845959405404400e+00,9.412287843077162819e+00,6.459916346572973644e+00,1.724901626585927383e-01,-1.095052855676186887e+01
-5.897794005764593450e+00,-1.105093911185253397e+01,9.000921552592600960e+00,-5.001030988944695777e-01,-1.781736262881480570e+01,5.825680025427936393e+00,7.448027404731070611e+00,5.088899363443712964e+00,1.115799738605753599e-01,-8.681670900144510483e+00
-6.368238753967990995e+00,-1.208245453742113362e+01,9.776427931857192277e+00,-3.230392332528330135e-01,-1.950641840076935551e+01,6.343695358686610497e+00,8.325679690367209673e+00,5.644967707298904180e+00,2.235999306697656341e-01,-9.495368262940393933e+00
-7.668624471666467990e+00,-1.369770558573431352e+01,1.148325375778036417e+01,-1.686424591542653229e+00,-2.199751041288335429e+01,7.352698038443986839e+00,8.356191555717222386e+00,5.961833386689246339e+00,-3.487124080412537519e-01,-1.077489961304644339e+01
-7.145932215286862288e+00,-1.357627998968063743e+01,1.098441116167104248e+01,-3.293532913758500102e-01,-2.192942370362266047e+01,7.128151587368204645e+00,9.387102570021763626e+00,6.348431293088444782e+00,2.606195314670464724e-01,-1.067142080208360078e+01
-6.375255671815958536e+00,-1.209524292146294044e+01,9.746153691258937712e+00,-4.802351614593302065e-01,-1.946292219497318143e+01,6.330820224450897094e+00,8.143913512209152827e+00,5.720910621296683374e+00,2.199549256598073987e-01,-9.519035145436708589e+00
-6.803657405770064948e+00,-1.260093777594233799e+01,1.034275749871646610e+01,-7.936252742820220085e-01,-2.030668307669186845e+01,6.675272395675214021e+00,8.315345472225333268e+00,5.720782610860322137e+00,1.779558685505677751e-02,-9.903554311652062125e+00
-8.560559053758089121e+00,-1.552121192750712275e+01,1.292848822240293138e+01,-1.434864748515716215e+00,-2.500534291018939115e+01,8.300246949369549654e+00,9.899680160152637853e+00,6.836203187721515917e+00,-2.234093464918422978e-01,-1.220048018368882126e+01
-9.054871472452123982e+00,-1.660171133241702890e+01,1.374635594547426543e+01,-1.233096367815467387e+00,-2.678144345266985837e+01,8.845455583809469502e+00,1.084015406090735212e+01,7.408125305216731071e+00,-1.069286670170296882e-01,-1.305049808951182300e+01
-7.499295309227127504e+00,-1.360078273859907583e+01,1.130222869543970532e+01,-1.303847451810677072e+00,-2.187910309165348011e+01,7.260885017614766568e+00,8.611672891688213483e+00,6.018610718732092302e+00,-1.879183456572213751e-01,-1.069078122316288848e+01
-6.740286451271865431e+00,-1.219323484342230834e+01,1.012751359707594823e+01,-1.243925598608003336e+00,-1.958609212653153975e+01,6.506196771594895623e+00,7.643983481830503912e+00,5.393410621790539317e+00,-1.841185526844620890e-01,-9.581068655287525715e+00
-9.317852587055611480e+00,-1.516595637150720144e+01,9.529917262888076834e+00,-5.321231950299322166e-01,-2.065104900256433496e+01,6.689796400128736664e+00,1.001430112587511267e+01,5.229908195124324699e+00,1.380668792367082620e+00,-9.524126909068840519e+00
-1.083698906324274525e+01,-1.656075720679901764e+01,7.409751280935804374e+00,9.243202197214445137e-01,-1.939928504039454538e+01,5.638917683430499928e+00,1.200159562243369393e+01,4.779134238778692811e+00,3.151702199515313829e+00,-8.544011976832132760e+00
-5.302753161921438974e+00,-9.912024588584767315e+00,8.094067929824648289e+00,-4.030333980093742663e-01,-1.599922119899528816e+01,5.234733019519446806e+00,6.746170078912017587e+00,4.517415444278463532e+00,9.183317087752884689e-02,-7.774707426546275002e+00
-5.713612632499518007e+00,-1.060385789010073054e+01,8.638719969073163085e+00,-8.241763086476254774e-01,-1.700852141883138913e+01,5.587042297707907501e+00,6.791854024656609035e+00,4.912515612442006407e+00,2.893902640491419209e-02,-8.348490132058225655e+00
-5.829222470203440309e+00,-1.113428673399773317e+01,8.950325629345268652e+00,-2.530036824235074588e-01,-1.795126685611790762e+01,5.820419642881724975e+00,7.678854208203836684e+00,5.273370784860635041e+00,2.601918106086110738e-01,-8.753212233478713244e+00
-7.010216849574018028e+00,-1.280200846258105685e+01,1.058934604957036996e+01,-1.116423192377682616e+00,-2.059627480611931460e+01,6.814159607710596589e+00,8.185008434001872502e+00,5.726430130404926544e+00,-1.138684411146561049e-01,-1.006574052979619616e+01
-6.212508338463374358e+00,-1.180353674927311758e+01,9.545435632095843559e+00,-2.348327494854082209e-01,-1.906873756570095324e+01,6.195641016120319478e+00,8.217125437244163777e+00,5.501128752690083168e+00,2.381807225714649701e-01,-9.266074285430939028e+00
-7.680226544869748651e+00,-1.390507920986217272e+01,1.156497887110376865e+01,-1.404666932072060614e+00,-2.235863882816575554e+01,7.426982119083365141e+00,8.735028580097171869e+00,6.153725369842006465e+00,-2.143690514904759148e-01,-1.093604521800517304e+01
-6.464088488772313568e+00,-1.187997306934145136e+01,9.799209512240743436e+00,-8.403434071362106961e-01,-1.914365003460383008e+01,6.313345414652676624e+00,7.781697586405548428e+00,5.323060050000600896e+00,-4.287309430593361226e-02,-9.328996520634069256e+00
-7.444440428419175859e+00,-1.333227160930412225e+01,1.117055794746272390e+01,-1.531525720880010599e+00,-2.143456075060455035e+01,7.154938997775108334e+00,8.243184798580561079e+00,5.798946697990436938e+00,-3.104823150524995690e-01,-1.048133788001341316e+01
-7.372461033522853313e+00,-1.365320863454705957e+01,1.124583652900409980e+01,-7.331697013896422144e-01,-2.206033447521820179e+01,7.251492970026250262e+00,9.166634847072527847e+00,6.138792218809496326e+00,1.839898298606201799e-02,-1.072154562558886859e+01
-6.489903817853791779e+00,-1.164133182744073380e+01,9.728255143805494498e+00,-1.325269700357268210e+00,-1.869934627912024183e+01,6.236219161488217644e+00,7.195954691769412825e+00,5.084512090530786566e+00,-2.511034012607112342e-01,-9.148468446223331441e+00
-5.464577552433924623e+00,-1.030879080090711142e+01,8.331246536117784984e+00,-4.574023943089883248e-01,-1.658328841873423443e+01,5.405817609561974102e+00,6.913373535514954149e+00,4.829766604137245345e+00,1.550050885397937228e-01,-8.104006952058762536e+00
-8.715852572857846425e+00,-1.599471320444624745e+01,1.325085903962668255e+01,-1.084148074953045882e+00,-2.583029243668149633e+01,8.526215687544995703e+00,1.055837268633691473e+01,7.110387398138751536e+00,-8.662540094192977547e-02,-1.256320751987141549e+01
-9.865233186366152651e+00,-1.785275782680573542e+01,1.489329076818203568e+01,-1.727512354850742948e+00,-2.875976608870897877e+01,9.556385362293596586e+00,1.131920053638056523e+01,7.852029462323461217e+00,-2.893038496275445737e-01,-1.404056749432201023e+01
-8.334264867251302888e+00,-1.518270056655095068e+01,1.261805795486356452e+01,-1.254793119387947353e+00,-2.448183175573010928e+01,8.108349275853404592e+00,9.817992553970219305e+00,6.711525342305933783e+00,-1.637521631588286231e-01,-1.192995595283535337e+01
-8.471659154917205115e+00,-1.518595274541847040e+01,1.273175654608174234e+01,-1.705664422812358971e+00,-2.443447024744452989e+01,8.153884364612949298e+00,9.431432202663046382e+00,6.603229538891026706e+00,-3.489976614235852370e-01,-1.194173060506502715e+01
-8.301871542261187287e+00,-1.532040038188501185e+01,1.263468530870574469e+01,-9.766485768743436990e-01,-2.472624708477815503e+01,8.142232106156235716e+00,1.013544512253760210e+01,6.888936774873761770e+00,-2.427089130849291454e-02,-1.204056272420773688e+01
-9.237005552507287831e+00,-1.726633246716410497e+01,1.411839229932124695e+01,-8.395346810818763439e-01,-2.786991650465699522e+01,9.126268749157697258e+00,1.160455634468397790e+01,7.918647674707110617e+00,1.257467866798071543e-01,-1.357871569560769665e+01
-8.658067014866004385e+00,-1.565627859824830281e+01,1.306290779308748817e+01,-1.483765491256488822e+00,-2.522286017983654816e+01,8.381596259468990340e+00,9.965861944394250216e+00,6.860756279028757731e+00,-2.516703211593124268e-01,-1.230156574627772059e+01
-7.887327326397366001e+00,-1.413331972335633324e+01,1.185931836929756500e+01,-1.476207596572669978e+00,-2.276471748324568267e+01,7.593993973973274692e+00,8.907554653214074136e+00,6.094330076596904178e+00,-3.124335295400678114e-01,-1.109344727874327319e+01
-5.876148796938859498e+00,-1.068954101303099868e+01,8.872248835934161804e+00,-8.655499476752874788e-01,-1.722102881942138808e+01,5.703408537764861563e+00,6.932753746065757561e+00,4.705113951831159547e+00,-1.083704292429607530e-01,-8.383079829886922241e+00
-9.559655671891954754e+00,-1.559424622551387074e+01,1.061109820562491990e+01,-1.316002296263821147e+00,-2.197470047879675548e+01,7.241237285711574323e+00,9.727188515355694065e+00,5.530937076854802292e+00,8.329795617424494703e-01,-1.031305112644087352e+01
-5.347871927492522381e+00,-9.894447484525947800e+00,8.108898659453439350e+00,-6.424365781536599540e-01,-1.592549147847348223e+01,5.235619800033199489e+00,6.506195071173736189e+00,4.491822091314832122e+00,1.588071243785454945e-02,-7.769768291411756955e+00
-5.723880385795640180e+00,-1.093172941740014537e+01,8.796639598561338147e+00,-2.262016412240184793e-01,-1.763668654807331748e+01,5.718828447150148264e+00,7.567800994047304997e+00,5.165325353477843606e+00,2.538343556012223057e-01,-8.592787741195211382e+00
-6.543652918943609897e+00,-1.239560099428200601e+01,9.996901918408745757e+00,-5.438455005645024265e-01,-1.994022956409483882e+01,6.491372294933133169e+00,8.297069304178588567e+00,5.861790797629574001e+00,2.082629391690345444e-01,-9.759917470240216275e+00
-6.373540081343747943e+00,-1.200849918616163414e+01,9.756668622011627434e+00,-4.315004126673579465e-01,-1.937899341243432971e+01,6.321173768841957141e+00,8.190324424653752544e+00,5.559403566745229064e+00,1.658610954804754234e-01,-9.434602287920334618e+00
-6.159497309026054523e+00,-1.089033912737536092e+01,9.174117909979868202e+00,-1.466431634041069909e+00,-1.746948904432121807e+01,5.863445357863620089e+00,6.553811894841333974e+00,4.658857570414698834e+00,-3.447155644676830888e-01,-8.551566279231050061e+00
-7.077584583904973137e+00,-1.252057583459022894e+01,1.058032013865588183e+01,-1.599986317655833989e+00,-2.013351062046633899e+01,6.756828822381654831e+00,7.641188425666077144e+00,5.322760627929179478e+00,-3.989614270181392475e-01,-9.832339038126823638e+00
-6.891752690200948273e+00,-1.305181212923704059e+01,1.058633242266583530e+01,-3.275198548340406690e-01,-2.109112560021490523e+01,6.864088444170763914e+00,9.034072369444356099e+00,6.059476770049104566e+00,2.265138994398179229e-01,-1.025193655576530283e+01
-7.114141328050601842e+00,-1.337254789530917698e+01,1.087457366841366913e+01,-5.915695937371933111e-01,-2.156181180762627037e+01,7.042364059331723602e+00,9.009053691286414534e+00,6.200093711606625035e+00,1.546836818671942781e-01,-1.051680919813606607e+01
-7.508447428451437311e+00,-1.350193218417872210e+01,1.127583662395543307e+01,-1.521303502818632136e+00,-2.169694382753024797e+01,7.230219772777032539e+00,8.350739225521580877e+00,5.928514595467992088e+00,-2.782083922902462980e-01,-1.062202292794164649e+01
-5.773686943806304761e+00,-1.087911726727008954e+01,8.833679671246100540e+00,-3.913229588705094408e-01,-1.755117020327300281e+01,5.724236622048027634e+00,7.417342108113160748e+00,5.038779531848771143e+00,1.533981333126193392e-01,-8.545484164960690521e+00
-8.035407665970225821e+00,-1.451609631471814943e+01,1.210582280654182519e+01,-1.474963383253168114e+00,-2.336002478218619061e+01,7.767669585223902828e+00,9.131142432818283083e+00,6.386042381362434739e+00,-2.496789974713429228e-01,-1.141555406700077846e+01
-1.009205411473663538e+01,-1.839579754738441153e+01,1.530610165106160991e+01,-1.469616318106277131e+00,-2.969276367574839171e+01,9.832863255720384998e+00,1.195585391555795596e+01,8.119470587635673198e+00,-1.977933206749886708e-01,-1.445775838675515956e+01
-1.036341470895512451e+01,-1.879226615607044337e+01,1.567949210913933022e+01,-1.680217994738874676e+00,-3.031123415664034582e+01,1.006191770846247380e+01,1.205898910677928271e+01,8.251006454068001261e+00,-2.752827914230236983e-01,-1.477276873587167216e+01
-8.291245317071886944e+00,-1.558286755541054269e+01,1.269218668283276230e+01,-6.302167052948143278e-01,-2.515388457791686250e+01,8.215941130169712281e+00,1.057252636700447290e+01,7.194851811869275693e+00,1.785096478627838379e-01,-1.225080032040599143e+01
-6.613869414643788858e+00,-1.253540856971844164e+01,1.014199166925928530e+01,-3.783449819421350613e-01,-2.022538029423665762e+01,6.580600038520557860e+00,8.592875660486429368e+00,5.860437233175555427e+00,2.228314466589563503e-01,-9.853035108388420227e+00
-6.603660972459523215e+00,-1.210549345591752335e+01,9.983810886521519379e+00,-1.001918825902462062e+00,-1.947218206815136554e+01,6.431080285145559294e+00,7.775117561634318442e+00,5.448881526015120436e+00,-7.341832028950112665e-02,-9.518558925363031165e+00
-8.694817670962294187e+00,-1.590440702124910999e+01,1.316732101371079366e+01,-1.298243860676168815e+00,-2.562294995663991770e+01,8.471827313664110903e+00,1.026444219525672530e+01,7.104109449455688896e+00,-1.282442987001229939e-01,-1.250581593939358527e+01
-8.645040248811856287e+00,-1.547377710268250262e+01,1.301405960674594198e+01,-1.617200057813626746e+00,-2.494710158106469322e+01,8.327597925535769718e+00,9.767729139870949595e+00,6.647319949503017966e+00,-3.624577871565082265e-01,-1.214946226208251012e+01
-8.775146035159899327e+00,-1.570068964880279516e+01,1.320455391374867737e+01,-1.689388420764216914e+00,-2.530317424081787436e+01,8.449127372216761245e+00,9.858395811439045531e+00,6.757380841708243935e+00,-3.769845808820918021e-01,-1.233397352816858117e+01
-6.912198549919915891e+00,-1.311624605016174705e+01,1.057645059938619170e+01,-4.988506901254766701e-01,-2.111767123436915838e+01,6.868862839280848398e+00,8.858071021693314506e+00,6.195864211759804618e+00,2.383679139333201302e-01,-1.032258866586758650e+01
-5.762476833691024147e+00,-1.102647198242688731e+01,8.858000349018155362e+00,-2.032433635570176644e-01,-1.778613980248661619e+01,5.762086980496905042e+00,7.649701276752363555e+00,5.224904984580327039e+00,2.724065446174614435e-01,-8.666333731011272690e+00
-7.611818919675083173e+00,-1.405282195330647532e+01,1.155091384120343179e+01,-1.001838764865644160e+00,-2.262840943401511851e+01,7.450431719285290910e+00,9.162151789685264447e+00,6.375207508503185849e+00,-1.754768283079183311e-02,-1.105205089920573691e+01
-8.433025462300651753e+00,-1.511542412488317488e+01,1.269603622024353484e+01,-1.605480092936266256e+00,-2.435756189302058772e+01,8.127294965423693895e+00,9.500030201876780822e+00,6.529845898423308093e+00,-3.451084213812127821e-01,-1.187723289867515852e+01
-8.728421591698115378e+00,-1.570566754985275537e+01,1.317053102979398282e+01,-1.539672664446679828e+00,-2.533074707211868315e+01,8.436764548689527743e+00,9.988315665704160295e+00,6.804598150735616358e+00,-3.132451948602426595e-01,-1.233833297649327321e+01
-8.552072973448000326e+00,-1.521052663412484129e+01,1.282555069208790854e+01,-1.828693395896305418e+00,-2.448160132556278512e+01,8.197798020741950964e+00,9.375938732460399549e+00,6.516148260426939842e+00,-4.338623146176079359e-01,-1.195336183849994072e+01
-5.834744471880234151e+00,-1.116967080278040392e+01,8.971728195240631365e+00,-1.729896570752251783e-01,-1.802239512789020992e+01,5.836624027153375138e+00,7.783975894581027788e+00,5.285167657369938432e+00,2.831756079047552666e-01,-8.774205352779629763e+00
-7.332691408167945291e+00,-1.301160209313311711e+01,1.099161317712852970e+01,-1.560992314744785059e+00,-2.095077615599588583e+01,7.021453514727345357e+00,8.041067934102754222e+00,5.535705236630712456e+00,-3.876662528538639685e-01,-1.021729797058414135e+01
-8.380266983384348833e+00,-1.490976025273936756e+01,1.254141719266450217e+01,-1.914652461885365753e+00,-2.395090346336166220e+01,8.021020287889477629e+00,9.040972963267313034e+00,6.447100630568742829e+00,-4.279641860816983945e-01,-1.173081201381715388e+01
-7.035230168274748230e+00,-1.330449360366595002e+01,1.079203508200716222e+01,-4.194342080743203582e-01,-2.148047026142673133e+01,6.996451689643378380e+00,9.118967003511578184e+00,6.190700919356451060e+00,2.124781512984187382e-01,-1.045827883434577288e+01
-6.910675687100507503e+00,-1.274935982270183921e+01,1.050864509071916331e+01,-8.166861519019958937e-01,-2.056880285773108596e+01,6.773145915510945692e+00,8.429105745257244209e+00,5.731859545353046315e+00,-1.829123104685398404e-02,-1.001640025765504127e+01
-6.445811679374590319e+00,-1.223966553572995863e+01,9.860287077363688368e+00,-4.760988368376770641e-01,-1.969862702378951624e+01,6.405606167487097657e+00,8.248312135725367256e+00,5.796549716805257546e+00,2.273898862332811577e-01,-9.635017528754563187e+00
-7.813910862159711535e+00,-1.431314290828165348e+01,1.185801240558929592e+01,-1.057018211478476077e+00,-2.309174207022609338e+01,7.628963288157631695e+00,9.359101175894156910e+00,6.369095336144375175e+00,-9.730730798391556968e-02,-1.124623787261585406e+01
-9.512461053885933993e+00,-1.719081029514675407e+01,1.436432862058539683e+01,-1.645460040632545695e+00,-2.770998067099799300e+01,9.212420520782393041e+00,1.093546283679946285e+01,7.523591972315991860e+00,-2.930188479271571556e-01,-1.351405058482622046e+01
-9.249380875365813992e+00,-1.662857475080501146e+01,1.394276412618923011e+01,-1.686300826642196826e+00,-2.680344586055457867e+01,8.931152353584918657e+00,1.051618006484321910e+01,7.211306166339593204e+00,-3.429742182334164502e-01,-1.306622453044113286e+01
-7.809447175988121437e+00,-1.423159137093938398e+01,1.179687785417967483e+01,-1.272238656038762628e+00,-2.290508676243106478e+01,7.585824938024991582e+00,9.082479595635266634e+00,6.340824431857326360e+00,-1.515842345926683987e-01,-1.119117864374349480e+01
-7.627423942817207703e+00,-1.414550870081883360e+01,1.162214355449691006e+01,-8.171430772900797335e-01,-2.282587917604881511e+01,7.499560541235935851e+00,9.415905397754812611e+00,6.410111850563835922e+00,2.939288418047508733e-02,-1.111736951644157756e+01
-6.515871035180338389e+00,-1.191642450767524686e+01,9.844311902440768591e+00,-1.031120127532089814e+00,-1.916694363973094184e+01,6.337397018884122879e+00,7.618018220197302348e+00,5.348065734847849306e+00,-9.437961639760139576e-02,-9.371360891808020455e+00
-7.534118309762321886e+00,-1.402260435143661610e+01,1.149243356641856195e+01,-7.480676030701406409e-01,-2.262731459167711279e+01,7.422469453960726327e+00,9.377933681397037091e+00,6.388669632670178622e+00,6.503991385768120859e-02,-1.102166085760224590e+01
-7.015371617554595929e+00,-1.283721128052358651e+01,1.060954741240090016e+01,-1.043033195972979055e+00,-2.066529354458515044e+01,6.829747573449520104e+00,8.282042150404963721e+00,5.741489308493756383e+00,-9.133497463838902153e-02,-1.008771643839046561e+01
-8.444354619646246007e+00,-1.532836230322346616e+01,1.276049446202331694e+01,-1.377634849648515791e+00,-2.470013636231703913e+01,8.194304108697517464e+00,9.812645465337041628e+00,6.756453631224128564e+00,-2.064402909701700262e-01,-1.204718449723639750e+01
-7.811845836025145928e+00,-1.467906573504796874e+01,1.197129475847306779e+01,-5.435711392243377515e-01,-2.371659465568581737e+01,7.746670973878173605e+00,1.002190158767724171e+01,6.751658174430763992e+00,1.675782676671960236e-01,-1.153539306148262966e+01
-8.929471309176427951e+00,-1.619798501350392783e+01,1.346301617775124626e+01,-1.598637632318012480e+00,-2.605462982301814279e+01,8.648282248489564950e+00,1.020476568539980455e+01,7.188795133532600801e+00,-2.324580048647841291e-01,-1.274423789024400300e+01
-8.536703216164436725e+00,-1.563836486824649796e+01,1.298570497762554155e+01,-1.045591575577885290e+00,-2.527633590247670270e+01,8.349645106335255917e+00,1.035871508093008408e+01,6.910634089282755355e+00,-1.042928368367039837e-01,-1.227910432379094985e+01
-9.507626277136065340e+00,-1.719974874321897218e+01,1.434409702274244935e+01,-1.696806678014781022e+00,-2.769619898179196227e+01,9.204508056715456021e+00,1.086893498026818961e+01,7.572301606338248448e+00,-2.828399132659457083e-01,-1.352851893355254020e+01
-8.523127391412080200e+00,-1.578954207653230313e+01,1.298327277673758928e+01,-9.370660101267505038e-01,-2.547889563159400694e+01,8.375481596498849157e+00,1.049124036083599343e+01,7.144784382063142480e+00,1.958569112510583077e-02,-1.241016203527640904e+01
-7.701998668583065921e+00,-1.420538233673167028e+01,1.169911938535394924e+01,-9.464791914943051498e-01,-2.290116552353628876e+01,7.541963419533550095e+00,9.348410166385438202e+00,6.398901734677822084e+00,-2.184924925640308047e-02,-1.116148548313102573e+01
-5.876928170682935715e+00,-1.073227677159166227e+01,8.854413722172102652e+00,-9.736812153889359278e-01,-1.723750079171754379e+01,5.701809996832712280e+00,6.810958757996589341e+00,4.820501994250956379e+00,-8.892020009056411656e-02,-8.436065107342290759e+00
-7.136917785530867420e+00,-1.305616442811183475e+01,1.080050774643063427e+01,-1.057281928305873642e+00,-2.102709402009016060e+01,6.950759489391094448e+00,8.432026892640287485e+00,5.832102040890481121e+00,-9.859713125719454796e-02,-1.026154759191902954e+01
-7.425266060844226246e+00,-1.422634326035946195e+01,1.146558078923930601e+01,-1.261020569947129411e-01,-2.301208887799846536e+01,7.452259963880010218e+00,1.003059774010683469e+01,6.697720902619419547e+00,3.568935616029527136e-01,-1.117890940136934574e+01
-7.994466624513585806e+00,-1.456908251648611774e+01,1.208514066811727616e+01,-1.287550203604678423e+00,-2.345923091657042647e+01,7.769693775999710006e+00,9.317568334260421636e+00,6.483770773898535289e+00,-1.574108766727089770e-01,-1.145740265425097171e+01
-7.864474692366330011e+00,-1.387009353303852066e+01,1.174845011126240202e+01,-1.866368851328532585e+00,-2.230052839104249074e+01,7.496432606250387209e+00,8.383155611573089416e+00,5.880622234452822283e+00,-4.817871492130549882e-01,-1.089996625557720833e+01
-4.901107311729303362e+00,-9.307480630611582484e+00,7.491882499434092679e+00,-2.989310465575694131e-01,-1.498250906943535732e+01,4.868687757647930603e+00,6.340371116551500208e+00,4.385759942847922588e+00,1.874447711928702298e-01,-7.312109901158448722e+00
-6.919311743337690501e+00,-1.263037867698363748e+01,1.045801691411618251e+01,-1.054643024719092770e+00,-2.033538520382857229e+01,6.727896366380556437e+00,8.133339214919134363e+00,5.623075095594984418e+00,-1.113852098021863024e-01,-9.923127883895318746e+00
-6.643131728382345891e+00,-1.253375271272265934e+01,1.015743874149842618e+01,-5.077032802253450550e-01,-2.019878075552438546e+01,6.585673840128499990e+00,8.469663714064145310e+00,5.848502810107251371e+00,1.811056942384118573e-01,-9.856244933906792127e+00
-7.738432454804311078e+00,-1.441502986700892386e+01,1.179792840792265274e+01,-7.833615932509570001e-01,-2.324690430517640038e+01,7.622923169420060319e+00,9.614712631591912029e+00,6.589281121075993397e+00,7.572571684558176974e-02,-1.133223786144845491e+01
-8.190696031762179530e+00,-1.482336066688394638e+01,1.237129970183778660e+01,-1.374621237410120322e+00,-2.389381958734033162e+01,7.937597649114531251e+00,9.467023389120285515e+00,6.496160114401773988e+00,-2.327658093821337593e-01,-1.164889703231107987e+01
-8.062245673262252055e+00,-1.431793552713095607e+01,1.209522762521735650e+01,-1.697688178321947294e+00,-2.306212065184273641e+01,7.726736426647250688e+00,8.867177231921784752e+00,6.096348815816392097e+00,-4.210075929139991957e-01,-1.124538416256941176e+01
-4.796873801823988259e+00,-9.198151192656681019e+00,7.338302342212895901e+00,-2.565585504923986182e-01,-1.478003567939385299e+01,4.783152248789233951e+00,6.259354584640933972e+00,4.423596445175000724e+00,2.446280471355572195e-01,-7.234476742919430770e+00
-6.390396768781102743e+00,-1.172333745943001482e+01,9.685162002497191835e+00,-8.631483152188036412e-01,-1.889325648094247967e+01,6.236457282178307082e+00,7.653138074585585926e+00,5.240486570849545167e+00,-6.054750984258844282e-02,-9.208326081160587151e+00
-6.704962977777725541e+00,-1.224166162919400591e+01,1.011035523579174011e+01,-1.133434745919684516e+00,-1.966833031354918049e+01,6.508351111899674635e+00,7.748097804625269092e+00,5.501994670270448751e+00,-1.118922210841558074e-01,-9.630165130278287577e+00
-5.950743149325885994e+00,-1.120711790375925077e+01,9.103511307409290154e+00,-3.911338125080203176e-01,-1.808337041827656577e+01,5.898421415987919580e+00,7.657335061656485919e+00,5.179510214372414545e+00,1.571001552247324184e-01,-8.799430369999591051e+00
-9.859778864427006795e+00,-1.778760941000075491e+01,1.484354831940778574e+01,-1.901731735358518804e+00,-2.861082720658038525e+01,9.521544612077493142e+00,1.109428114780383012e+01,7.834158908729663473e+00,-3.319159167886309159e-01,-1.399842737143197446e+01
-7.986624140218031798e+00,-1.470805427615416150e+01,1.217127516023744249e+01,-8.505091070575566681e-01,-2.378045938755430200e+01,7.835898033964994625e+00,9.852446119326215168e+00,6.538318669684329620e+00,-3.750206049429410937e-02,-1.154411742899661064e+01
-9.946886464641051973e+00,-1.791899436245427424e+01,1.495612413376636241e+01,-2.000907668784249083e+00,-2.880229056909187335e+01,9.592238720807543473e+00,1.108985712564589576e+01,7.897171116558454607e+00,-3.553534619177861620e-01,-1.410655714946551242e+01
-6.809806772621497473e+00,-1.286253978357729721e+01,1.045004017577044308e+01,-3.679699517309326096e-01,-2.078292374911755047e+01,6.771599274257845025e+00,8.868758980074980869e+00,5.950779798787409369e+00,1.997329251693554519e-01,-1.010265359381662975e+01
-6.561819623406364599e+00,-1.218126907396919201e+01,9.952804961096342495e+00,-8.465334458705778831e-01,-1.958397359273827121e+01,6.432100450296762695e+00,7.924270213074514402e+00,5.600864166840683112e+00,3.451260269103267886e-02,-9.584460744128721288e+00
-5.555619786612679967e+00,-1.015364151583677987e+01,8.393968769090287552e+00,-8.084096732237030514e-01,-1.634488972076567137e+01,5.403014253775489273e+00,6.573866342134517815e+00,4.521274665054593633e+00,-7.295781492888159248e-02,-7.970222779037674954e+00
-8.137359323341570416e+00,-1.475861434107330794e+01,1.228544422891595467e+01,-1.310514145967769162e+00,-2.377834463513499941e+01,7.889327798017372828e+00,9.469236322166867836e+00,6.486132383402765100e+00,-1.978921950042049072e-01,-1.158944863887613863e+01
-9.854884644930269388e+00,-1.769443572048896840e+01,1.486323101517276690e+01,-1.778060761603790896e+00,-2.854171498200540213e+01,9.515582329974572318e+00,1.122543215230264124e+01,7.636798988269496213e+00,-3.815549790226442362e-01,-1.390000587481998906e+01
-9.383563793809290843e+00,-1.716018960670611904e+01,1.420632998941735181e+01,-1.452776156764474358e+00,-2.763634909829515252e+01,9.140018211941262294e+00,1.101762914786098335e+01,7.681204878300028405e+00,-1.476460338773276648e-01,-1.350122096417821460e+01
-7.891392248523030339e+00,-1.446372029690884808e+01,1.196007518210039677e+01,-1.134708566485288728e+00,-2.330552060242427359e+01,7.698554599806081811e+00,9.371990769365778462e+00,6.476318758379884244e+00,-9.528027913353542822e-02,-1.137256428401694031e+01
-7.696112263979211221e+00,-1.451922543203342819e+01,1.181977792119023363e+01,-4.218337287088679832e-01,-2.347626026142597055e+01,7.654302432645117449e+00,1.001771327859506933e+01,6.696628575648118975e+00,2.077844471019010264e-01,-1.140661407110098935e+01
-7.890247796470664987e+00,-1.415920427458097919e+01,1.185493619550496014e+01,-1.586484077438509832e+00,-2.277306650333107996e+01,7.595559191102688956e+00,8.787378495294943193e+00,6.175489017498160926e+00,-3.127865284621353381e-01,-1.113486645174559087e+01
-7.194454311748017084e+00,-1.305859514966027213e+01,1.087694426894295674e+01,-1.137138055997251040e+00,-2.105356064355656542e+01,6.983887573560010331e+00,8.402996568851646586e+00,5.739408684007436534e+00,-1.731815975119228024e-01,-1.025809432345022820e+01
-6.498173632487648455e+00,-1.217590107356890172e+01,9.891278624264487007e+00,-6.993810999823322216e-01,-1.958348304234544912e+01,6.405880496198067320e+00,8.030458489857673854e+00,5.670732545115337864e+00,1.122461956984892040e-01,-9.583897622712170161e+00
-5.623889808334306295e+00,-1.067062881989832235e+01,8.615256073230980860e+00,-3.250043483891228435e-01,-1.720235694734502729e+01,5.593616672917830712e+00,7.301249226826296734e+00,5.005609227569459030e+00,2.014292447015943732e-01,-8.385941741285821038e+00
-6.534721730626096736e+00,-1.236469266997215399e+01,1.000186433999320634e+01,-4.672703533751064731e-01,-1.992626498388313294e+01,6.489120544220674525e+00,8.375778269522207609e+00,5.796823550401446035e+00,2.011986274021021481e-01,-9.726411523686440574e+00
-7.734167579272653192e+00,-1.407493330394975217e+01,1.168324516899552279e+01,-1.275592999521926840e+00,-2.265905391210115383e+01,7.509301236040089478e+00,8.974976017833741437e+00,6.253580866546848860e+00,-1.656502423353685693e-01,-1.106829252326454238e+01
-6.052211187842721607e+00,-1.144180804006902008e+01,9.293535428368736362e+00,-2.919823028948736465e-01,-1.849415509740941488e+01,6.023012933577619243e+00,7.924917275627537450e+00,5.290609758977414145e+00,1.867990033142013784e-01,-8.983882013327345817e+00
-7.369401121074185212e+00,-1.339191048152949470e+01,1.111061977976219772e+01,-1.296673050373062797e+00,-2.153389682538809424e+01,7.141459458355817524e+00,8.450227730379289426e+00,5.963541475196160846e+00,-1.721061004572538300e-01,-1.053532342724004600e+01
-6.807042581915094814e+00,-1.283776806884678301e+01,1.043768326359919030e+01,-4.180195773782550139e-01,-2.073583641525037180e+01,6.761464561423365716e+00,8.803428154452978660e+00,5.937479777328415587e+00,1.828074442991170223e-01,-1.008685179146517186e+01
-7.528262391599311876e+00,-1.330585399811907976e+01,1.125798482791475763e+01,-1.703173070905072306e+00,-2.140517748994836467e+01,7.186815115643225838e+00,8.126223527842590499e+00,5.641471889124632710e+00,-4.347164491425636879e-01,-1.044919375754030710e+01
-9.619890200121941959e+00,-1.754717982084993011e+01,1.460537795236570879e+01,-1.309530475891263146e+00,-2.834660373191645988e+01,9.382527737432956982e+00,1.150601290111301545e+01,7.720367694766746780e+00,-1.737144814105814894e-01,-1.378096667461299241e+01
-1.054892219189251001e+01,-1.918129024014890049e+01,1.595570026713746792e+01,-1.710680726772037197e+00,-3.091164585276739984e+01,1.024899120217588155e+01,1.227950623334121971e+01,8.486887355441865566e+00,-2.431314251376824886e-01,-1.508443915145640979e+01
-8.948165184400528105e+00,-1.687288987670576645e+01,1.375437016684981195e+01,-4.745789718254106448e-01,-2.729976951909807070e+01,8.903533065794475121e+00,1.166850440948713441e+01,7.763280194843447113e+00,2.321396565162986980e-01,-1.325628577238356343e+01
-7.692016200338568588e+00,-1.375557065433478954e+01,1.152337803532500260e+01,-1.670428583608248196e+00,-2.209192256667902754e+01,7.380340259301704009e+00,8.409308133131698781e+00,5.997187722223692674e+00,-3.384755974858941752e-01,-1.082072361581752062e+01
-6.576643275640816633e+00,-1.226847298215260906e+01,1.004342863043435941e+01,-5.767224728310560433e-01,-1.980750463134284090e+01,6.489734419259641562e+00,8.279404066537814799e+00,5.590560687235208270e+00,8.166888126181370833e-02,-9.636747942017187540e+00
-6.101895636076572593e+00,-1.108804277437196184e+01,9.190510120996751908e+00,-1.037115914865223587e+00,-1.782537415516815926e+01,5.909186157076046442e+00,7.034268325788398002e+00,4.924868169362515147e+00,-1.313939461384149299e-01,-8.711667111007935560e+00
-7.158767818252476545e+00,-1.300075550410329051e+01,1.079919532704471052e+01,-1.155990863942851998e+00,-2.092947978660773600e+01,6.939442764008878939e+00,8.325929900440499409e+00,5.737451339159580499e+00,-1.584352141264457892e-01,-1.020841461412058138e+01
-1.078678643856284758e+01,-1.966814445686996748e+01,1.633726534704537769e+01,-1.673973025223427502e+00,-3.170617459452003217e+01,1.049981299961383030e+01,1.265575201424818275e+01,8.733708834555590883e+00,-2.123643258311458393e-01,-1.546952905120588184e+01
-8.553939051196223886e+00,-1.585585916244320970e+01,1.305788576841019832e+01,-8.430463870707162188e-01,-2.562418064886636060e+01,8.420610907408784485e+00,1.064970791914320181e+01,7.141534140448272616e+00,2.669022748603971928e-02,-1.245605999222173033e+01
-8.002539575770214242e+00,-1.481004620592006127e+01,1.215123146435084145e+01,-1.047287973017407614e+00,-2.384095682292627671e+01,7.842401936793286232e+00,9.646496592583291729e+00,6.757718437498890118e+00,1.963050786006725890e-03,-1.165476231933605256e+01
-7.749269080298565981e+00,-1.433693756870676239e+01,1.177986578914790528e+01,-9.533332368248244038e-01,-2.310339117701468226e+01,7.599886397684524120e+00,9.413631140480148929e+00,6.509848993490986224e+00,1.929381317445688637e-03,-1.127535185716511279e+01
-7.831603102013605877e+00,-1.423941145014993204e+01,1.185235123041196736e+01,-1.204186295827472275e+00,-2.296418229207781181e+01,7.612297464894766996e+00,9.192493505644993235e+00,6.271997899538324539e+00,-1.736478883102657300e-01,-1.118771591284235534e+01
-7.644413834300118005e+00,-1.422300421343593335e+01,1.164006442521815998e+01,-8.500058216177058812e-01,-2.291871168978846640e+01,7.520277672784550838e+00,9.405055597730466843e+00,6.514334901266925826e+00,5.890489565022705154e-02,-1.118776658600262053e+01
-7.063817170445537919e+00,-1.327271450307727108e+01,1.081107919738346190e+01,-5.312052193082625884e-01,-2.142482340858275336e+01,6.998157734918642348e+00,9.012550674044156551e+00,6.122586814344959549e+00,1.521383824699096832e-01,-1.043208763029165098e+01
-8.200243790737896887e+00,-1.449978948510072740e+01,1.226732663640900789e+01,-1.894901308653631489e+00,-2.332214491261227707e+01,7.831117245382994696e+00,8.809579982310388857e+00,6.169783276731471311e+00,-4.787439014277419247e-01,-1.139749198763231774e+01
-6.133565449608303410e+00,-1.158525530641987622e+01,9.382617925181518714e+00,-4.488491097927423956e-01,-1.867199127181258334e+01,6.084824042260440713e+00,7.845544197211951953e+00,5.412478787686281656e+00,1.766654697814851183e-01,-9.110127273492265587e+00
-6.304394124043820824e+00,-1.157385826609103852e+01,9.581662569275668062e+00,-7.524099209489878426e-01,-1.869043726533505989e+01,6.166851311214442077e+00,7.672171479970717911e+00,5.138847758888679174e+00,-5.255084326345976775e-02,-9.083859968905809268e+00
-7.288013095889232851e+00,-1.284418867515083207e+01,1.085232100970592128e+01,-1.859067629860551296e+00,-2.060069596548392923e+01,6.928552337690304874e+00,7.609484377464589500e+00,5.492847973433355513e+00,-4.548571271218554979e-01,-1.010324302395558860e+01
-6.130372279485771791e+00,-1.115550662600468890e+01,9.265791639579260774e+00,-9.314311861436050943e-01,-1.797612581331397763e+01,5.954957073569246973e+00,7.204908504274203374e+00,4.923284233046271829e+00,-1.211431983249492417e-01,-8.758796907695669987e+00
-6.715533803358550102e+00,-1.288465957675800411e+01,1.033318374177603793e+01,-2.443814694609466875e-01,-2.077809646198938509e+01,6.725534989295717025e+00,8.914667012167072357e+00,6.146684509245149641e+00,3.330938331949697129e-01,-1.013764564948495561e+01
-8.444881838577170896e+00,-1.516984182224918420e+01,1.272451676832239542e+01,-1.559182125197881685e+00,-2.444895928883402192e+01,8.149565597291360319e+00,9.575957965218814039e+00,6.572472301378303960e+00,-3.215074705963929524e-01,-1.191971670691042284e+01
-9.502788891237729629e+00,-1.705309559888736715e+01,1.430908841483803684e+01,-1.805322344902178244e+00,-2.747452376162603116e+01,9.162895036372947999e+00,1.071294982302351961e+01,7.389534070482945971e+00,-3.763639764667744969e-01,-1.340305993718194344e+01
-9.187234905719449785e+00,-1.639190200818837084e+01,1.381108270392475212e+01,-1.818233050459875155e+00,-2.641577976367650749e+01,8.831509387730937632e+00,1.025496348626559140e+01,7.020932111915915819e+00,-4.257763579763020889e-01,-1.287428364872766551e+01
-1.007096391371345234e+01,-1.846187905421915332e+01,1.528866428567752322e+01,-1.393578769639872705e+00,-2.978002245740733755e+01,9.837303628633788932e+00,1.203137897418146984e+01,8.243478120679659682e+00,-1.244173283945175235e-01,-1.451664763399469571e+01
-6.972823810663608235e+00,-1.293696635949388529e+01,1.061803419317733344e+01,-7.561624450403061637e-01,-2.086524417555719779e+01,6.853768007176593180e+00,8.595787701864638919e+00,5.874103419319044228e+00,3.268176817044426974e-02,-1.016731284447608452e+01
-6.293151570258977756e+00,-1.174948728316028124e+01,9.591094138777476630e+00,-6.080947620522114683e-01,-1.893749804698571992e+01,6.202452896863964504e+00,7.853599609481383581e+00,5.392261615229343441e+00,8.602254204191031595e-02,-9.233448874383133997e+00
-5.637396840276466925e+00,-9.948740138195246274e+00,8.387807679667556471e+00,-1.388892792366733797e+00,-1.595122351562295826e+01,5.359001848649846522e+00,5.940331364545075488e+00,4.253606911063362084e+00,-3.307368343630070484e-01,-7.815063861618557262e+00
-7.193389053066086447e+00,-1.292018706311444376e+01,1.079034851185413046e+01,-1.427087366190842754e+00,-2.076015175805985891e+01,6.918848848804698193e+00,8.027812942094964654e+00,5.645658667884019266e+00,-2.643028995566588657e-01,-1.015086455084447969e+01
-8.556095521568657603e+00,-1.593000571516569686e+01,1.308666095283770403e+01,-7.121939868418092345e-01,-2.575862667138713391e+01,8.447235385534288099e+00,1.081761246503073082e+01,7.202332998228154537e+00,8.079736001362552988e-02,-1.250937891893238429e+01
-8.899141617394242587e+00,-1.589210478701952134e+01,1.333518554021588187e+01,-1.952710491043788021e+00,-2.553320844470228579e+01,8.536176344058517884e+00,9.704882753591698830e+00,6.908767370287223208e+00,-4.115566894139808252e-01,-1.250364967478801859e+01
-6.789335090496935621e+00,-1.279300726796587639e+01,1.040884099320797063e+01,-4.086538682921723176e-01,-2.066785284422005020e+01,6.741225443277857110e+00,8.787710428261487294e+00,5.900416699114400920e+00,1.772378746369372982e-01,-1.004765753473717638e+01
-7.350574844124806440e+00,-1.338665018616644886e+01,1.109794791216985566e+01,-1.208745525463190251e+00,-2.154136945426305161e+01,7.135906286648687313e+00,8.532935852821447398e+00,5.959565677435249675e+00,-1.470609708128607362e-01,-1.052526595218203020e+01
-7.443032725035206632e+00,-1.352214107175253588e+01,1.124670862844842922e+01,-1.191232983173638793e+00,-2.178734338753240252e+01,7.224445586776284678e+00,8.676089347147408759e+00,5.965298730654676973e+00,-1.701415803286760453e-01,-1.062440587886693244e+01
-7.191841390742400364e+00,-1.335623165067203644e+01,1.094366759731495797e+01,-8.028602871473575764e-01,-2.152460769404304841e+01,7.067505611875308347e+00,8.838815505257050731e+00,6.090715887356350500e+00,4.274585620160636923e-02,-1.049991001238726973e+01
-8.109266405404333966e+00,-1.489653137412479111e+01,1.230023581484441131e+01,-1.108844908507019111e+00,-2.400702358797586911e+01,7.921756765381441134e+00,9.702773063201604486e+00,6.685883110914525140e+00,-7.175333481517537360e-02,-1.171062538779699658e+01
-8.088738828640876122e+00,-1.430496164160681438e+01,1.212978369146176938e+01,-1.706640059276752996e+00,-2.306088089813658826e+01,7.739492600948926437e+00,8.882911952291246749e+00,6.019686907045776358e+00,-4.594868286647378341e-01,-1.122486148178193233e+01
-3.988849182584123465e+00,-7.647830076876623195e+00,6.097645304902701291e+00,-1.913181836833713623e-01,-1.228776653567742372e+01,3.975383567025398079e+00,5.227833103006630289e+00,3.669417703427039434e+00,2.091738052287756278e-01,-6.008689148050980755e+00
-5.707269899505599930e+00,-1.048739951087730127e+01,8.602944101975243285e+00,-9.394417222249398236e-01,-1.682206555960245353e+01,5.550227840929486511e+00,6.631069814474904511e+00,4.785342721877196226e+00,-4.495285396450027227e-02,-8.253599954902645308e+00
-5.582280495720236324e+00,-1.067764394253850213e+01,8.619430722913445919e+00,-3.022623886552033845e-02,-1.728825752922269032e+01,5.599870210281943095e+00,7.610869258034490770e+00,4.981060794203224340e+00,2.679614313241896473e-01,-8.374823635545748601e+00
-6.598494108516490542e+00,-1.170234347383761175e+01,9.853477064010348840e+00,-1.539763059850690397e+00,-1.878766731129990930e+01,6.299273431725141315e+00,7.069908285869040299e+00,5.032078150991514676e+00,-3.548757699733336435e-01,-9.199102312999835718e+00
-5.382713006113590382e+00,-1.009296335118456334e+01,8.192743589453668207e+00,-5.303770383861037274e-01,-1.623662720933528902e+01,5.307553448322780199e+00,6.707461143649217306e+00,4.690201031346646232e+00,1.064199089776965146e-01,-7.935419870885970894e+00
-6.428361827120562921e+00,-1.223124142832336148e+01,9.854423367265562561e+00,-3.701301405981465287e-01,-1.971085001774345713e+01,6.402700443518790863e+00,8.354103678175553327e+00,5.776107603178042282e+00,2.491206938172719765e-01,-9.620030450060783167e+00
-7.473873770711904285e+00,-1.389871026777364271e+01,1.139406280782529635e+01,-7.499861775776003325e-01,-2.242465871907891639e+01,7.358110150129900440e+00,9.290182921157567719e+00,6.322712501974921295e+00,5.910955739951800902e-02,-1.092137791955459392e+01
-6.140636316344482815e+00,-1.103253911687755107e+01,9.206031815929657469e+00,-1.199207791414995450e+00,-1.772314901968164946e+01,5.904623893778889077e+00,6.872741545348279857e+00,4.818523121582704682e+00,-2.173169296957798147e-01,-8.662316080202220547e+00
-7.267655004475655822e+00,-1.304488269013249280e+01,1.091810635953938302e+01,-1.378260649462355714e+00,-2.098996676386693849e+01,6.996682142225235879e+00,8.186827823812320659e+00,5.661032042105305528e+00,-2.711538069799342976e-01,-1.024189431100759329e+01
-4.250227389940401501e+00,-8.034378105120127955e+00,6.465882392630474484e+00,-3.558546024811692909e-01,-1.290326287574099062e+01,4.200983605017642120e+00,5.373866942939709013e+00,3.786912152848533886e+00,1.392900049301800947e-01,-6.312496691381027425e+00
-3.369478441219536879e+00,-6.309641448742741687e+00,5.081774660813048961e+00,-3.869715629702548121e-01,-1.009817567455425369e+01,3.299378910067486625e+00,4.118748849512834376e+00,2.954376204316615073e+00,7.825808030375573654e-02,-4.950660230192658773e+00
-4.494651663526708418e+00,-8.610780799389033291e+00,6.887715653639250313e+00,-1.402512470934070832e-01,-1.386579915868317769e+01,4.486514995989611343e+00,5.980480934774548452e+00,4.090190599745107569e+00,2.345326471194558171e-01,-6.756466116858918625e+00
-6.373892724562614376e+01,-1.211588730538935863e+02,9.743418722468376814e+01,-9.227957909073536413e-01,-1.954263180937026902e+02,6.332772335090483296e+01,8.580906167444503296e+01,5.608772957260478620e+01,3.010106495720688446e+00,-9.464302245071871766e+01
