11791
12469
17582
15383
16655
4418
13264
10359
16952
13144
12281
4863
2616
3635
6441
6185
8920
17543
10280
18958
6126
4838
2550
2995
4401
8824
18943
18222
16718
1565
8887
7104
4446
10755
8669
8510
7453
18734
1566
736
10691
13883
17825
13365
8709
7831
9922
3191
2426
1843
14318
11450
7400
10541
10309
9182
15865
17026
15789
6412
8999
8373
17820
5441
5468
4412
15953
17020
8385
12257
9472
617
904
11817
1921
13941
2362
1206
12020
11895
11025
11451
11675
9441
16514
3454
2502
17815
2029
12260
8880
4621
11336
15469
13676
3245
7137
10047
13369
7095
16566
9954
5525
2050
12553
14022
16101
5369
18974
2539
5931
1123
17814
810
1434
3545
10596
12236
11849
2009
3714
910
10602
12513
12956
11756
982
8708
16780
12428
11174
14355
6118
11278
15841
11289
15590
14432
9650
15853
6842
5354
5897
2814
3241
4554
3641
11444
47
17004
18588
133
6210
13756
7318
9403
8908
4149
13586
18793
6954
5104
113
7534
17918
18987
15480
9316
15728
14924
8094
4703
18896
14081
10517
4046
13965
11045
13704
10137
17366
13788
16055
19615
14306
14009
4195
18812
1603
15578
2196
5909
3442
4451
1379
13926
5516
243
8128
9193
7439
3219
17035
12417
6277
10066
5699
6209
12961
18957
15814
18633
9878
18170
7928
13977
4299
10513
4423
4799
7169
4246
18824
2353
16149
13972
1636
10860
16776
12305
6299
13011
14833
16983
13487
7337
5794
18720
8630
16463
12458
6698
8264
16230
7667
9979
6512
4059
18729
7394
6532
16623
2330
16031
5097
3420
9397
5820
19204
10389
8406
5175
14916
13323
3849
10847
7399
16965
3406
14219
16524
11471
7471
5096
9693
10038
14032
16852
9121
14516
3532
15190
15736
12146
14998
294
1457
2091
11732
1615
7637
8082
1044
14520
7805
3286
1283
6691
6765
5588
3163
9847
16416
11525
624
13337
11308
9809
17195
964
3018
17685
3782
8975
18217
18817
13370
3696
18736
17597
3664
12562
9520
3541
18674
7713
1762
10514
16959
18725
2674
4894
15499
13634
13624
12067
7993
11085
8863
10442
7757
5049
16215
4182
12574
12299
10858
3166
18036
10398
15723
17400
15208
9843
1842
11234
12679
10569
17
8059
3684
17500
3208
17665
9174
18766
9831
17419
1440
13119
8573
12498
5703
480
18868
3668
5225
10432
14485
17106
6643
18810
8627
3919
6093
9932
3074
11263
18590
1145
6243
13084
4800
6353
295
16185
4341
13010
7312
11638
8911
13454
10819
358
11867
18743
14195
7862
15714
9257
3137
17934
15664
18615
2230
18950
11841
16638
15009
6502
18771
18746
11457
17416
1684
18769
17900
6685
13526
3083
7717
5376
13989
4976
10797
5337
9589
12093
6341
14641
7457
17650
15026
669
7980
2135
16542
6814
16348
4933
14111
18744
2709
5662
14894
371
15842
14627
9565
12593
13338
11470
10384
1475
14354
5325
14604
3832
4547
2121
10601
7371
14743
6795
10266
2129
15514
6408
1313
10224
11752
18787
8835
15745
8886
8530
1946
8155
17622
591
3318
7537
15858
678
1361
4134
3452
18735
9803
18854
17912
11608
15351
16282
7967
7401
2813
6095
2143
3603
16495
17296
14782
11425
15507
2846
17859
12248
2797
6225
13401
12727
13436
16417
6175
9178
11810
8418
12016
3692
14387
18777
17475
3984
18362
2729
11212
9596
5921
14289
11549
3578
14045
17152
7011
1428
17877
4238
15705
19018
137
15025
17962
15468
7327
11053
9344
902
755
1269
4765
19264
16082
18431
8924
6931
1640
11300
3930
13406
18911
5580
4679
8029
4655
2591
9815
12742
5805
4355
5748
5423
10117
5195
2486
16755
9015
14863
9464
10916
5823
16990
18757
1346
530
18179
8226
18581
2667
18830
3896
9575
3328
6986
10595
17410
3739
4444
18814
2564
10305
12348
18752
11464
1282
3632
1648
18820
1539
7863
1386
18601
3985
8292
153
7211
2988
1014
17860
7116
16626
11753
9116
1203
17123
3479
11017
17937
13333
15506
4144
10162
8987
5950
6924
7409
8289
455
14196
18681
2171
13302
4044
10286
8360
15701
3879
1815
958
18779
18788
4456
12613
18646
8697
13201
16651
4986
12515
16594
18893
6358
10424
2784
5569
10016
13757
2384
7223
9569
11908
8107
2863
13976
17902
1853
10271
1057
806
5810
18381
169
16579
5995
13758
11687
16786
12037
15449
16269
13449
2875
15391
12828
16251
11014
6482
16381
16870
14828
13326
16811
5907
2332
2883
2158
16704
2646
11937
13087
8446
5208
3130
5884
205
14295
396
1092
10206
13678
7712
13845
1939
4389
11605
17601
15774
7734
3000
10593
15672
2025
18454
9290
1768
16534
12787
9513
12911
3715
14737
9367
8742
2240
12925
3332
14500
3972
11581
18989
2153
17442
15362
9884
19113
3386
8294
14027
4939
18727
9894
5800
7298
13805
3053
18726
18741
5969
15850
8006
2200
17388
1265
5422
15008
4173
5278
1818
6908
19224
1188
12261
7497
15545
9250
6206
6096
7538
11575
11614
14208
1753
14386
14989
1046
19304
11040
16941
5705
13012
14650
1758
8817
4333
2423
16102
13731
6772
9060
1737
19019
11899
10574
254
13780
5157
12480
10760
1807
779
482
6044
11673
16916
6873
17955
17497
17690
8199
5266
4925
17654
8894
3518
18848
5731
13475
18919
7660
12151
16830
7578
15433
11596
7839
18069
8688
18626
9562
12127
18732
3801
2144
19360
1114
8308
10962
3154
14820
5387
4403
10434
12354
15883
8498
12546
13542
9047
18096
17725
3806
2282
11391
2020
16580
1316
1629
11763
9042
1417
7853
18573
4814
8297
18740
18799
429
18839
4187
14557
1258
8455
4247
338
11484
2533
18754
17511
4143
15299
15523
11915
1814
8716
17179
14050
48
6855
14374
4316
6970
15640
9198
15089
7
16343
9627
2178
17156
18742
2799
16919
4494
11815
5082
16686
9944
2535
13262
285
18882
13929
925
13706
16359
15885
4222
8609
16052
12674
7554
12790
12286
6690
4753
5395
8567
6935
4538
10386
3583
15983
14687
337
2757
823
3288
211
5640
17402
4917
14608
8662
7901
3287
16698
8425
11387
807
4847
18412
5462
2795
13362
8078
16902
9984
6348
6074
18748
13132
12819
18488
10589
13847
18730
10205
10485
16056
5853
2632
1999
4008
7561
11679
15606
17768
3571
2336
11202
7111
5508
6040
4087
12840
4877
5617
1722
9588
3494
954
16379
151
6651
12206
9882
17166
16126
9391
7194
8818
4057
2116
1173
870
7466
4985
1403
9027
14418
5464
8622
11169
18277
6168
18990
15225
14722
4861
16948
11821
12560
9232
10866
2269
18818
2301
16634
2836
117
10630
13993
17049
15539
16392
7259
18311
17302
18838
7900
12017
12757
10873
11355
17440
14755
14140
1137
13827
8353
14046
11945
36
10104
16478
6366
1790
2568
17336
308
17058
9926
15871
1514
4923
5944
3757
13257
7057
9216
6167
15579
13355
952
4924
18795
15573
18371
5840
11527
6801
2554
5566
919
2099
3909
11740
5990
10533
9491
13621
5030
4734
18441
10390
3411
6274
14844
18721
9814
8577
13069
9084
6078
4223
9990
18723
14655
4545
17206
3774
12650
489
17282
5712
9966
9265
7781
10452
1184
14983
16444
15844
4744
11896
10376
7357
4263
2113
1395
15616
534
1866
2118
8222
11240
4562
3274
9233
16034
14652
6121
16748
1545
17256
12639
11373
4153
4346
18219
18864
6657
16506
12350
10770
118
6902
14188
11382
7819
18866
15156
2344
14293
14285
17027
13021
14792
1908
6205
15938
11779
16627
10336
11843
11486
2561
8876
13083
13237
13474
18840
102
2898
10511
10465
13506
18462
12258
12665
13726
7822
7186
13450
10161
8869
12111
13403
15597
9062
7790
6076
15357
17194
11179
16927
17438
18308
13133
18883
4841
3631
17494
612
6612
3706
2916
283
11142
16561
8176
12349
12842
6378
17574
18237
2305
1569
2560
2457
3105
9778
4918
14460
16009
4058
14837
13334
3408
11656
19102
606
9227
15722
3148
16374
18071
7244
9603
13808
9688
13
5025
8652
18749
15824
6369
15661
4207
17129
14723
3580
16982
12467
18921
10248
8842
4011
8957
8013
16570
6566
5801
11305
9327
16715
5903
18965
18546
5216
18802
5263
12135
14102
5501
15892
10199
10142
18947
1676
4557
15371
7604 11447
11454
16406
11747
14677
11900
18456
8699
18503
16632
13192
11443
1504
18946
9217
13840
18374
5090
14699
18192
15211
5970
7829
7445
18671
7628
1600
11016
15402
6262
12885
3755
9911
643
6921
16854
19017
10293
11924
12556
14579
17913
11726
4978
10458
13484
3729
146
18897
10783
14372
532
444
14811
9172
11379
12721
18088
14389
12202
14276
9462
12726
5556
6904
12738
7189
9766
18874
4975
1479
9269
2241
1314
15308
9554
6544
12565
8055
1955
10786
8599
15826
9467
18716
1271
20
7972
15660
10056
17593
8538
11749
10037
5322
5103
12743
15852
642
18406
17758
15377
11541
7028
3014
3019
14213
10298
385
15240
18698
13308
7058
18750
14334
3125
14816
12949
11962
6789
2897
14156
5948
3338
10933
8039
1874
14221
8686
11013
7022
11840
15948
6170
7368
5227
16657
11404
11622
4104
4964
17550
18949
17117
14382
1632
18465
8865
12656
8263
1348
17192
9770
5797
11276
8035
3993
16296
7837
4849
5570
9263
16881
3591
15079
7670
10437
18496
5138
6244
5849
1516
1688
7125
4324
3717
1246
9223
2982
5498
580
12739
13138
12001
10777
8946
11555
3722
7476
11158
10576
10426
3847
11893
18841
3225
16771
1119
2080
11824
1974
12441
16099
19011
18842
8572
17099
12459
15189
9297
14564
515
4930
18767
15864
14661
4534
1069
11485
2461
2578
11100
12279
17267
14778
19069
18952
19030
318
6834
15080
18967
15310
2998
10881
11760
16328
2274
19035
13932
9848
11350
8265
7533
14783
17772
18907
1691
13141
12143
3351
16107
5899
13306
8617
12081
17345
1140
10435
11990
10851
7811
17731
4896
13446
13404
7766
4078
970
8773
15805
751
2263
14797
325
7833
15737
10039
16660
259
6573
14568
3610
5436
5308
4406
6568
2754
11468
16214
13764
8064
17495
15064
18233
12644
15326
17702
14623
1754
17995
4992
4274
15226
4807
9978
3080
835
8481
16129
16361
2272
7776
6510
17249
16283
16074
1571
9204
411
7285
307
15730
18774
4068
10952
11801
6852
18718
4258
8237
15306
13981
2115
17933
6001
4999
10255
4626
18792
1330
8499
18
4477
16368
8250
11091
756
10164
3748
18631
8427
12975
5471
17944
13313
6687
1819
13171
12309
3703
17911
11171
12443
8749
575
1301
9046
1803
10493
6218
873
2036
4514
1240
16795
18624
4913
18890
18702
16356
1247
12633
5717
17441
14455
15459
6150
16319
4136
1988
13281
1103
14689
2244
13984
16515
238
15223
15032
18826
19054
8038
14078
16496
17646
13001
7216
6632
5644
4914
18785
7666
15232
2848
18278
9577
3506
13279
18833
17196
18758
2101
1302
9417
17957
14093
12366
4298
6297
1256
5828
19175
15764
9891
18831
2366
13242
1426
16827
1558
6060
12668
16693
15955
8858
2703
5619
7775
4639
2760
866
8110
8527
7308
16162
10982
720
15111
8764
13631
5153
18081
7995
10744
18110
4541
11475
710
7580
1413
1992
11957 18639
18977
6971
17848
1366
10127
15385
15976
13143
2183
5872
8695
13939
18350
13617
1034
4690
18912
5199
2696
768
5900
18363
433
13307
16191
1408
17950
3155
841
12723
17966
9194
4824
10186
1973
4422
18898
14148
9200
19036
5330
16677
10374
519
125
8105
16130
16414
3931
10522
18012
407
2215
1311
6693
11887
11242
9999
18400
13047
6082
10536
16466
8856
15781
13730
10991
12254
6489
7755
9709
14443
18963
17299
10745
10719
4285
13153
13990
5357
2855
18996
3783
8620
14728
10974
17624
6132
1661
213
10351
18509
14422
9727
4623
10508
4615
1243
17743
18745
14468
9885
1170
18396
997
11537
9753
6211
3577
13292
1120
14619
10259
17089
7079
1894
658
11956
16905
3618
5238
3936
15547
18905
12735
4139
9931
2680
2892
9543
1890
17218
16229
3754
2248
5076
7323
16499
1276
11920
7302
9519
3654
15054
1038
5738
9597
17383
15971
10108
1053
2717
6480
18738
1741
13229
1498
631
15972
6294
10472
4034
5105
3310
490
11050
8948
6900
7721
15727
13129
17167
10743
1062
18347
14576
19021
12121
15794
19003
1702
4194
6582
2519
17484
16781
6191
17509
6980
13486
3122
17078
3183
1548
1470
5472
14217
3279
17872
61
14359
13503
8988
5059
857
5277
4009
7361
2124
17178
19076
17821
460
12358
13476
3172
8349
17893
18146
18825
4943
12395
5543
14150
8194
19025
18295
12220
3943
17657
7319
11370
248
14316
1877
13467
5530
461
18323
5922
17268
14752
479
2275
3887
2442
14371
11474
11122
4441
11547
17316
12877
4565
10163
10071
3694
15812
9495
2658
18783
5428
3409
18212
4276
8193
17177
8939
1638
11141
2229
3256
2675
14638
18932
5403
9104
18937
6237
5148
55
10876
14421
2429
63
11201
7356
145
13800
15037
16086
2096
7158
12728
8377
2093
10735
5505
5857
10897
5341
16128
15961
913
12763
9415
10707
14846
13426
15591
16410
11258
1266
3964
9452
12106
7710
2337
15378
19199
18059
17732
16445
18142
6706
15097
10095
14927
1641
9034
804
15330
7785
5022
11410
19170
9228
16380
1836
8969
19089
10182
4193
1868
1404
2785
11811
17925
18348
9994
8357
10428
9410
644
3675
2127
16529
16153
5443
1375
12955
15954
13940
10174
5295
10052
10863
10120
7114
15198
7449
10588
4317
6263
1086
4443
6993
10859
5055
18070
2507
2185
4783
10739
18559
14014
3147
4539
15005
443
10886
7984
1072
14427
1630
6799
11469
16371
18805
9419
949
4723
13607
17030
17583
15021
547
6498
18647
11056
17520
12386
10957
18959
6245
1583
372
11042
6444
17193
13286
9865
2613
10767
17429
8665
11433
352
7141
7218
13535
11959
14332
6785
6149
11354
18200
18770
19080
6549
7317
11642
197
2842
19045
18577
6196
6285
17604
2306
6246
14858 17539
1364
10257
9238
18122
9713
6142
18821
15665
16362
14279
5307
16749
9389
6867
3544
12876
3910
4394
17831
14357
4981
8025
15982
1882
17119
15045
11311
7200
13530
1315
4579
1039
17081
18901
11479
7816
18739
5431
18847
2934
13152
6355
11146
11333
4582
18737
6903
14044
8074
15572
10
5873
3242
18352
2030
18844
15926
6851
13189
510
5313
18961
4990
19108
12880
19126
9248
15254
7135
18621
3162
60
10283
629
9591
10407
11669
7266
16261
8116
13393
3063
1711
14129
2555
1009
1275
11809
13595
4617
13077
9645
2218
12497
16145
6688
12638
4940
312
8372
15946
4912
5596
2885
2958
16400
12230
12355
19006
10124
14727
3716
4648
16571
14672
9817
17052
3575
4241
883
7798
18922
4100
13008
19114
1274
12126
16461
4185
1507
13577
7408
16926
18902
13442
13175
4398
11143
4867
2072
10001
4295
15160
8407
1816
19403
14397
8365
13877
3301
11120
8657
15457
17198
15735
12641
18321
6056
7220
3680
10360
13080
15386
15921
13762
302
3198
14925
18846
14106
9827
4759
15183
15990
8852
2807
4515
11182
18872
1277
6200
11784
4718
17007
7118
13093
8221
1064
12629
16501
12624
5927
17074
7572
15267
16773
3568
1541
11408
15770
5919
15004
15996
13605
1743
13472
16452
12616
2794
13416
16176
9295
7843
16306
2040
18894
9082
7389
2944
3333
15088
3608
10810
18951
2582
5495
13916
7240
12100
1300
12193
6661
9942
12282
2298
8448
14007
5666
8562
1175
9585
13115
12969
13718
59
10417
4553
10233
8031
16817
6343
8725
2531
11999
8656
8010
10320
12011
13796
1478
5125
14135
2656
7536
3826
12888
6130
13850
6144
5650
7902
15683
9485
10543
8971
9776
17623
12370
13512
13804
12866
3143
18426
7884
19155
15155
13105
8336
19431
2624
7181
1757
1822
5551
6884
17870
9111
603
1058
12903
15762
5244
4792
18358
4688
17780
4875
7630
3055
14757
1834
10920
11204
11724
7295
10378
1606
12569
18445
5150
2816
18051
16790
17994
12158
1534
12893
3678
7940
1153
9635
10436
2494
4309
17802
16384
2285
4148
8503
9240
7019
5595
3308
10763
10441
3854
5751
14245
11578
5226
2112
8393
17188
17710
19
3038
5160
9609
18158
2755
639
16722
8484
12201
14030
18318
15177
18997
7481
9187
11950
3497
12153
2409
18780
1245
16285
4437
12812
266
10227
18822
11777
15751
17433
8383
2723
5408
10857
18920
3334
1755
18923
3250
15546
2704
2339
17229
8702
10212
5020
16188
11346
7723
15325
14915
9811
7090
9724
11049
2236
11630
7854
2681
12619
13894
2791
19144
15302
6240
11270
895
9329
8399
9018
5947
10447
6528
16029
8531
11077
5435
4085
12205
10200
15350
2878
2212
17054
11084
8436
2303
195
1613
5745
17536
14513
6722
9573
1931
2726
7562
8528
6569
17154
9242
15985
17274
1322
15126
4784
14379
18472
14128
12856
8784
19033
18545
18041
1886
2572
18226
9474
4528
8981
12554
2956
9311
14472
7268
17789
12781
1402
412
16385
3923
7157
10213
17073
1468
10751
10663
14278
8091
17160
16911
18147
9653
9874
10092
2592
15649
8841
18801
11010
1990
4697
11873
12004
4178
11265
13057
15739
17019
12103
445
734
3188
16113
2161
17658
4323
16293
13216
18768
14835
7783
10742
17927
10845
12076
2374
7255
8756
2984
2464
2534
13492
18695
1317
3773
5512
8735
17112
387
4249
18160
8556
739
963
7064
7241
4654
13689
246
8332
2465
9798
18875
10934
4864
1682
4171
5262
3602
5314
5667
6202
18628
16897
12979
14083
6442
15421
18034
610
6420
4879
15601
6064
7191
5700
7303
1848
18568
3233
4850
17220
1205
11882
4174
12078
9902
15999
7535
15242
12099
15917
17678
4114
671
13090
13550
10831
13053
8535
10423
5523
1052
13124
1494
5791
3605
16989
7994
17204
8391
3859
15307
4470
14556
652
6363
3794
6182
8015
13727
14537
16998
18253
3138
9023
10621
3758
12798
18243
11903
12729
17816
6845
15612
18463
8131
9716
17362
12161
14503
14943
19068
4834
6726
1725
19469
15944
15361
6449
17956
18073
3136
14941
16345
14124
18761
12484
11178
19002
990
7830
7305
8571
15987
1831
4684
4197
16212
16968
18549
18764
4656
402
4760
11187
10896
2989
10069
3795
10391
6059
14212
7772
8090
12341
18483
13528
17057
16458
4465
6750
3240
1099
12748
7477
6165
17381
7692
18316
6976
1577
15396
7446
11476
18453
9546
13964
15485
3103
713
15007
3158
7791
16997
5026
7151
18813
344
5769
1272
15063
11972
5522
15157
16869
13456
18037
6360
19377
8791
9652
11140
6545
9471
12648
7040
11587
12176
17165
9840
3302
14377
17407
3734
11980
15275
14911
4282
11395
11814
16196
2805
16071
3593
15867
8080
4357
10628
10265
10639
5606
7226
1575
7192
12878
16005
425
10270
15162
9835
14434
12965
12730
16397
13243
6579
13452
15994
15699
7059
14738
766
14526
13801
11046
3482
7671
10299
17630
5187
11786
14449
5850
18416
1793
5213
14663
11400
17199
2694
2952
6681
2609
3359
3620
4756
8043
279
1568
12287
12740
14648
12904
3818
17355
13122
15795
14507
5179
16004
10443
9598
18755
14164
14174
16141
14063
16598
17688
16605
7124
1326
8731
6335
11414
2217
7405
8197
10269
1598
10559
12003
15610
17637
17493
2528
15478
17674
18264
11461
2480
3185
717
646
15202
9067
14420
16824
15165
1304
737
13950
2133
8240
17990
13380
1731
12849
6414
18703
9549
529
3230
2383
11114
1195
18403
1855
4099
15995
4560
13234
441
15286
7043
11819
3674
17876
14266
11654
194
5798
6446
7936
7367
3672
16801
18049
11958
7089
638
1022
2993
3297
324
16650
18925
12272
18068
454
2828
18100
18786
6963
18978
13891
18510
12824
16382
9079
10923
2593
8471
9341
10088
10089
18827
13089
17910
18447
14108
15115
15543
16428
2547
6937
1273
4977
14971
13997
3290
5883
9390
15046
9657
17185
10560
12711
7017
7131
5033
18859
19067
5117
15406
2700
5206
13598
6703
10499
2822
9989
5477
1582
10302
3493
6208
10618
8568
12475
878
10244
17594
14784
5565
10939
7378
5145
11473
8546
9359
15846
18904
4028
404
16653
985
742
4533
15336
4096
9387
5243
17221
4506
5611
17924
14343
805
7321
14492
16839
17134
6270
10012
6989
14280
11189
12343
12468
18808
13312
15684
11363
8589
15949
18246
17417
3901
7297
14587
3323
17709
19162
2903
2976
11356
12263
2081
5320
16314
16127
18186
17840
15939
408
15312
16132
19203
650
16994
11795
10377
2965
5728
5527
7767
8667
8018
10854
3986
4830
10633
10817
4752
18871
378
6181
17652
8698
7808
11035
17663
15979
15886
11606
13880
14384
11978
11907
5497
2278
12312
18869
1795
11975
15551
13181
8449
19028
8315
16427
1198
12252
7113
7508
398
7227
4928
1947
18283
17600
6627
7584
700
3932
7155
7486
8198
11754
9388
9590
13163
2140
6346
14786
14880
17521
18837
769
6443
13596
15521
12313
657
1464
4199
5809
12280
6839
16108
3927
14773
7199
19444
11496
14329
14996
15563
16084
17300
17817
7998
16950
19041
49
11866
5349
13642
5536
15437
8922
9805
13802
15101
18809
526
3371
16000
6556
10699
11592
16358
16487
17819
672 6367 9072 15358
10301
10214
4695
6511
7779
8470
10632
14235
19209
578
12535
18877
237
5636
232
9017
111
13473
788
1254
1786
2968
7709
10594
11534
12333
18495
10476
1214
1847
1924
2340
3822
5905
5716
6143
6273
8096
12563
767
770
1000 1180 2948 4618 5862 19295
1411
2032
9115
8823
7201
17013
8754
9644
13747
14974
18899
19152
148
1056
5605
14836
16646
4255
8400
9069
9496
9545
1425
1892
2279
2719
2964
3280
11813
4887 12387 19424
7410
7016
11455
13830
15592
15920
17756
16089
3366
5168
14070
4934
832
1864 19023
1952
2233
13895
6898 8793 11392 18149
8027 12578
16388
16396
18364
5264
5126
11360
106
186
18995
11030
4071
1763
1909
2376 2619 3033 5124 5518 6269 6689 10028 10549 12631 12685 14303 15087 15272 17051 17225 17774
2524
3625
5549
10277
10404
14751
15914
16583
427 2650 3002 5326 6105 7253 7608 10612 11337 11567 12932 15161 15367 15411 17239 19505
15930
6020
9043
10011
12994
4150
7519
8148
8473
8763
10700
12432
18701
217
16520
661 2408 9044 9669 13101
750
8775
2387
12133
3106
6518
6778
13266
8130
14163
10803 13039
12337
16267
17857
18353
18378
18665
19443
1695
2388 10007 19653
4239
19075
5430
8251
7982
8134
8804
9347
17682
18604
18828
903
14769
2111
3142
3268
3604
4926
7081
7294
7306
7872 11121
12047
13860
15827
16187
7068
7889
1858
5442
2042
4133
5597
3751 3915 6447 6636 6743 6890 6918 7133 8986 10561 11098 12808 14139 15003 15209 16037 16460 16596 17443 17875 18213 18516 18985 19539
4162
8056
6705
13058
7273
7741
9041
14688
18498
5067
17094
365 1050 1461 1535 2469 3024 3244 3283 4548 4710 4973 5876 6183 6415 6753 7949 8241 9122 9421 9906 10683 11257 11325 11681 12860 13584 13603 13815 14255 15076 15121 15652 15753 16695 16942 17434 17970 18595
5372
2600
10713
13224
9506
15014
14 1290 4895 4949 6388 9231 17577 18517
15185
17989
2407
17334
11064
5844
13812
6862
6997
8829
8913
14176
14766
15118
206
225 725 1015 2503 2511 2661 3309 3519 3671 3888 4328 4651 5034 5971 6389 8613 8927 9179 9615 10462 10611 11617 11859 12224 12999 14055 14288 14981 15644 16585 17046 18269 19182 19713
340
6711
974
1143
9952
1554
18870
6570
6629
11322
12241
14822
5817 10326
536 1407 2630 2818 4230 4265 4532 5113 5575 6103 6204 6826 7080 7758 8210 8285 9103 9975 13686 14284 15128 15568 19355
3967
5432
980
19169
18772
1696
1770
2606
2928
15937
3525
4119
5814
6600
7380
16017
9366
11458
11465
13633
14342
15593
16833 18640
556
680
801
1199 1876 2940 3051 3403 3463 3481 3718 4343 5250 5845 6538 6605 6809 7263 7551 8833 8968 9218 9606 9631 9983 10292 11423 11890 13615 14002 14097 14514 14809 16165 16308 16470 17153 17231 17648 18304 19256 19277 19433 19633
1482
4776
6896
5407
3924
4052
14610
5052
6791
7855
10035
12492
14037
18044
89
993
1331
2930
9670
11245
13236
14446
16553
17016
17319
18234
18506
19098
2595
9478
9425
10825
11736
11823
12061
12767
18010
2038
8654
8718
9649
11762
15134
598
3016
7185
7233
9090
11803
16730
18342
18623
17928
9539
16468 19349
16611
16779
2913
13995
6734
7974
8477
9810
10546
10940 13217 17015
12570
440
1979 5019 10795 12369
10774
2256
5785
6716
17309
19141
15 4152 8845 10469 12536
14762
3655
6046
19279
10994
11620
12436
391
3647
4503
5985 11070 11607 12132 14039 16955
6147
14847
18030
3247
5409 12947
5839 9935 11420 16211 18485 19236 19361
7870
10538
17320
18224
655
3300 7001 12340 14320 15754 17344 18393 19559
5673
10573
14062
17551
528 3534 5011 6298 8739 9148 11948 12119 15260 18322
2484
4292
6350 9371
2397 2710 9424 11719 11942 12058 13507 13918 15205 15416 15422 17280
4308
6272
7007
7196
16981
5564
4056
6587
6829
7927
13720
16198
18054
84
2585
2874
3569
4642
6303
6407
15732
16363
16721
17874 17914 18449 19557
12486
3490
3902 8219 9675 12294 13568 19273 19407
5494
8343
8881
10891
12423
12543
12655
15138
18634
381 1473 4614 8720 12489 14666 15143 16498 17457 18439
701
2149
14817
2693
8249
12165
12353
18850
855
16248
1201 1779 5825 9199 11928 12123 12702 13677 14903 16394 16531 19524
1679
3085
3385
3745
4775
7930
1037
9987
14419
17473
11783
656 2873
8260 10931 19699
17782
621
3165 4732 7020 13923
8274 9602 12189 13195 17110
17338
19196
1766 16807
3391
3659
5218
7556 15345 16559
7597
15713
17635
18225
3173
5109
6344 6974 14928 18679
12179
13372
15462
18239
114
951
3272
3278
4920 5374 14987 17168 19669
7876
11653
6984 7990 12868 15467 17127 18608
11645
13267
17148
794 833 2649 5170 11767 14952 18975
14830
14887
105 5048 5261 5469 7633 9282 12477 14986
898
3160 11492
3798
500 2817 3159 3548 5016 11217 11378 12425 16903
11115
18029
2512 3350 6521 7582 7677 7691 8410 16949 17039 17170
9412
10868
17496
3884 7364 8668 9171 10116 13097 13737 16505 17845 18776 19498
5940
14347
223 551 3848 7106 7208 10544 12052 14200 15875 17916 18194 19679
7665
1895 2400 3236 3522 3860 4505 11262 13546 16906 16912 16962 17048 19602
14871
2435
3149
11116
11666
11772
11894
965
1287
3282
3802
5133
8778 9365 9563
10862
19184
12945
14913
19145
2517
4215
5248 8736 13432 14984
10956
9005
13734
15096
17298
373
839 1546 11256 14754 16901
1471
2041
6580
1059 19259
2348 10908 11593 11682 13200 14160 14955
2647
3486
17328
16065
18209
745 5351 6959 7282 9077 14239 18473 19437
1362
13619
17425
4523
7075
14004
14511
18775
1557 1804 3556 3597 5743 6889 9970 12397 15614 17501 19704
17907
6496
17174
10687
11207
15114
15884
24 1666 2313 3100 6717 6821 9735 10033 10949 12952 13340 13878 19641
987
14611
6953
17864
401 1857 2498 3777 4546 4720 4726 4860 5513 9261 10712 11574 11902 14319
10585
3384
6764
11718
13790
17000
18933
3146 3263 4596 5756 7601 7684 8426 9064 10080 12510 13915 14885 15389 16208 16434 18432 18616 19451
17291
7777
7827
9550
19130
13908
10396 19303
18094
3725 16093 16647
17531
1668 3231 6141 7786
2155
13822
484
1463
1918 6283 14665 16575 18533
262 7555 10782 11286 16197 18885
9089
16659
7897
16558
2392 2796 5281 11248 12981 12993 18344
12483
1363 8559 9220 13259 14865 16407 18658 18687
4801
12989
988
4325
5729
12580
12714
17455
18953
3285
9661 10720
11339
4736 5405 14963
18119
10617
12871
2399 4563 4797 7091
19131
14567
1122 6334 13367 15333 15413
13296
18988
19551
158 7698 8000 11946 15072 15656
9638
12577
552 2252 5202 6999 8797 13728 16488
10217
5247
9929
2594
4163 6370 8513 11507 12275 15619 16344 18201
8300
11233
18288
311 733 4544 6247 8945 9997 15488 17586 19381
2510
11060
13116
19087
1035
1880 4283 5968 7736 8794 12289 12555 12814 14452 15797
1341 2076 7132 9998 10155 12295 12421 12797 14145 16523 17759
8689
18065
15641
15712
16168
16732
17439
1174 18327
6041
697
1194 2172 2590
1396
1844
4262
8004
9192
326 6477 13848 18760
4364
6978
9517
11870
16665
2202 7923 13647 16764 16880
5975
8933
12444
921 4179 4716 6473 13992 15618
9189
14077
16007
1001 5842 10400 11069 11277 11876 12456
9420
13400
107 2821 2906 4884 7694 10043 10646 12589
5892
944 1172 3026 7438 11805 16150 16360 17645 18452
8526 10282
19655
16014
4558
6783
3176 6747
10740
4430
11089 14875 17715
14058
4219
5283 8255 12659 13538
16333
2862 12054 13178 13405 14089
13888
10762
10929 12228 12435 13098 17187 18914
5519
16159
14651
7745
8290
8962
12163 16045
17102
1235
3034 19225 19330
11096
37 5765 11022 16297
16025
8792
4789
8570
15041
321 12874 13544 15862 19608
6368
10004
16597
1431
5524
6786 10126 10256 14092 15637 19619
12376
15237
17795
12378
2345
5514
7714 7975 10209 10353 13004 17837 17869
9820
11297
16736
2815 5487 5795 7069 8122 10243 19197 19589
3891
11037
14834
18123
2622 4878 5452 5913 8060 8169 8431 10990 15620
6000
18423
14954
3011
3192
8007 8888 9211 9533 10494 10495 12522 15756 15783 17186
15588
2775 3982 5189 5502 6437 7545 8854 8989 12831 13608 18717 19284
9859
13585
15116
38 861 2059 2722 7190 7492 8447 8548 8645 9854 10082 10954 11062 11293 13067 13318 15051 15912 16551 16803 18087 18569 19597
15924
647
2839
2580
4915
6973
10166
12250
18191
16180
2394
12055
14184
15323
17184
1093 8664
2825
12905
10444
10649
15067
17523
19060
2485
4184 7780 18007
10058
7782
9130
9342
13931
14026
14133
14980
851
2571
7342
11194
10614 13368 15931 19124
12490
13559
13818
15106
87
1821 11434 13042 18230 18421
16201
3945
7916
14554
15119
16548
17405
19172
3129
2481 3134 3894 6323 13781 14369
2852
8009
15941
15942
662 5697 13166 14939 15108 16759 18343
2151
2847 13025
5234
10060
14944
16110
18656
3504 5379 8113 9063 9875 16040 17608 18214
9396
6455
9300
8951
12826
1767
2012 3182 3959 5991 6227 6228 8225 12090 12891
2736
5078
15861
10706
15677
189 909 4236 4806 6599 8350 13968 14100 16847 16851 18165
446
2208
3852
5764
7195
7288
8973
13190
14428 15673
428 1369 5094 9004 10586 12838 12912 13806 13942 15721 17205 19671
19623
3941
5973
9114
14447
762
1121 1739 2526 2769 4342 5976 9950 16354 16958 18722 19278 19500 19590
10729
16840
13540
18443
19005
16878
9335
4788
12207
12271
11659
14186
3574
6140
11229
9088
9991
12818
13092
19015
1896
2304
2827
3035 10019 13659
5123
5367
5855
10747
269
2438
3177 4318 4665 7525
12157
3957
13161
9221
8117
10718
10899
14800
15757
17617
2745
10607
850 1320 3752 3939 13833 15688
929
4344
7101
9943
11998
13346
15945
18066
18256
15470
4413 6727 7642 8655 9386 11080 11231 12939 15787 15907 16895 17182 17766
13023
18935
8174
11774
13134
8
46 278 291 1055 4635 5879 6038 6975 7134 9784 10532 10987 12940 14768 15461 16134 16711 17387 18248 19339
2090
4360
4931
8228
17983
19409
2228
6656
15695
15829
18733
1142
1530
1925
17371
2053
4131
4264
4511 19239
5755
8123
9131
12927
15251
17333
19315
18710
3524
3557
5757
9537 9968 19681
10129
18930
13325
664 7574 7626 8451 9408 16098
927
5061
2574
5824
18753
6527
7092
7098
14771
100
10260
705 4049 4204 8603 9235 12747 12926
14897
16218
6146
15504
1982 4680 5377 6309 7997 14731 16050 17145 17653 18487
5493
15490
9717 17899
19324
18290
53 611 1071 1650 2283 2579 2907 3009 3248 4496 5344 6013 6214 8311 8616 9525 10791 10826 12184 12737 15291 15304 15639 18215 18474 19423
926
16565
4374
14618
7235
10964
11397
1262
10109
11127 17633
16032
2923 8277 8651
3908
6770
7953
9651
10168
11268
11879
2525
2879
5072
6592
11977 13604 14714 14716
14519
17776
112 2627 8647 14327 19001
3977
6468
5615
16002
8683
14185
16320
393 5021 10145 10156 14134 15877
613
4994
2527
18021
9795
11796
13973
12048
543
1820 2209 9897 10981 13920 15405 15700 19047
2245
6248
6451
10335
15431
17538
1196 8333 8746 9243 9309 10324 10776 11206 13209
1574
1733
9691
6382
15441
18862
2181 2314 2610 3324 5142 5545 7052 8363 10883 10975 11225 12190 14033 16785 19533
14818
7890
11371
10502
4198
5294
14236 15952
16068
4322 10422 19586
6790
8154
14431
2939 8533 17084 18648
4683
6644
12647
5224 6062 15159 19473 19695
9806
18928
12759
1178 8767 10334 11273 17502 18515
8095
10421
13669
17723
1828 3284 3455 3670 8299 13479 16024
3258
3652
5591
5664
2497 6714 10438 13451 13979 15540 15936 17041
4416
4633
10221
14321
1006 7382 8052 8604 11251 13382 14154 15320 17303
1424
2325
5107
14125
122 2054 7729 8120 8811 12232 14430 14487 17164 18011 18765
967
1202
11788
4766
7109
11538
587
4772
9788 13672
14109
16544
16547
4165
5528 7769 17139
10121
4391 6844 10542 15589
4404
15901
1289 3611 4319 6508 18244
5721
6813
7437
1171 7456 8586 12983 13561 15148
7229
14029
2437 6048 8808 10473 11149 17670 18641
18645
1414 2425 2752 7733 9362 11249 11570 14461
13761
1156
1756 7515 11705 15012 15127 17712 18497 19548 19645
13220
6039 7478 7861 7913 8287 10711 11211 12703 17097 19137
17247
969
7093
12389
6695 11029
15697
19294
1149 1324 12804
6779
9634
14020
15006
1310
3769 6478 13986 15212
11586
16275
264
749 1169 1805 12547 16347
6513
9621
10111
16867
1136
6024 6261 7161 13392 16039 18148
6256
11739
13059
874 1418 4462 11319 14132 17596 19519
11390
10105
10973 18242
15456
729 5529 7546 13054 14335 17626 18152 19567
13722
17100
2197 4005 5992 8765 12882 17556 18270 18384 19411
7654
12929
18499
559 6022 6524 7000 8726 11173 12873 13212 15369 19385
12869
14832
18873
18583
793 4755 6300 6831 7146 7594 7600 8583 11144 13835 13991 18109
11812
12845
14415
3693
5088
6186
8659 9170
85
330
1508
7801 13794 17631
9191
9696
10600
13663
679
2159
2972
3201 5340 17141 17884
3542
4151
5003
5329
6033
9071
12167
12973
632 2341 9414 16783 19331
2386
3151
3224
3906
8982
10604
13278
13656
13657
16244
3205 4358 4954 10327 11799 11914
8126
13692
14349
15263
17963
18685
8139
897
1586 5012 6530 7358 7773 14473 19634
2870
10811
12514
14633
15628
188 908 1004 1960 4787 7213 7422 8014 8884 12330 12537 13284 15786 17889
11445
14117
11913
17673
18585
439 1163 1996 2046 2047 4955 5050 9339 9637 11038 11372 11493 13682 13696 14201 15414 15513 16023 16918 19240 19684
4291
9733
16349
2996
2316 3179 5315 11536 16097
2347
2927
3561
3823
4712
5373
7924
8381
11303
12503
13186
13289
17111
83 666 853 1294 1337 2266 4147 4591 5577 6349 8167 10306 11564 11847 12044 12141 14229 14423 14734 16568 16735 17262 17765 18262
6049
6043
6933
5550
6453
8047
10457
14254
88 3206 6115 7234 7726 10135 14845 17854 18361 19682
501
12101
14979
11885
5918
8099
9325
10749
15766
8435
5132
2418
12623 13453
18287
356 3708 16676
1125 1862 12958 13809
6800
8545
9477 13154 15034 16631 19717
9515
1678 4070 5384 7549 9301 10790
12637
7313
5296
2356
11005 18481
10171
212
5393 10833 15866
3966
9872 12039 14352 18563
3358
6071
6827
6950
8844
160
1552
3844 13505
6315
19492
15279
811
1435
7796
8637 12062 19166
10315
15690
16123
16545
16688
1547 6833 10779 13464
5613
6116
9686
12980
13935
19343
546
2516
3399 10479 12418 16274 17323
3600
15784
17125
888
1958 5984 8067 11208 11518 14948
6966
6761
6939
7707
9612
16088
16220
351 1007 7725 9355 10912 14686 15704
2204
14147
10178
11221
16685
142
776 1752 5458 5589 6988 11007 18105 18459
1527
3304
13925
16284
17454
1841
2447 2985 5299 6526 7935 9605 9674 12697 14040
4693
7397
10464
10685
11055
3099 10352 10408 10765 10861 13330 14658 16300 16453 19508
17757
9461
10119
13235
791 1063 4660 7430 7802 9867 14210 14934 18594 18696 19621
4521
14592
18223
2545
2834 3357 3779 4019 4853 5165 6766 7180 7748 8805 9808 13639 17133 19416
12000
16980
3184 9592
1388 2727 8837
5770 7507 13547 16104
13146
13601
2186
2201 5540 8795 9177 18655
499 3505 8839 12007 13341 17418
4646
11401
928 3938 5331 9873 10679 15328 18948
410
521 3866 5906 6460 9760 12599 12617 17490
563 4952 13902 19380
19186
15556
2553
5553
6818
7845
8051
12089
15520
16265
17018
18888
8494
6356
13724
17514
3856
3963 5639 6021 6404 12567
18798
17427
11223
975
1154 1673 6091 8111 8782 9241
1415
4733
4812
5285
6664
10098
10820
17055
17305
16313
97 204 2537 6628 11160 16270 16423 19687
19237
3747
1888
747
8936
9008
11807
15626
3546
9887
11919
14406
14763
3392
6012 17636
11216
11381
1957 7072 9678
2005
18108
4383
5674
8544
16125
17424
1654
2039
7915 8564
9756 17128 18910 19031
11735
13208
14509
1622
2476
5895 9611 9698 16479 18009
5964
4751
15081
7482
9823 10814 10895 13872 15802 19056
10185
12967
19342
1680 7006 8347 8641 12374 15147 16431
2671
13562
3174
14216
1
608 1309 1801 8141 13545 16703 17897 18134
12669
3430
17393
18556
558 4125 4127 4161 8834 14905 18240 18380 19528
1712
2478
6281
18195
18043
887 5722 8608 9286 13429 14069 15244 16973 17729 18934
2367
2983
14230
13829
14270
488 3487 5185 9319 10419 11316 14073 17236 17599 19128 19404
651
1715
15835
11317
15602
1829 16872
1980 4540 6887 7015 8591 13191 13572 13674 14477 14869 17169 18161 18425
8801
16680
17357
17585
18724
690
5998
18908
19187
339
6102 7674
7640
10087
15993
18895
18903
893
2845 15958 18097
4504
17763
960
1693
8836 12455 16311 16329
17563
18042
18561
1911
3010 3831 14061 15798 16033
19156
498 1021 3135 13680 14456 15392
10102
11364
18415
230 881 1193 3881 11502 11691 12935
3044
5761
11147
13749
16049
18660
5594
2295 4107 4339 5833 6061 6234 6846 9481
3645
15986
2365 3439 8906 9780 9876 11743 13945 14390 15992
8796
15180
298 1656 4224 4786 5217 5683 11993 12920 13886 18855
14346
16036
18668
3289 3638 4590 4657 5485 7942 10626 12620 14242 19546 19628
12472
16964
15598
789 2648 5448 5500 7247 7648 7656 10842 13851 14158 17343 18466 19543
10620
14228
511
665
2413 2416 3139 3789 5759 9959 11931 13795 18505
10635
5115
8386
16741
9828
15562
16217
17730
124 808 1652 3349 3997 4259 6077 6595 7587 8878 9813 10416 11352 13742 16171 16672
5534
9404
3559
6232
6416
9066
11637
12862
19064
4213
9058
14348
18968
5429
2602 7004
11717
12327
12879
1573
2915
5702
18211
9748 12652 19312
11652
18900
2130 3565 4581 11139
17245
6484
5046
7586
8272
300 1927 7261 12875 16016
5620
5914
19008
11585
14365
3312 5961 12844 13285 18392 19402
8710
10660
12683
11453
13683
14358
16883
18913
5434
6704
7851
7914 8816 11934 13310 13591 15010 19455
9486
9772
10843
2462
6663 6915 6917 8460 10681 11721 15200 18385
8456
8463
282 1074 1129 5336 9333 10942 13705 19127 19438
354
12488
1685 1941 2268 3705 4974 5661 8160 15245 16681 19603
3341
19465
6119
6864
8394
18969
1139 7607 9493 9796 9861 10101 12394 13149 13525 18328 19654
8549
5696
11148
126 1088 2261 4919 5558 6212 6509 9593 9752 15586 15916 16264
8670
14484
18994
5603
8997
9276
1292 2308
2122
13838
17101
1041
1728 9511 15492
3362
8963
18865
3467
5161
6604
7252 9184 11023 13497
11834
12059
15820
226 4991 9195 15344 18229
469
1350
3075
18609
15298
7274
18320
130
711
754
18338
15832
3006
4209 6163 6694 15379 15897 19085
4962
760
829
15934
2194 4053 4254 9377 15498 17640 18424
18603
2450 13435 17011
5537
7117
8302
8935
13541
18763
886 3082 4815 5691 5864 11002 11506 15331
4709
9146
11362
12239
129 1352 6729 10094 10165 11737 12821 13335 14205 18778
14617
18272
2659
11728
8011
15439
12713
18791
735 1244 4006 5410 6615 8779 11838 14600 15068 15646 19405
15071
2242
17430
10122
11418
4829
3169
4142
8397
11462
11500
14625
19652
466
12463
5831
6337
7377 9857 13381
8729
11641
12938
13998
17591
19271
136 2864 4927 7973
2702
5255
6006
14997
6638
13905
9040
15020
361
1922 6960 7771 11648 13590 16409 17213 17708 19174
2352
13644
10813
3929
9769
5568
6260
8023
14464
14594
16058
3453
17008
6109
1013
1232 5695 6650 6718 7039 8231 9969 10943 13407 14290
5130
7848
13583
17176
2391
2544
6327
3861
5541
8242
8761 16194
9000
10341
11386 16513
16522
1775
1936 3260 10565
3492
8356
9162
13461
18176
18552
3343
4388 7553 7704 7874
15039
18860
8862
10006
13072
16966
1223
6037
2859
5267 8161 13309 14945 15659 16761
5343
5668
13158
14802
413 581 1572 8164 9707 10110 10154 12640 13870 19229
18395
1293
3960 4469
16316
10638
9703
11508
11601
138 1825 1983 5956 6069 6423 8046 14408 16459 17071 17369 18193 19157
1833
4113
4275
4478
19231
5478
14882
12883
15075
374 12751
577 648 1207 3388 3767 6394 6874 7307 7787 7807 7964 9411 10798 12244 14380 14436 15060 15095 15998 16200 16756 18402
1729
16856
4622 6065
5806
6036
12328
2051
15410
4337
5066
15285
933
3377
4968
16301
9280
12445
12505 16525
13184
150 504 683 1185 8523 16714
4157
688
1018 4959 7499
2117
9346
11288
18106
207
1023 1334 1759 3507 6922 6930 7458 12579 19202
2887
8138
5420
5929
9081
9672
11448
16625
459 2492 6405 6802 7484 12071 12223 12863 13000 13970 15711
708
4226
18189
5091
6812
8860
11335
6376
2443 2853 2904 4450 4535 4542 8800 9453 9516 9964 11828 12772 14157 14273 15743 17360 17486 17548 19408 19491
17216
10216 13019
11112
16758
18663
979
6317
7256
8404
9343
11452
12440
13052
1943
5725 18543
12460
13755
15621
333
783
2415
2669
3346 4911 19580
3811
8550
10771
11497
16122
314
809 1191 6708 6882
1152
5771
8317
8458
12218
15122
1168 5182 10917 13463 15317 15440 17785
3828
11509
7523
16139
19084
946
2536 3662 3918 8991 14170 17044 19039 19454
12801
5353
5732
12564
15808
16155
821
1512 6994 7708 8351 10262 10901 15158 16401 17679
5121 8472 17121
4438
10613
1090 1371 4509 11340 11965 12221 12600 12691 14322 19640
3496
3440
3889
4561
5766
11334
15342
17735
171 233 3354 5532 14718 15117 15398 16578 17040 19506 19686
3227
8049
19352
9524
11359
800 4033 4510 8413 10134 10176 11994 13055 14011 15970 16555 16678 18547 19212
4103 7981 10970 16170
5080
8807
11766
15058
1734
1802 1813 2638 3759 4045 4859 5316 5455 11613 13963 14501 14866 15561 16667 17228 19701
14103
5871
6723
7053
7992
12968
16425
709
12357
1339
2734
2738 2959 8838 9663 10553 11152 13142 16953
2768
4372
6788
15043
8318
10900
11376
13551
16222
17276
17811
17812
19165
173 4026 6025 6172 6236 6534 8162 8491 8730 8755 10730 15250 16373 17009 18150 18571
11556
14819
11071
10750
10993
11441
15154
18941
19617
18296
4409
7338 19691
7464
16535
14736
1133 6640 15681
2232
2354
4808
12115
13909
42
593
1380 3804 17559 19622
1897
9352
3353
5099
6820
16490
13500
176 1959 14958 18622 18887
2225
4117 15689
6613
9647
9673
12030
16844
453
1078
1419 2349 11021 12706 14896 17560
7883
2141
6822
3870
9690
11222
15019
19446
1466 1867 2971 7559 9169 13317 17293
2932
7512
10581
14187
17941
18971
81
16913
1614 2617 3743 3809 6373 7715 9128 11036 11383
17836
7245
9323
10855
13816
16138
2017 3433 5526 5686 5793 6756 9314 10045 12765 12895 14922 15170 16351 17025 17034 17038 17562 19014
4674
17598
19316
27
7589
9629
16120
2249
7061 16075
2841 6174 9536
12013
1374
5714
15731
10885
10887
13784
16641
1399
2063
2664 8897
247 9255 14338
6329
2523
7817
8392
13271
11083
13513
18306
1651 11798 14250 16812
10000
5915
13206
9958
15098
17973
19072
19081
181 8441 13862 18610 19676
2439 17806
6796
8132
9002
9033
9376
11198
11733
203
718
1370 1481 1645 1727 2154 17241 17644
2521
11927
4041
4632
5460
6541
7615
15061
17488
11940
17686
1501 3582 4764 7514 8700 12733 13244 19612
8687
9529
9530
18257
18880
16053
1225 1716 2686 4667 5228 10497 10597 12780
1607
2677
2731
4459
9138
9699
9939
12712
13552
13713
16740
187
190 533 1520 1526 1744 1789 2644 3266 3480 4183 4771 5562 6434 7082 7258 7271 7573 9982 11588 11862 13350 13793 13983 13999 14584 14965 16070 17886 19657 19659 19660
6646
7008
16825
7370
9936 17062
10021
11625
11720
12364
16886
19369
8303
10666
12104 15100
13273
17278
165
6347
7532
7818 9736 14571
12172
12700
14527
2182 2761 8826 9839
5394
9215
11877
1642
2645
2679 2973 5098 12575 12776
3601
11032
12319
10330
3825
4424 5665 6787 10937 13687 16829
7631
8388
18261
3037
4852
5600
5638 6879 10669 12527 13753 18542 18806
5860
784 3733 6574 7299 7311 14275 16144 18435
2725
3469
7074
9877
13104
14262
3551
5641
6467
7026 7050 9451 11314 11327 15662 17867 18508 18918
7957
17773
8140
1453
2222 2428 4474 5293 6293 10849 12063 14960 15761 19095
8581
12597
13029
15102
200 2636 5023 5651 5960 8905 8915 10152 11343 13520 14146 16915
1108
1581
2057
6665
4942 12129
15634
852 1567 3190 4705 7494 7650 8593 9021 12310 12688 12892 13640 17704 18204 19059
6669
6981 14252
15404
18562
25
10181
1327 5347
1333
19282
9455 13743
6286
5015
7821 11516 12561 12959
14360
2701
2763 2780 4701 14582 14733
16178
9682
17335
18382
18468
208 7933 8802 12835 14410 17292
16193
13821
14031
19195
474 1345 1742 4966 5051 7899 11771 15233
16209
7892
8781
15409
6332
4220 8424 12321
2733 4870 7363 7448 10022 10433 11794 12753 14674 15442 17257 19689
359 620 2203 3047 3721 4727 6331 8358 8705 10348 14985 16204 16286 16567 19150
939 16080
6707
13650
16871
242 2226 5656 7148 8342 9643 10662 12768 13729 15692
626
19310
2802
13744
4201
10463
14016
8712
10228
10456
12028
17140
17769
19091
554
1944
2092
6051
13814
15580
287 11065
9251
9807
10629
10634
3436
3484
8853
6466
7222
7756
8438 14177 15040
10258
10303
17392
1010 9053 14824 16517 17314
2788
4405
4652
5361
7296
12149
12214
15855
18060
284
472
1308
2482 5286 6290 12398 12724 17844
5780
9382
10380
10615
15965
16001
70
8901
1158 14116 16794 18172 18677 19185 19705
1329
12025
3229
3768
10172
12283
905
684 702 3345 6112 6217 7341 7404 11971 14426 14642 17365 18118 19526
8016
4488
9719
3373
4796
5608
10368
11057
301 12924 14864
13014
4498
3666
12921
5289
9155
971 5241
999 2844 3621 17208
6231
3510
13893
4564
5270
16387
18235
1344
2243
3996 15624 16860 18417 19302
6198
11831
13293
13996
14497
19650
19306
1147 1808 4186 6259 7840 19662
8758
2603
3061
10605
11750
11848
16483
456
468
719 4608 6015 6267 9535 12571 14211
1305
10009
11632
11413
17367
1397 2170 2706 3342 6199 9059 9479 11658 14167 18349
6798
12478
14222
14578
15365
13651
7686
1025 4661 4946 6673 7170 9917 10370 10913 15216 17784 19070
10373
12253
16788
848
2251 4627 7070 8690 8776 9383 10658 13174 15270 17036 17855 19461
3276
6652
11545
16699
18672
86
1502 1870 1891 3410 4641 6901 7623 8798 10484 11213 12041 12606 15880 15903 16051 16064 16822 18001 18114 18125 18667 19311 19685
7345
8100
8634
9721
724 6979 9679 11603 15755
10310
2021
2079
8281
16469
16528
18867
304 917 2290 4013 5658 9779 10160 13681 14085 14933
3523
1703
2323
2929
4818
6806
7177
9454
10827
19038
367 1157 2224 4260 4606 6151 7685 11670 12197 12853 12854
1234
2975 16564
4095 14798
3732
4610
4827
5037
5178 18140
10097
10232
12198
392 1697 2449 3807 3965 4051 4420 5254 13411 14437 14639 15086 19415 19591
9742
2501
6325
7381
11781
12450
15484
18676
18986
19207
236
8054
15768
3039
3790
5753
7814
12195
12332
12769 15807
14993
15966
19344
4922
4287
6773 13708 17532 18250
8313
9048
13817
16618
16439
1559
2098 3821 8306 12749 13249
4587
6837
12314
12124
12464
17849
627 798 830 1519 6133 6686 6797 7164 10608 10623 15483 18252
2750
3347 19029
11952
12944
16907
19103
452 522 1321 4650 5720 6439 6479 8552 9836 10880 11932 14696 19154
8748
7232
9229
9892
10728 15643
12019
17728
19049
1218 2810 3209 5333 6912 6987 8268 9934 10167 10724 12145 12318 12400 15968 16047 16327 16332 16702 18592 19605 19708
3413
9310
9356
10284
17629
13339
3576
15777
464 2820 3434 3540 5694 5891 5945 7031 8788 9279 9287 9372 9947 10148 10151 10684 11230 11521 11883 12075 12293 12500 12635 13715 15000 16462 17666 17862 18098 18301 18332
2338
4065
4297
5463
5954
7435
18231
18513
14074
2858
8747
2540
15585
14849 15186
12174
14785
6554
10821
12889
16543
18093
18800
3093
6578
6870
7740
11003
12481
12594
17661 19194
765
4257 6264 13826 19010
17959
6265
12657
9715 13563
14052
12087
5917 6824 10568 11309 17122
7858
8500
11526
16367
18587
518 1528 2565 8864 9799 10686 11995 12437 15609
2877 10219 11553 13127 13228 17088
17940
11104
10065
14730
15303
15427 19427
436
8206
1455 2160 5332 6562 11912 12177 12284 14616 18091 18206 19382
13254
8714 18548
9185
1904
2884 4106 4335 7500 7752 8632 9151 9252 9667 12495 12785 13028 15277 15486 15717 17295 18337
3951
8489
8284
11583
18387
14165
3749
4668
5710
13465
15583
11800
3380 5192
4858
7219
10365
17223
18469
5304 7929 8623
18398
8057
10498
11594
13553
16027
19351
3792
6631
7598 12074 12664 19181
7611
16588
14781
17954
13276
1537 3911 4110 6080 6253 7718 7825 8005 9623 13491 19016
1910
6257
8996
8509
9416
12687 13188 14323
14522
916
935 1708 3193 6675 6968 7759 8310 9470 11274 12051 12404 13117 13155 14079 16192
1522
3133
3885
6608
7018
11939
432
531
545
1499
1823 2037 2404 3893 5272 6929 7590 9091 10055 11844 14173 16182 17477 18113 18154 19614
11591
12235
15560
18428
527
550 1510 2607 2808 6203 7836 8724 9051 9302 9578 10041 10737 12511 13095 13231 14351 17659 17696
3877
15489
12307
5024
10717
13954
16066
7152
10651
13173
14388
14901
18927
1181 1745 5642 7322 8185
1242
2007
2735
6899
14700
17308
630 3713 6032 12390 17687 19636
2920
11250
1325
5889
5955
9036
12732
14398
14454
15767
16090
730
1356 4874 5910 11874 14966 18666 19111 19191 19329
3415
5162
5965
13123
17482
11918
12454
17764
573
714 3387 3813 5754 6003 6005 11688 12285 13130 14411 15276 16412 17703 17720 18591 18884
3062
3458
3588
7485
15463
19050
911
1401 1447 3007 3456 5118 5438 5476 5573 6158 7516 8998 9161 9559 13048 13239 14732 15339 15346 17445 17905 18078 19516 19540
2558
14746
3521
13876 14808
6271
6413
9767
15445
15779
799 1945 2634 3834 4714 5604 6520 6742 6805 7217 7257 7387 9972 10322 12032 15372 16717 17321 17960 19668
890
5865
17873
12268
12914
3947
1222 1511 1883 2589 4543 4833 5578 5653 5815 7625 7682 7744 8757 9903 10278 10590 10768 10996 11108 12966 13336 13778 14538 14978 15428 16616 17351 17952 18367 19167
1485
3127
13543
7621
10802
12002
12803
16298
19260
3128
6153
6794
9225
19600
17002
1610 4993
5843
6459
6557
11700
13875
13913
15666
18832
1796 3880 17892
4118
5920
14510
17755
4332
5951
7320 8681 16026 16233
10892
15452
1618
2452 6433 11559 11960 13316 15311
3056
3271
3419
4141
6464
7541
9794
10245
15678
17625
15529
1863 2854 4449 8486 8983 11136 17997
6099
11097
11463
2004 2957 5390 5734 12493
5996
7336
9571
13751
18511
4634
1270 8993 17787
2095
2402
2463 2563 3449 4192 9180 9976 12316 13754 16859
4002 19399
5790
7639
6514
9476
11488
16169
16569
19129
4519
16484
16938
18688
18794
959
9284
8760 10446 14237 19592
9208
10411
18434
219
507
695
1166
2307
2683 4956 7655 9360 9802 19290
8972
11597
12368
15168
17281
2255
3118 8959 9368 12022 19401
8660
12136
14558
17183 19065
4455
8737
11264
584
744
2164
3418 9683 15831 17492
3535
3800
4607
4963
7025
14345 16574
2798
5747 6744 7703 9010 15289
6475
8173
12229
14799
15693
1776
3246
6019
4647 8301 12192 14750 18220 19088 19518
6920
11438
11884
12476
17325
18302
18980
11845
943 1213 10674
1066
1323
7605
4791 15246 16687 16726
5017
5957
5962
7820
10132
11818
12331
4685
7202
7690
10249 15872 16307 16338
2334
14259
15056
15412
1865
4719 15587 18691
8106
9201
2800 12159 14827
5610
7951
18815
10406
1117 5230 14813
3111
3485
13270
13534
6662
11992
9230
16383 17777 19328
3626 5535 10003
7041
4145
6311 6476 15847
14555
3842
6501 18365 19230
19228
13099
1690 11664 15500
9124
1219 10834 14366
10420
3375
7359
7697
8600
14684
876 16336
2270 14241
11072
2027
8666
12461
18284
5719
16012
5504
6529
3232
10563
6372
14445
2529
5672
10106
12778
14060 19044
14580
15315
8201 14968
18574
18112
19248
170
2660
5869
4819
7309
8928
13501
13982
15036
19261 19584
3381 5303 14376
19058
12465
14747
15163 16157
3555
8325
12166
787
1250
10371
7325
9660
14838
15238
17147
17826
9689
6853
9542
2946
5256
12046
13511
14435
15125
16167
2759 6774 14099 15033
7867
9152 9153
9154
995 4351 13978 14764
2011
19609
5994
8384
15922
13170
11367
5433
8602
1991
19153
16868
2991
8261
50
5841
8770
1902
2654 4537 16151
7895
15834
3017 5439 8312
11163
56 329 17775
1263 16494 16961
785
803
2652 9292
17202
9331 11966
9468
10967
4310 8171
405 19536
19116
3949
11431
4460 18536 18998
15988
1130
7504
7552 10054 10487
8921
10794
394 2381 10439
2138
16305
4989
16797
1138 8149 18178
1806 4967 19412
11589
18397
1412
1830 5193 8053
19263
1938 6880 10026 12300 14088 19104
11864
14742
17422
3326 4854 4971 7352 9915 10468
12933
4568
8964 10077 10449 13245 13600 17996
13444
14753
15321
566 4899 10733 12504 13156 15091
3760 5041 7567
8952
12550
1047
4146
4837
5520
6932 10002
9510
973 2625
7732
8108
13912
15123
7489 9375
2035 12021
8280
4602
9400
417
4240
6859
11631
11963 13108
1159
3043
3950 4172
4790 8163
68
6576 13898
6848
8543
11024
11279
12056
16674
7585
10680
16592
16806
18653
1505
6291
5265
1621
4795
15501 18210
11226
14090
80
4987
1438
2368
2937
11974
18074
18291
5481
2866
3886
4293
4402
5356
7140
17519
3161
11530
2220
8115
1800
9726
942
13046
9006
11368
17359
1281
11663
12523
3164
16166
16996
6108
10201
9205
11785
15878
15742
39
7300
16975
11117
4910
707
3962
15110
15839
10112
8780
9648
399
17378
3594
6741
9886
11467
3468
9581
13803
16440
4653
12512
18759
1091
2843
3281
12010
18002
19217
19367
1231
5533
14203
10372
11742
15348
14545
5006
3400
3428
3850 10215 17929
6940
7166 7797 18085 19490
16725
17406
5 790 11145 11647
11218
2276 4286 4890 8941 9850 11684 12033 17087 17799
3980
18625
6385 7187 8187 9595 11635 16482 17010
10399
14244
17063
403 8213 8582 9357 15950 16757 18410
2454 2806
3533
15810
250
4856 9949 10240 13113 15341 16186 18173
14523
16263
3876
5371 6647 6648 7570 8181 8961 17271
12603
11377
4782
14370
18664
98 10800 12315 14166 19099 19345
420
986
2459
2970
3211
11393
15300
18265
1241
8389 14494 18388 19594
12559
14486
17522
1164
1509
4021
7077
11857 13246 17093 19042
15066
2690
4039
5246
14550 18966 19242 19293
17833
955
3644 10500
4951 5590 6906 14815
5392
16240
3585 7563 7999 13348 15287
11514
19051
303 6229 7622 11540 14536
1146
6863
7283
19250
8925
17421
19115
101
379 3396 10512 11009 18375
15293
5200 19616
7737
10402
10583
12086
11412
5152
5856 6776 8127 9706 14602
6250 18045
18956
9399
10079
14539
899
3249
4035
4593
7612 10640 11095 13777 14227
221
473 2299 4839 13948 16317 19046 19300
4846 6266 7495 13532 15334
6639
6995
17212
7509
18139
1307
11982 15869
7880
9558 10835
2398 12083 13725
17797
849 2119 3451
2626
3295
7978
14870
16684
19188
6561
9801 14251 16971
12725
13578
2018
2254 2917 6550
9514
1975
6854
14992
8230
8320
10125 15329 15450
14264
1585
2343
2432
3299
5284
6396 7503 10366
9889
15167
2758 9426
2762
2969 3113
4658
16728
10848
228
3702
8909 12329
17050
17380
11
1098 17896
1372
2211
5139
67 2711 4476 8069 10294 15635 16322 17397
8587
116
2444 3029 3634 14502 16183 16957 19418 19563
2994
5073
159 5979 10036 14512
5811
7794
8916
17420
16256
595 1861 3914 7989
8903
11008
14226
18707
2787
6255 18955 19488 19604
9409
9594
12131
2506
4017
4774 10143 14921 17879
6962
12996
12707
5830
8707 13261 14375 15792
16731
12338
15447
15571
13125
19272
2496
10701
128
1517
2296
4066
5688
14855
19161
1963
3150 5567
12065
596
1204
17398
5718
1077
15438
16670
17619
132
2284
11260
9665
9992
1450 14482 17085
14405
1592 16273 19677
4159
7347
7493
141
2380 7789 14168
14566
16377
2342
1226 9765 11629 13688 16091 16589 17611
1840
5196
1070 4777 5240 7354 17946
1964
15685
16729
17340
290 4067 6564 7658 11568
553
555
15354
19439
6654
3958 5401 9512
9271
7100
17470
18617
16 6653
3292 7162 9256 14562 15395 16679 17564 17788 19280
4763
16770
12690
1127 2277 4802 6957 7583 11515 13016 16500 17667
11246
15974
157 4483 10264
1906 1995 8970 9566 10197 10806 13957 14302 16018 19496
5180 13301
17472
3475 6571 13352
14906
18444
7543 14741 16112
9351
2947 9020 11353
7038
16909
1279 7447 12424 19283
7834
10961
11203
164
4081 12960 15569 16805
9459
15741
18171
18643
2713
2812 5418 11125 17132
6314
8370
16502
18993
1469
4370
17537
8314
8579 13345 13904 19613
15595
5450
9790 9793 11394 13390
16690
19346
2604 8663 13300 19484
9492
11092
11111
586
1462 9980 17272 17805
18120
12 5323 5576 16894
7315
13919
166
341
368 9007
3883 6672 7651 11266
3441
4289 8745 14425 14599
6213
7925
8814
19055
2471 6171 8253 11820
2651
18960
6883
7483
13843
14112 14450 18708 19467
180
872 8420 10915 12088 16855
73
1887
7056 14749 15686 17014 19268
12774
1525 3784 6891 7795 13930
2134
3088
4605
9436
3360
15052
16415
2331
18075
7428
11421
17032
17786
2899
6035
9119 10208 15725
12779
192
1280 1536 7355
3549
12531
14364
5275 12810 13349
15894
19276
1937
3117 13760 17144
3336
9694
15264
15142
476
16010
7172 14395 15090
9028
9322
15403
16365
4243
14879
4892
11347
7391 10246 15555
3102 7310 7419 10193 11535 14533 14843 17834 18092
3294
12572
2169 2905 4722 6386 8827 8910 11979 14049 14748
9783
7071
15415
19338
2740 5630 6458 11235 11600 11759 13966 14920 18330
4929
10708
15800
193
1112 2639 12070 17163 19552
7539
2871
3196
10288
17972
10231
14121
214
8547
8551
10480
17578
544
3050 6239 7179 15716
4625
9110
11366
3104
3344
11941
4595
10932
4901 9294 15360
10034
1561
8012 10425 19220
13378
19453
435 3862 15024
10184
18184
10488
13176
2737 9904 15475
6426
19148
15443
7810 13177 14621
15522
9548
5229 17968 19413
9418
16775
535
2889
4524
5916
7996
12405
3946
3153 14598
6402
19364
227
777
3750 7335 9270 10300 18620
4670
5451
10592
13892
14910
4020
18326
7988 9579 10453 17395 17584
10675
11239
15929
1421
1961 7451 12399 14141 18064 18876 19509
6425
7544
3101 4160 9849 12643 17353 18124 19673
3687
9738
13139
13066
15048
13967
761 9608 12857
2708
15566
918
3273
4485 11159 13855
6319
6597
14959
15284
3781
4580 15567 15879
6488
8121
9993
229
1560 2371 14172 16302
7985
10904
15146
2
1162 4250
14056
10141 11881 14878 18541
12231
123 4069 9567 16563
1480
4572 7094
5544
9016
14035
18379
240
1373 2103 3639 6493 8850 9181 10824 12164 13415 13947 14215
3971
10893
2107 10838 11087 15517 17818
8403
5396
6465
9488
17116
11996
18544
1365 5437 11061 11983 12897
15497
8366
9574
10672
13247
18478
19173
9054
12689 13531 13789 16836 17926
15104
252 17919
5942
9118
375
3900
17676
5612
10075
13856
599
7304
6221
9149
10950
15153 18479
263
3109
3352
3650
11284 19365
16539
17813
2955
4721 8444
5163
10778
17217
6885
7224
14814
10418
12610 15675
8224
7301
8621 14363
14149
9484
265
6619
7947
19386
3500 6018 14330 15508
14082
641 5698 8555 18597
5911 7727
496
1110 1259 9544 11802
7765 9725
270
2227
5290 7334 8506 12516 16673 18480
520 1751 7349 8028 13207 16820
4525
8411
15859
9864 19314
11290
13956
2010 4200
7436
14646 18627
16105
5081 15650
618
5484 14683 17301 18275
15215
15733 19710
503
5634
3376 12170 13136
4689
8768
10344
12913
1532 10979 15062
17317
2804
16742
9745
272
2028
991
6948
10051
18659
18962
3086
13717
3904
11722
13227
16639
8592
8849
1798
7420
15775
16390
288
1950
13635
13658
14585
17641
2312
2793
17714
7531
13618
15647
1705
12506
5624
16532
317
10792
4047
13627
15407
19337
3697
5181
7047
16507
16094
6066 12375
9626
13050
14268
16837
17096
3202
18047
10409
13003
13009
4649
5079
11981
6909
17436
320
12954 14867
771
5554 13638
10919
10220
11196
14414
14793
5319
6494
12194
15559
4696 16924 19472
6792
8846
10521
11968
296
1028 6725
1278
17612
2214
6946
16888
7617
564
2966 10757 14949
4571
4855
6871
7174
16617
19232
2451 10229 12226
3728
8339
9348
2139
2888 11153 15744
5191
10540
13298
14067
17740
6326 9160 10731
11304
14850
19462
276 13648 15904
18649
7955
8063
8192
9013
1338
9722
7878 11119 14701
10187
15906
18580
78
5158
7130
8960
10474
143
7498
17792
18356
4366
7010
11714
281 3437 5008
15141
3833 10445 15494
11551
1442 9777 16386
5581
4158
4176 6983 16988
4261
6914
8534
8929 15654
14005
3217
5723 13194
537 16424
16259
10671
12200
18553
13580
1664 2014 2088 8204 12696
14680
8157
14721
15255
17915 18159
4421
19063
16184
14218
6775 13496
9350
13871
6058
9551
11253 17210
14859
1089
1810
6336
6611 7526 10063 15823
4094 12012 12667 13564
4836
16857
4932
7576 7976 17423 19421
1915
3305
7009 10202 16435 16668
12618
1760
1956 6178 12401 17958
3255
6919
1295 4007 4613
2327
2850 5029 5819 6536 6679 7272 11499
16063
6836
12474
13846
462
1662
8124
6692
13495
1217
10575
4116
4586
8614
10042
18143
19057
2515
3374 6072
12654
13218
625
6391 17332
8919
10040
1312
1873
18401
12861 14702
10333
11921 13320
570
17830
4575
5972 8866
9095
486
1040
5070 14368 17172
11243
10805
11997
2123
7517
7716
10273 16299
14162
18589
18858
3973
11126
13468
17136
19134
3065
11487
12758
13960
8512
3027
15179
19561
4828 8247
9431
2292
8375
12288 15636
1460
3462
6667 14707
15962
3316 5317
4396 5521
5623
9822
15105
15604
6279 14601
10317
10394
11004
13075
15214
7188
17932
8158
12122
12317
3851 19459
12591
1653
1049
506 3095 5981 11558 11868
1257 1707 3858 5896 6338 11282
5174
12919
13106
13527
201
828 1197
2235
3370
6340
11758
5492
16254 16723
1126
1881 8674
16315
16823
13214
6649 18259
7842
13772
16366
7412 10928 10992 16708
14453
16271
2067 5997 8288 18156
2614
4965
6403
9049
15702
131 2881 10616 17903
7455
1087
9744 11916 14770 16370
15633
1416
3194 11696
3515 3975 13256 13438
8505
6430
11349 15145 19646
2082 4395 5866 9900 12592 13509 13637 17233
3633
5479
2048 2156 4024 4466 10832 12216 12379 14481
5669
15013
12928 13321
7699 10910 16826 18651
1791 2422 5888 18315
10978
323 4481 4813 6659
5339
525 6602 9334 15960
2329 4232
16399
560
592
3839 4526 5253 6865 7558
7215
8075
15978
18437
331 1978 12298 13263 13636
2663 14883
4217
5346
10941
7084
13667
16447
275
13006
601 18414
13759
3307
10510
10695
16223
1082
15364
6942
8692
8875
15553
9786
10867
16929
4781
6398
17478
2548 15053
4711
2950
5742
6055 19211
8653
10753
16030
16331
2699 3259
7042
9379
11123
15967
4229 6668
11621
14975
16257 18642
17471
3059 7390
6539
8751
17908
15645
14336
16067
16984
18697
8682
12346
11137
6868
12209
1065
5733
8904
7859 17744 18492
11446
14547
17868
6094
4268
4629 5675 7609 9812 10285 13347 14214 18032 19576
4851
10647
11738
15374
12661
1735 2851 7847 8762 9553 9774 10506 10807 13183
5385
6583
8275
10099
6992 8089 12552 14709
19094
16174 17449 18709 19560
6384 18334
5621
5300 9427 14923 16077
615 3422
1032
348 8414 15017
619
1797
4166
8459
786 7421 7518
5198
7664
7941
8276
16199
722
3097 13213 15035
3178
5053
7496
5116
6642 14491 18582
13482
1378
7044 8440 13853
7459
7468
8103
9176
18175
11357
15703
8870
14463 18369
5171 18181
6098
16590 18190
5475
7564
8156 11729
565 585 1017 2668 4573 4578 6754 6961 15911
653 16312
3665
8898
16864
743
7931
11254
6050
8501
9555
11837
13121
16974
7529
654
3736 8191
9127
17209
19221
659
1619
1799
4909
7432
12251
18422
11826
2837
12710
1633
11138
675
10477
2008 13396 15658 17499
18970
1368 3619 3788 6808 7610 13397 16537
3942
434 5156 8188 10785 14123 14269 17250
7550
11298
4218
859
1134
2145
7423
19375
1812
4936
14626
8750
8619
13557 15874 17203
1553 1596 1917 4499 7943 15622 16521 16970
7251
13327
16131
16642
703
2712
3630
5062
5210 5297 6088 8954 12120 12557 12839 16276
7868
11107
18317
715
1084 1533 3629 6034 8109 10714 13199 13412 15292
13331
17754
1605 4843 5056 8293 17542
14137
3119 5701 7828 12770 17698
12419
9113
10661
1236
15171
13903 18852
19106
1229 7629
2335
19532
3156 7193
6189 13223
13466
1261 14404
4417
8133 15564
1639 7183
4082 17528
8273
9358
1748 12964
3627
15029
3431 12240
4014
6194
812 14591
11953
13620
13953
16874
772
3688 15435 19092
5546 10721
1054 17975
10505
7813 17882
15083
5183
6070
6923
7096
18857
1726
8595 12304
10642
13017
4996
7293
6073
9345
15288
15997
9684
5348
9685
14271
17415
17711
315
2910
5601
16403
19647
877 9259 14012
1916
2420
6575
16245
2556 4331 6739 12658 16925
9955
16376
7869
14988
3838 7127 11624 13766 18418
14609
15881
17843
18704
11113
4088 7739 7747 16321 18675
9001
4982
10340
12615
18413
475
2588 5042 11109 12322 14644 18166
3331
7547
8319
9407
370 485 4811 16258 16295 19213
819
13441
1016 6780 7333 10189
3390
6469
9981 10192 13521 16644 18849 18924
11832
14961
18442
2390
2748 5894 7332 19464
4386 6304
922
4848
13765
7326 9353 10350 14795
826 9275
2495 11699 13431
3207
3921 7835 15898 18297
10388
14182
831
2033
6500
9844
12982
15554 16237
17588
202
516
19215
5648 15719
14291
11369
15194
2786 17580
3126
1096
5258
9101 10401
10357
1094 2573
12950
3320
1355
2922
3069 13771 17426
7595
7885
10236
14003
14286
14561
14569
18107
900
3698 4279 6397 13937 18128 19535
9775
134 2635 5301 9045 16875 17981
5777
7856
11825 17779
16707
1627 1628 4434 5925
6696
9909
11702
13417
3700
4717 9393 11976 12823
17745
13864
14424
14673
17607
931 4576 8423 15444
2326
6559
10090
15584
18751
1389
10180
12222 13536 13785 16796
13732 16076
18162
18714
508
1985 4122 4550 8953 14542
2715
3325
3581 6740 8434 12621
14238
19334
914
1249
1649 3471 4842 5177 6219 15534 17463 18448 19637 19651
13204 17781
16114
16777
19255
10253
12178
16920
4378 4487
12645
5018
7265
7577
1674 2938 7264 7571 7657 8073 12890 13425 14675
18807
1429
4101 5735 7383 12646 13065 14898 19487
9326
16720
11860
934 17741
1253 4267 5531 8949 9782 11411 17809
2552
15943
17541
17724
17986
2487 3064 3845 6057 6190 10643 16163
4490
4556
8461
11761
14508 16335
936
5259
16946
13172
14645
19022
10969
10676
11650 14353
14767
14890
15408
1721
15319
17312
10653
13409
18207
13576
5389
8553
9528
9728
12850
18593
962 3404
4601 9610 14698 14831 18611
12676
18355
18564
3573
12139
5186 8590 9037 18936 19562
7339 18324
10780
16591
1019
1100 7324 12173 14807 17662
2453 9150 11168
6154
11745
12034 13570
12084
12410
1658 3808 19529
3237
14314
16937
17796
19210
1115
12351
12756
13079 15927
17642
3186
5816
9924 11660
12237
12381
10078 19301
12446
17197
19040
1588
2872
3816 17794
4702
13437
17783
1646
4348 14805
10461
16648
4109
3303 13629
12072
7085
11649
7896
8142
10622
11693 13477
12627
13448
13716
35 1784 15538
1540
5242
5509
19007
8466 19579
12128
13356
17953
1048 1306 8806 8848 10951
2673
6486
15477
17931
1332 3735 5465 6816 14000
1920
10650
11734
16778
8496
3570 4682 10466 15356 18429
5236
12265
5607 6016 6552 14274 15418
8324
10323
16398
17651
18845
334
471
4473 5724 12957 13690 18104
8752
11853 19313
168
7891
10091
12160
12496
3131
11961
9190
998
1033 9781 9938 10118 13043 17061 18689 19578
4822
11026
16892
12485
5184
7144 11419 13269 15113 18115
18282
18843
1237
5730 8218 9967 12820 14889
18518
345
2546
3116 7461 10242 14283 18090
16355
539 4042 9166 12457 19432
19371
7279
8704
891 3364 6452 7774 15203
8212
8706
741 10682 11161 14560 15495
4400
10405
11027
13549
13459
4164
12859
2302
3940
5593
8062
1003
2641
2739
17517
18892
1657
5134 9659 10103 12533 13064 15144
11661
17356
18612
9024
10959
4376
5993
7646
14671
8282
4043
4233
10429
17480
14267
6875
9056
13422
16640
10385
11018 11933 12916
14441
2065
5726 6324 11437
3704
8940 9800 15258
10659
12762
17507
360 542 7204 7965 9503 10482 13120 14034 14339 19530
6375
14253
96
2483 6606 15436
3012
15642
10636
12414
12709
13311
1900
16935
6448
15455
18285
2620
12116
3954
10555 12416 14534 18999
11765
17506
18027
15481
2926
12843
17285
1483 19395
17761
218 292 2267 9083 12073 16221 16253
2086
12764
2060
2162 3040 4181 4823 5269 6614 15305
4804
9354
15082
6249
2829 3220 4326 7048 8830 12130 16013
1564
8001
3677
5005
5787
11987
16760
1080
13841
2562
10254
8771
12663
14054
1635 3048 4237 4597 11118
7679
7705
14972
17727
5571 5772 16876 17003 19504
8454
12915
2058 9825 11281 11925 19285
2074 13752
2692
3057
9758
5054 5440 7289 13782 14515 16287 17053
5943
12858
568 1387 3306 4570 8376 9405 10935
1107
2705
3489
9456
10557
11701
915 2238 12672 12744 14821 15340 15679
1391
2195 8329 9099 11063 12144 14614 16393
3744
10196
9963
3015
7340
1907
8914
1889 5923 6840
16705
17342
1967 10535 14565
15112
6563
9704
14956 15600 16111
18174
6748 11520 19373
12746
17391
19234
513 14367 19061
1616
2436
5679
15332
11442
2962 4111 5120 5631 9447 11210 13103 15380
10064
4619
9076
5959 10930
6746 6892 7460 7963 10383 11875 13165 17951
797 2291 3799 3812 6551 13698 17075
5447
12558
9880
17243
9618
11554
16842
3673
4516
6008
5273
6381
8291
12029
2147
5693
7596
10678
11324
15201
1872
3251
4074
11175
12420
19286
597
1179
1885
2954
4251
6506
15888
19318
14136
17137
8676
9254
18747
4869
6699
4126
11634
12851
2623
16622
3636
13470
15327
19307
8278
7369 7857 12902 13961 17547
15788
1954 2676 11227 16719 17808
5507
16135
16429
245 752 3329 4589 18372
2921
5561
6660
7490
286 1878 5135 9364 15256
7678
15047
18056
17949
2543 6755 9940 13873 17065
13377
18555
19062
1521 5868 7142 8985 14676
6635 8554 16350 17998
9761
10547
14620
6671
1913 2695 4500 5207 5782 6886 8246 12267 13215 16747 16802
7979
11320
9502
9714
968 8337 11214 11215 14249 17435
2131
9129
10840 14008
13660 14524
17047 18266
862 1747 6419 8787
11345
12335
17978
1239
2083 9540 9868 9965
3003
8673
6392
12551
18719
7619 15388
14439
15049
19090
1994 13842
5237
17677
7176 11904
10852
7470
7506 8597
12060
13516
163 1083 9019 17513
5257
9681
10084 16956
11101
12018
14474
15401
17171
17851
19214
825 2297 2977 3513 7212
2157
8416
14193
14299
16724
19123
9226
332 4244 5898 15247 16804
1298
4467
4903
12852
14725
342 1383 7616 9442 18584
1377
11185
17524
409 8177 9712 12412 19493
9164
3367 7243 7968
8309
10946
14532
17639
18853
1109
12766 12872
2764 6781 8443 12187 13110 14478
6399
6832
9658
17064
17938
18267
19292
7793 11247 13168
17131
9866
11313
1318 9832
6152
6009
8889 13712 14018
10864
13831
16041
18661
310 5618 7606 7683 12079 13230
6134
8483
3008 11128 13839 14895 16769 19510
7150
18035
740 8125 14919 15760 16572 19450
1343
12833
14207
1215 1445 6295 10382 10414 11715 13857 14758 16669 19531
8693
2126
5908
12614
14282
16633
1354
2790
4167 4242 5398 8840 12334 17374 17553 18446
5832
9440
15094
19164
4253
4831
7659
11181
2431
4549
12998
12995
13169
28
7742
10267
856 4072 5417 13268
12837
16533
1216 10031 14152 14595
19471
2370 8701 10986 17201
16630
13943
1467
2742 5901 7542 8065 8685 9920 18129 18335 19435
5775
14204
16477
1176 3319 7360 8398 11694 17533 19625
1489 1490
13112
1148 2551 4479 7906 8422 16476 17627
1612
12755
13537
17045
14664
571 1299 6215 7384 7938 8474 13076 15280 16663 17713 17852
1474
1500
3070
5215
3981 4969 5383 5736 8938 9490 9668 14019 14292 14549 16979
10307 13385 17694 18471
4740 16250
15749
3460
7066 19587
355 10550
11886
15197
19107
1192
1506
3503
6345
8270 9995 14017 15193 17238 18500
14493
16357
2128
4415
5004
5454 8713 9754 13684 15809 19445
7231
11068
1538
2997 10548
3640 4016 5739 12162 15464 17394
5687
215 2902 11822 14779 17269 19522
8799
8877
9654
10130 18823 19251
13314
721
1764
1780 1981 6637 8003 12507 16662 17399 17456 19119
4130
10296
17610
18167
996 1933 2258 4284 16189
6023
3395 6893 7076 10440 13786
13280 19481
16060
6136 6585 8536 13852 17157
13118
5808
12775 16015
18522
19218
792
3495
9561
11951
17681 18690
1542
1694
12529
2576 14682
4086
4900
10496
17191
18163
470 775 1285 15638 18198 18524
1212
9262
19009
1811 2505 3651 6383 14775 15991
1928
2941
7636 15524
13866
3239 3679 3843 8519 10656 16083
4908
16945
11380
11989
12035
1544
4520
4907
6572 10018 11151 11610 17503 19554
12447
17151
5774 12538
7353 8445
14120
14957
15822
2891
9157 19389
9613
13574
18650
12005
11156
14765
16457
1563
6176
19463
8740
9011
9183 11385 11657 12352
16117
3108
13723
10395
15476
18816
41
2508
3094 14142
8585
16303
4938 13485 14946
8098
8211
17810
11403
834
1623 12393
13654
6710 8184 18972
14087
16353
19422
14893
1644 3814 4228 6819 10234
7431 11296 12256 14001
15376
15758
17945
18789
4048 14574 17967 18712
5963
6354
7661
15243
18889
9429
4350
4948 7887 16411 17428
16119
4699 4700 15092 18136
5328
6558
15526
17348
3213 4303 6164 19574
3994
6658
17861
18040
1717
4447 4448 4463 5108 14462 15947 16239 17460
17207
380 3685 4794 5219 5359 9197 15451 17379
1677
3028
18455
8093
1750 7501 7958 9466
8396
9582
10809
11480
12777
13854
1987
2458
5112 10362 16292
8087
17447
19190
5779
7254 10312 15370
8283
4757
5086
9624 10287 11697
14640
1233 1465 10364
4669
5000
12745 13274 13645
14930
19570
18964
6858
7314
7841
9494
9498
11398
12142 17162 19683
363 5803 9196 14692 15397 17279 17695
4495 13410 18531
7524
184 8170 8525 8638 8677 14341 14703
15313
11162
11272
1930 5345 5928 7971 10331 15918 19291 19534
7049
10689 18530
15629
2097 4945 10017 10829 11193 16028 17595 19712
3267
4235
8144
16003
816 1113 3517 4426 9946 10337 13061 13434
3110 7209 8150 13033 15322 16148 16474 19320
17865
1817 15199
3835 3948 3992 4098 9747 13182 14760 17326
3648
3765
4352 5886
5363
5413
6736
10759
706 1785 1875 8182 12549 15503
4393
5585
6998 10693 10985 15493 19136 19674
9125
16464
1854
5983
15956
8859
11292
12836 14013 14256 15891 18076 19074
18203
2395 4102 5482 5789
11131
7214
15502
4638
2771 4567 9899 16059
3378
4036
5060
8895
11295
16087
19020
889 4307 16100 17491 19327
1948
2372
5074
5582
10139
12326
2167 8295 10081 12718 18550
7602
4214 8563 10195 10903 19417
13626
16372
2766 3562 12148 15860 17634
13828
14122
15135
1591 4583 6849 10610 18940
1970
6339
13085
1699 4671 13251 14028 17448 17880
11741
2819
6318
19356
1410 6876 7937 9855 12898 17469
2024 4278
14104
5382
9475
9971
11019
4225
4271 15818
15269
15617
19486
4140 11917 15932 16832 19661
9883
11929
3383 8259 9237 15164 19698
5637
5763
99 2002 6400 6427 8978
6162
6621
12734
1353 4304 4995 10567 14261
2514 9746
10582
13865
1860 7764 12219 15150
12870
9750
10571
11544
14277
14444
14465
1167 1357 6428
11557
14240
18057
1617 4493 14143
18389
15073
15630
2062
3021 5146 16943 19494
3317
5629
8672
18476
728 9925 11436 14679 16375 19359 19489
12534
17408
6977 8217 12105 12962 16154 16661 18570
9927
15099
2749 6945 10673 12152 16106 16862 17095
8882
10804
11542
727
3661
1929 6641 7452 18394 18636 19447
5783
2068 2541 6461 6949 10241 18126
2569
14119
3001 3772 5209 7950 13628 16203
3365
4093
8129
9759
10247
12134
3882
3978 5555 8937 14490 17568 17917
9912
15175
17736
3092 8588 12043 13588 14710 16744
16831
10694
17307
2357 3846 8390 9035 15801 16835 18026
8359
12311
395 6735 9893 10008 15657 15715 18046
5036
14856 16917
1845 4435 5318 15951 16213 17258 18208
4482
2615 6312 9956 10328 11563 13575 19585
3863
9142
12587
1669 3554 9584 10223 10909 11584 12384
7645
9395
12402
14451
16774
2430 8721 13398 14593
9895
930 3998 15018 17118
2396
892
2474
2833 5201 10526 12900 14615 16879 17824 18303
13488
13889
366 607 2470 3653 7784 8433 11858 13162
9928
13927
15981
4327 12154 14065 15525 19688
11294
12971
17850
2953 4390 4886 10046 16234
4664
5375
8245
10349
14199
16011
18686
19071
12715
16279
57 152 1043 1856 2688 4004 5446 7502 7593 8102 9556 9701 10023 15479 18575
2566
8580
15465
15857
16666
3298 5616 6991 10960 11692 15419 15873
667 3787 5010 10361 15535 16893 18458
8429
12273
14023
2642
3726 5155 5870 6495 11789 14401 17297
13824 19452
2479 9604 12080 13430 13969 15230
6224
15290
13443
343 869 8239 8635 9896 10591
2756
6047
9097
11546
13458
297
335 3427 5707 8189 11865 17748
5784
6086
10308
17846
289
945 1008 2868 4000 6593 10203 10218
6438
12292
14257
140
2433 3321 3867 6026 9797 11991 14521
10114
3527
13825
13921
1555 1659 3660 7210 7479 8658 10483 11501 17508 19299 19410
2779 4330 11348 11440 18345
16898
12653
2882 8694
6100
15830
15895
5635
11519
18915
7417
7488
8172
8341
14313
346
7407
7893
16236
2835
3226 9120
5663 5776 11435 12471 19160
6424
2770
2980
19631
4080 8557 17947
7905
3265 7511 9541
15819
5415 8200
6911 7823 15890
10343
120 5288 5461 5470 7527 8612 9705 10093 13096 13351 14328 14577 17219
13299
9430
15740
10530
12113
16604
5935
11769
885
9879
14517 15387
15129
3180 5579 5598 7415 8344 8744 8931 10722 11015
9032
9671
10230
10667
15219
634 1189 8855 9587 14038 14667 15453 16800 17807
3091
4373 7662
5750
10808
9457
14670
15856
3212
6063
7198 7653 9332 17683 17842 19262
1347 1393 2724 3857 5587 7143 7743 8529 9236 13359 14624 17043 17689
4960
6928
7175
8044
13253
13741
15172
18202
19274
3937 8462 16281 16516 17474
5190
5489
14466
3425 4921 14637 18205 18942
7024
13389
827
1529 6972 7849 10153 17615
7722
1672 8271 9085 11124 12985 16035
6052
9730
17266
18351
483 3275 11342 17042 17290 17557
3762 14232
4862
6861
11808
17558
369
3547
13694
4347
4555
10226
13733
14181
17964
19457
12434
18731
6463
8753
10050
15541
13035
15913
16887
3727
12053
231 5682 9951 10907 12692 13332 13433 14932
19109
6947
12788
16103
14457
4334
7275
353 1524 4785 6004 6090 6881 10123 11854 14541 16624
8990
244 1286 2034 2811 3805 5063 9266 13514 15093 17904
7067
18055
5203
7566
8728
10150
17329
3907
7469
10325
5491
5967
15220
1036
2089 5515 5649
5222
8081
12590
13611
14396
4531 14583 19477
12526
3926
8368 10020 17942
6197
16599
199 1448 3314 4387 4666 5933 14657 15355 16694 18003 19502
10627
458 2665 4375 4798 6682 7724 7919 10736 11505 13922 15935
4040 19440
4630
5912
442 704 4453 7139 7800 11532 12094 16289 18276 18390
8569
8578
782 2180 3667 4805 6965 9107 11415 14694 16073 16900
1701
14309
16133
5863 7002 10049 11943 13343 13668 15674 16612
6089
11543
11856
15605
18438
1578 12909 16782 17863 17901 18916 19436
4598
15536
9580 19097
13375
17554
3916 5421 5602 5936
4248
6485 11604
19430
8382
10015
628 2765 6362 9324 9720 13030 13735 16999 18486
3189
4620
8624
10688
14066
14724
18254
10367
15900 19180
18072
2045
4937
5057 15174
6626
15217
17930
349
1869
2355 6618
7078
8323
16510
17108
5106 16497
8576
9826
10250
14790
2273
2557
9307
12385
4692
13787
14861
177 3756 9175 11326 12442 16480
10578
796 8022 9508 10529 15173 16692
10726 13632
77
4746
19599
5488
6364 6810 15729
7033
8803 19425
11006
18305
1381 4678 5154 5659 7680 13750 17804 19333
8691
10025
14690
16342
19393
5397
18020
5848
5851
6002
12917 17306
1291 9862 10741 16977 17413 18460 18856
6107
8932
10977
12361 17103
2504
5309 11047 12829 15706
14024
7579
14605
18976
1912 4631 8077 10319
6540
7121
7149
8831
16057
16346
16557
1531 6982 8469 8606 15615
8085
438 1772 6565 6634 7396 11561 13151 17461
1549 2199 2776 4170 10235 15816 16142 19096
13145
93 172 764 14458 16173
6085
10272
5709
6700 11757 12249 14263 15384
14606
16538
18260
7328
9432
14535
5792
9907
9057
10995
52 6804 7411 10170 13844 15519 16896
11048
11676
19077
3564 6474 7171 8257 9244 11076 12848 13328 16160 18196
11130 16473
12266 18281
2823 9557 11892 12185 13160 13770
2055 2259 3058 7673 9837 10746 15909 16576 17458
12396
18644
3348
3584
4338 9625
9274
13305
15297
17105
1165 1809 2960 5047 12825 13666 14068 19322
10313
12813
1968 6101 9159 9234 13745
12937
14311
17253
19384
1177 3878 4031 4779 6288 7983 8412 8515 9378 13376
17987
10841
9710
17023
7753
11623 12722
15059
15575
847
3711
846
18067
161
2961
5043
17283
32 1406 6445
12881
1709
2893
2908 6581 17546
3953
16413
1085
8584
12347 17294 18008
18605
3
2219 2520 3979 13342 14656 18083
5151
12077
12242
11922
17277
13232
17605
3426
13587
14175
19043
13026
18255
8033
10204
7970
8944
10958
17289
17222
13884
15474
14794
14206
18048
14126
10710
495
3723
11686
450
1012 5506 10048
13994
19146
58
5212
5652 10877 11872 12196 12793 19319
11730
14131
2289 3658 4497 5311 8994 9330 13928 16816
5584 14399
16364
3013
5812 9948
7480
5211
9538
1839 10470
3253
8618
4169
5233
14630
66
14383
13599
7760
5626 6956 9253 10238 10346 15368 17760
10914
2963
1384 3322 3330 4445 10872 13879 18340
5711
14678
16278
15050
10921
18528
72
6715
7126
2831
4321
9438
6938
12867
2666
8244
14225
18878
2472
3786
17462
9792
10503
10507
1687
1826
2375
261
6280
12595
12701 19458
15515
16628
19325
103
8321
7330
7959
9636
11197
2714
9224
16019
16260
1439
12518
14021
15042
4935
147
196 12188
3897
9087
15607 16967
6342
6084
10413
3216
6567
9630
16649
5818
12336
14708
15432
6111
6241
9941
11020
19120
14681
10787
17739
4410
10625
16512
17525
14042
1602
6670
8233
9167
2499
15763
16701
268
3552 6577 8912
5176
5632
5633
2628 8468 17368
11643
16587
1351 2867 4513 6996 8703
4083
14653
14628
1838
5704
6728 11712 12886 13044 13386 17726 19711
10073
13203
3955 19178
11318
15778
18637
18638
390
6553
12339 12865
1884
2633 17327
3649 5449
8235
2193
8036 18525
19032
3587
12362
14378
18579
11054 13707
13078
15910
17718
2190
5457
8772
9740
19485
9960
14962
16048
299
11667
5040
14964
2318
19588
12175
13612
3528
11528
10878 16471
12972
2177
4944
4121
12276
19013
19227
732
5205
10562
10275
18000
1296 3874 7414 10988 18331
6352
11770
12830
14471
16277
16536
16734
11599
18188
19288
497 11552
2109
3875
7676
31 1832 11909 19143
10194
864 2618 10963 12598 17890 19495
12112
1497 1986 11861 15746 18199
257 1593 4958 5414 13971
3643
424
6620 11190
19448
2698 13819
6542
15977
1893
7635
10801 11224 15084
1604 9601 15577
6124
17130
1949
3669
18227
74
5982
12695
13240
15281
1024
8267
9937
2678 11678
3397
4489
7145
9921
2475
4644
9061
12832
16442
2876 3623 5065 12642 16891
6125
9664
3956
12907
15548
17373
1601 16910
11590
961
18377
17572
11572
13358
19350
9771
17409
17835
11615
4054 4588 17838 19693
4835
19206
691 13135 15420 17354
11969
3337
4064
11748
15558
17675
9369 14967 16586 19644
12023
2378
5949 10554 10698 12373
6184
2377 7603
13859
18917
19270
1940
3421
10587 13250
19468
5204
12612
16552
9632
12308
15227
7290
517
2043
11358
11923
7491 8327 9695 18038
15120
12520
524
3045
18502
6470
7487 8041 17341
18539
2106
11565
10844 11269
12320
2132
2448 13985
5786
139
2403
12548
583
976
10410
8223 10481
14317
14839
3465 4902
9863 12069
7129
9708
12066 17906 17988
1667
2293
10836 15265 18273
15868
19400
467 5416 10998
699
3098
5411
11708
3112
4075 17733
17717
18572
19235
15296
682
9145
13493
4906 5232 17150
2264 16426
2662 5781 13763 15785 17632
6365
18520
10631
6410 9734 16798 18599 19666
15188
15206
15224 19219
19362
154 4735 12953
156 4129
17452
1319
1665 12297
2421
11170
14470
726
3394
10551 13518
13480
18145
2951
3277 7731
6533
7277
14552
1771 4486 9202 17664 18835
17922
1584
15149
9273 11472 13354 14459 14715
16272
17803
6505
7030
14872
6985
3210
16619
109
18084
19253
2044
4135
9749
15576
249 11059 11287 14788
13502 15353
2518
2880 6955
10032
4603
5007
12573
13469 14498
182 4840 10619
5249
8415
9523
10068
813
1993
3296
8992
7903
5788
14774
12027
13738
3961
4354 4741 13303 14529 17909 17980 19512
6177
1997 7427 8899 12528 13593 16600 19593
15511
16963
778 3042 3423 18939
17227
17389
3187 4871 8539 15959
12344
7581
13807
14331
16546
414 16455
868
5312
17155
3429
8209
14826
17481
19550
879
6709 13074 17230 19245
7395
18325
19112
119
1020 11531 11723 13304
2691
3676
4301
948 5941 8479 14234
1208
11517
2640 3999 6515 14908
5837
9819
12042
382
10580
6737
7620
9219
15278
6471
14729 19387
19626
4832
9315
62
6835
2778
5836 16791
11775
894
10927
15915
3502
12234
7751
14575 14907 18086
837 15671 15845
4191
7416
2621 9526 11793
6913
10072
4637
8304
11167
13798
1451
9834
16158
5014
6760
9108
13519
923 12524
6622 13693 15002
9732 11399
11533
1423
1782 2026 17322 19354
10756
5768 7123 12208 18419
14842 15509
9106
9109
9755 10492 16432 17115
2570
3617 6387 14548
1042 9791 17936
10556
8601
9901
13022
18879
8825 11898 14496
9141
16079
350
1446 11075 13863
2016
4270
7462
9423
16266
17549
802
4594 12487 15314 16325 16985
13445
18586
347 11106
2142
9642
14780
16577
12541
3120
3167
11200 14691
17200
992 4452 13773
17082
13524
19105
11477
6148
7178 10131
10210
17621
4820 15234 17589 18457 19110
12403
19442
18238
19470
12426
14787
18489
1671 9930 11129 15460
11191
14853
6201
10211
3710
13490
15527
1105 10948 13869
6161 19266
17261
15192
18863
19678
388 13630 14607
5131
9296
1144
3536
6083 7238 14719
19034
1209
12976
1190
17700
1432 8037 12215 17313
2369
13032
5310
19370
8774
10289
11332
8643
13685
15103
2467
5378
94
7548
13185 15359
1228
8809 14403
4809
8679 11911
19249
3695 6157
7907
273
1297
2411
4873
7291
9050
11365
6075 8521 9361 11184 12799 12923 17315
15817
16792
2094 4079 4876 5305 8812 16841 16899
13504
4866
5548 18713
5737 7350 10871 12817 13548 15140 16038
11850 14350
2001
15218 18080
11430 17255
19125
8950 9687 11044 13291 19474
14891
2493 5352 9656 16096 18216
15011
5335 7911 11955 18232
9729
448 7875 17076 19581
8205
1076 1923 14258 19672
4300
6584
11424
16922
5988
10431
1260 2237
8966
14804
15458
1449
10572 16978
17984
19192
1472 3218 9291
824 3071 12427
1452
4012
40 10276
2179
5127
9272
10489
11973
19515
2575 9038 18314
1491
8482
5503
3968 9434 14994
19205
1846 3663 19696
4180
6207
12583
17330
4077 12462 14340
4313
7672
8480
17244
316 3501 3741
7575
10358
10381
11238
11510
12182
622
7065
19521
1551
7110 12227 12662 15893
90 5302 12544 15349
14969
15253
17190
5110 18945
9586
15836 17571 19547
19177
3204
9646
6374 17832
12761
13219 14041
698 7060
2670
8331
2689 5342
5035
10850
19479
3060 14300
7912
10191 13949
10945
1556
7154
8076
14272
16526
12678
3181 15207
5137
5223
6936
10818
1670
4530
12262
3776
6429
14298
6320
6767
7429 16954 16986
17614
4175 6586 15899
8330
4609
12110
14892
17124
12365
16846
17072
2389
18803
3970
10454
16402
1740
7054 11880
12031 14110 15137
6106
7284
8203 10261 13051
12530
2351 8893 18512
13018
13799
8369 16821
10311
16944
1777
4676
2500 2707 3067 10501 13260 18461
12884
4379
8518 15806
17668
19189
3473
6440 10853
14635
17672
1962
2317 18168
14884
216 10057
10884
16710
978 6462
4018
4888
6131
14260 16205
16656
2637
1773 9338 13573 19606
1871
14310
3238
13353
16242
17286
2192
2924
8741
11495
11595
11936
3657
5952
1227 3435
8493 16206 19226
4817 5358 9102 12057 13283 15309
5684
17226
12681
19583
12499
16636
18102
8180
9374
924
15078
6841
10304 10902
362 4427
13775
1358
13641
1984
5087
14868
127 2393 7618 13287
3470
9320
17719
8402
10924
5834
11426
8517
17791
1068 1073 1518 2629 3596 11429 12045 17029 18313
3840
4675
12660
30
415 5680 6027 18006
2744
5670
14613
2605
2992 7918 12430
14876
15074
15747
144
4518
7644 14095 14589
16645
4616 6251 19497
9804
13508
2643
3291 9505 14197 17487
3607
12211
9739
10279
4810
12407
3529
3628
19414
1595 7343
4436 7023
3912
17311
11511
15854
18019
19503
481 1067 3681 4206 6633 8923 9222 9572 10874
1824
12794
18450
2239
8151 18565
6525
16436
16503
4983
16309
1543
4156
633
19052
3917 11778 14854
9692 19138
15184
818 4663 8942
13374
19179
2309
3855
10430
15720
1128
6238 11361 17104
3416 13402
9213 14393
16550
3785 10083
9905
19171
2100 11816
2360
17647
19073
12698 18983
19201
901 10251 12752
6216
8345
3252
13924 15221 15400
19083
4315
4821
6081 14631 19200
11582
18534
10692
306 4084 8034 17939
2206
3293
4728
16246
2601 4432 16404
5881
9074
16772
1443 4517 7463 13917 16241 19572 19715
2440
5164 5386
16813
17161
3624
7147 15195
4491
13558
12540
15044
16682
6222
3526
11833
17742
4694
6292
7865
14416
16243
18657
2990
6220
6730
13597
4302 7115 11949
1683 6749 10169
75 8088 13776
2460
4673
11283 14429 17898
16828
4367
7886 10788 11764
10029
1328 1359 7281
6457
7102
14048
15261
7730
491
3078
4662 8565 11466
18684
3550
5692 8851 16873
11539
17215
2468 10525 12036 17037 18407
17021
17697
3261
19363
4280 4698 8248 14995
4429
18133
8215 8417 13031 13974
4599
5690 7945 13081 15581
12422
108 4559 11954 12566
10147
523
3402 9953 11432 16330
4210
6135
13137
1942
2611
4468
16369
234 6793 14476 16932
5966
10159
15532
4893
2361 4190 8419 12789 14297 14312 19624
2687
17031
12453
13148
16809
7569
7866
9723 11110
10754
12581
2718
5197 13910
8165
12651
18420
2265 8626
6007 10061
7348
4708
5878
6432 12693
8362
16324
1255
3498 16341
4458 13951 16509 17006
10690 11878 14433
13091
14118
18430
8146
8575
10758
14588
6713
8175
7826 16489
9860
7206 12802
7119
14407 16658
7568
11232
6301
6666
9055
2287
6856
11459
14506
18576
7824
13196
13988
2865
5559
1104 7014
10545
13102 13455
16530
1579 19383
15811
3780
9564
1934 2919 12429 14394
6676
15708
1264 10478
3447 11155
18436
4880
8070
13211 15651
7904
10552
16743
12204
882
3124
4551
11086
18131
3157
7475 17530
7792
7413
12611 14801
13391 17370
7688 16727 18077 18082
13946
16448
557
5111 6531 15933 17158
16799
7122 11033
8442
3793 11067
12096
4439 8476 9622 15318 17466 18467
6601
15471
2187 7366
13315
15565
18929
267
12519
16934
71 17259
605 7250 8008
9460
17603
14551 17628
2838 5977
7203
14914
3595 18247 18279 19100
14043
7669
4038 6850 7184 10989 19147
14096
11683
12342 17248
1488 8408
7474 8464
18164
19121
51 13222
18991
6860
7815
9328 15023 15239
7418 13447 14909
7696
12360
1492 5280 8024
3372
5350
7267
11252
19544
9617
2826 4380 5453 13899
11481
17606
18440
867
13478
3221
5660
12576
54 590 2987 4724 9532 11132 12431 13439 13494
9763
9247 9450 10775 17569 19564
11611
13379
15241
16137
9312
11195 12015 13294 17680 19378
13034
2583 4189
19297
16085
2587 15448
3448
2730
4003
16858
15627
7385
9093
19514
5752 8902 11503 19233
19027
3553 7860
6379
10537
6630
6888 16921
6967
8346
13811
4272 4604 11405
4885
2849 4845
4353 5557 5802
10504
13938
1620
2250 17609
10295
11177 12841 14739
13710
15131
13861
1376
4349 5760 6927 9871 11416 14337 16751
7112
10926
2631
16231
5885
6351
7668 10999 11331 13210 17318
12586
15473
15804
17822
2364 5044 7249 8495 12632 19507
3642
8097
2417 3646 4475 4761 7806 8832 10846 13248
5813
9509
1976 6481 10816 17498
11926
2979 14662
13038
3052
6380
18187
9633
7055
191 7073 10725 16987
43 13322 19222 19396
3682
3873
8234 8328 11869
16140
4 13361
5904
12525
17856
9173
17211
3264 5251 13679
3720
4001
17304
4312 17069
6537 11449 13040 13832 16582
10789
17552
423 549 2783 8594 15923
2210
8625 11180 14392 15919 17534
11192
3864 8361 17451 18016
9246
5938 18025 18829
9239
14840
4905 13060
17660
6555
8819
8873
9156 17573
19341
422 10183 12987 12990 13041 13049 14612 15425 15905 15908
6815
11186
14183
16116
5681
3363 7286 9641 10606
12934
8017 9380 10291 11417
938 12140 12247 13384 17224
12325
4027
7136
2175
5324 7948 11427 14947 19340
10865
2466 6609 8650 13499 16147 17337
13147
18523
8114
16814
13719
19569
7035 11863 18891
3990 15187 15338
8326
477 576 4502 9207 17977 18514
649 17479
7362 13360
4227
8166
15363
17847
18368
693
9501
13622
2720
12585
10519
14823
16615
18399
13721
4536
16280
14220 18336
19252
2596 14412
1608
4643
13702
1749
7952 8352 15028
10188 18619
18484
7230
14938 17965
2789
10523
4425 11302 16518
4677
5542
11674
13643
14171
1132 4508 8958
4748
9385
17587
6958 16608
13700
4768 16207
16179
18834
3987 14153
6450
13675
1095 5075 5399 10014 18132
7592 15793 19568
7832
4745
7956 10450 15393
9552
3023
5149
13565
17544
2782
5953
8759
11407
13836
17107
13661
17375
820 8457 12377 15653 15765 16318
4729 9132 18312
8178
14304
15718
1220 1597
9267
19265
4780
9852 10013 16560
9870
4950
6877
16164
3020
4628
6127 6137
18411
1161 3598 8050
1409
2412 9075 9135 11935
3899 5746 12225
19336
940 3898 10490 12636 14015 14685
957
11842
19326
2114 12717 12816 17068 18931
2655
18973
26 1837 11028 12720 16418
5188
478
5427
8843
13187 13193
13709
14573 16352 16709
451 14113 17468 17649
2697
8136
8145
19398
5334
6156
9789
18475
19117
19246
7991
12382 14717
16765
9816 14467
8615
11830
17346
5128
5987
7465
2911 14935 19388
8207
18022
18023
6969
15928
4073
5306
10345
15769
3339
13255 13344
13882 14586 16408 16766 17242 18482 19700
16976
18490
3090 12359 15815 17894
6418
6490
8900 10769 14660 16838 17363
13625
17555
1150 8918 17411 17485 19513
7444
10570
19289
14877
7138
8348 9619 16620 16697 18177
16784
1611 3837 13517 18004
3579
1599 9996 16508
2108
16614
2530 2559
10455 14189 16454
6763
7107 12997 16181
594 814 12699 14190 15707 16652
5796
1765 15446 17753 18694
11797
15516
18756
4384 14647
4998
8541
16219
220 3145
12992
16923
5647 9821 10471 17751
9444
12847
16021
8019 12625 12963 15799
10668
16143
1011
2743 5926 8508 11504 15696 18039
18127
1026
18700 19208
1187
2914
14469
19267
6308
16228
16885
18532
23
2684 14155
6316
10076
389
6751
6925 16268
15537
6517
2931
3464 14101
3836 13329
9757
15152
494
9126
9838
14138 18135
14825
2184
7701 11727 14192
15222
7392
15963
16420
9437
14953
209 2257 14713
12306
4294 18089 19697
16540
3412 7588
5093 8926
10888 14198
1484 9480
1224 17643
1794 7846 16716
11716
9277
9616
5327 9482 14047
13887 16733
18182
1746 4584 13602
12040
1342
12628
17778
12191
18804
9764 17618
92
6067 18339
977 2110 5245 6268 15969
9070
14391
6731 10980 16175 16696 19460
588 10566 11329
5902
11938
5291
18630 19478
6417
17273
2781 7165 10146 11782 13082 13427 17113
4032
5934
6252 8021 10459 10784
574 2682 6872 15687
14094
3417
10766
3254
4212 4472 7029 8820 15821
11835
5614
12532
19577
5271
10338
18101
561 1155 1251 3424 3766 5807 8734 11780 19556
2772
865 2490
11490
11711 12098
1594 16290
14777
18790
1879 15748
7062
7693
8338 9206
10403
18773
4365
1730 2346 2856
13944 16334
541 9842 17275
5826
8061
13885
18728
2247 2597 9458 13975 16472
11560
9264
9988
1965 8974 13581 13868 19140 19376
11374
11375
12270
19611
2262 8596 10397 10984 18715
2522 3791 6752
14281
7812 8186 10520 10968 10971 16865
8813
10225
13907
3443 5089 5511 13699 14926 15252 15381
11665
19298
12274
1736 4196 4953 8316
11827
3563 11905
5657 13529
13002 19257
18507
8896 9363 10898 11852
1102 7961 11039 11491
716
4025
4865
6139 11627
9521
10882
616 10392
5867
13424
3121
3195 19420
9583
17404
4750 5445 7873 7954 12809 16752 17853
12800
18683
562 2567 6242 7207 12391 14075 15528
1486
9258
1660 9030
6155 13664
9435
10475
12203
3222
3969
6322
10922
12626
9741
10966
10356
10486
623 838 5708 5859 7720 14301
6782
2767 9337 19456
9112
10509
7344
5412 7329 11058
1550 3197 3853
12324
3952
6193
8084
10812 19482
3168
5298
7037 18762
13440
1221
2912
3508 9029 19571
3819
2925 14803 14982
14596
18632
7013 7799 8649 15130
7852 9986
8118
11483
16609
13695
13769 14084 14874 15544
18245
12607
17386
815
3477 7386 9394
14071
6254 12452 13167 15570
11964
17979
430
15273
17098 19716
2173
2549 4984 9869
4105
12026
1503
10584
8574 8995 10641 14440 15133
6807
966 9003 13813 14929 16249
906
2271 2311 9500 11428 17976 19163 19663
1580 7434 9933 10138
8478
2672 3432 6422 8409 9680 12822 15772
15599
640 3890 4273 6811 16607 17746
9305 11524
15973
19372
7909 16255 16992 17579
1626
11321
16750
19026
602 5875 7167 13665 15213 15608
14307
322 609 4097 12009 12815 13748 15295 16745
5425
13834
8026 11671
7225 13225 19243
7160 7163 12277
15181
6357 8821 12138 12302 19537
6359
15613
9463 13272 17126
16238
3771 4686 5400 5404 7663 9945 12682 18221
1252 4428
1515 8405
3868
13109
17120
11409
18359 19053 19287
6645
11402
1456
7877
692 12181 13914 14489 16849
18300
2006 2146 3068 11889 14362 14413
4988
13423
11695
8487 12212 13701
13823
4961 10518 15382 15780 15863 17982
6029
822
8086 12771 14144
8450
15424
2213 9973
16109
9957
2207
676 18521
12806
7838 15055
12371
18781
1405 6543 13779
6828 7034 16853
4440 8045 8537
19254
1303 6390
5490 12114
79 2777 8104 16438
11906
780 18062
3824
7441 17059
18151
12217
18906
1230
174
4464
8497 11619 16195 18015
8947
4706 11389 13791
6435
19466
3315
4419
1437
1919 12649
3753 9188 9487 14886 17017
14499
14912
17403
8071
383
3730
4269
12449
4123
11871 16960
149
6610
5678 8421 8879 13874 18699
1901 3175 10577 11267 12719
8847
746 4208 17086
17465
1420 10252
4512
8629
4296
4778 16022
14900
731 12782
5136
15902 19176
572 4891 12024
548
6042 11910 19670
8437
15169
19101
10764
9281
3683 4392
5147 9133 10918 11338 11776 16819
2174
14480
4132
4433
6719
3538 4997 5239
1182 2840
15648
7036 9249
2949
9313
5058
11052
12433
5713
6598
16216
4454 9974 10329 15016 15813
7403
10732
7374
14810
7804
637
2427 16339 18538
1859
4640
17895
2105
9473
16450 16573
7287
2152 5424 6409 10024
6952
18357
16995
673
6188
9762
5480
17529
492
13533
1075
2286 3895 7520 8488 11633 14296 18680
687
11598
5172 5893 12102 15759
14711
3199 7351 12941 13594
6757
3079 11690 12978 14036
16486
3925 7197 17437
3270
11790 16146 17114 17349 17747
5321
6941
19353
8868 17384 17887
2424 5009 15031
3817 3933 7276 10531 16491
16549
2322 3444 15030 19149
14705
5880
8883
4377
18662
10144 17999
1899 8520 11099 11154
3327
16866
3738 4704 7560 9318
858
10415
14806
17143
6030 13198 16485
2015
5563 10657
1430 7944
2163 8214 11839 14654
2000 3140 18527
4592
5169
4050 5486 8636
15825
16621
6768
12741
115 3379 4883 11985 15109 15491
9445
7770
11094
12670
12269
12588
1433
13649
2056 9620
3797 19193
12684 17235
2509
1151 10781 16226
7939
9655
1141
3107 4492 10085
14531
3869
14059
4382 12169 15505
19392
8815
17891
5517
16654
10281
3829
7278
11135
16993
11351
12986
13277
6738
1778
8511
1686
3072 3073 8216 13952 14559 16326 17234
4713
14224
8269
7689
15057
1131
19139
4687 11261 12596 14563
18979
668
8112 12918 16754
16753
21 4305 16637
3076
13566
3691
1718
8917
13662
17175
3398
11172 14772 18138
1720
5085
6894
1029 16936
11306
6951
1637
8202
18095
2832
13013
3922 4023 7894 19082
19269
19198
7934
1495
3355 7248
11312 12784
2751 6589 15268
3228
3983
14086
3407
4288
14528
4600
12864
3841 7505
10938 16061 17638
12183
9547
9306
12908 15001 17699
2084 7962 9910
5560
6499
7236 7260
9278
13958
5355
13555
13691
2071
16527
463 774 1787 10524 16815
16161
16465
1971
5483
17324
579
5071
1989
6926
11891
19549
104
16081
3614
15964
1781
5980 7027 10879
6117
696
15399
3382 9031
14247
12517
17790
18289
10222
18180
2489
8680
5890 18711
13652
9401
1288 4061 13295 17656
5874
15085
15550
8874
10316
6014
17527
13987
16861
9443 13711 14791
1183
198
22 8977
12303 13670 19012
19629
6110
7088
10856
17602
13858
14695
18982
16700
14761
2382
2066 12942
12760
757
6179
8040
8002 16793
11576
16449 17974
9268 12977
167 13623
12991
3796 9105 12290 15530 19086
4749
10624
12108
3606
2860
3214
4737
5027
6092 11271
10697
8633 10822
14400
3746
5388 8542 18504
7262
9961
17252
19183
6655 7926 10870 19541
65 10044 11228
1719 10375 12439 13258 19122 19566
5572
7681
3041 3622 4624 8432 15698 17706 18268
6361
3613 4015 7871 14409
1713 7960 8610 9321 17028
9209
13036
753
2774
9918 11580
3511 8079 10067 17921
11706
16046
7920
11888
224 1394 5978 6235
397
17251
2918
3474
6784
10460
18299
3049
11236 18613
1966 11082
2986 7788
18529
449 15870 16556
16818
2410
13515
614
1835 19406
8644
13179
1441 2894 13934 16177 17767 19374
11577
5220
12791
18537
4385
4738
7450
2333
2809
9824
8717
4211
256
12356
14381
6431
18618
10237 16124
14572 15771
2294 17722 18670
15343
907 16928
5279
2999 5362
19348
135 7221 8196 10070 10074 12601
16288
12050
76 6762
1211 13489 18629
5235
8428
13062
14740 15726
15738
13849
16675
5028
14448
6603 15676
11299
4188
16054 17545 18050
3539
7675
8490
2824
7879 17232
16190
4881 12296 19642
5715
6278
14356 14936
950 8646 9497
17382
8220
12180
14091
18286
920 7922 10748 11628
7557 10239 17109 17576
14294
3764
4281 8540 15542
10869
3234 4672 6031
17616
3152
6053 11031 11134
18705
19480
15889
14745
2657 7406 13462 19573
2075
10115
8891 13319
13767
18557
11456
18566
7021
7632
16467
795 4381 6817 17716 19658
17444
5643 15262
7977 16834
1005 12494
4311
17883
8733 9065 18117
8378
11901
6522 8279 11093
3592 13959 17092
3709
9303
689
4480
7921
13164 17083 17467
162 8137 13056 16202
817
937 9919 10752
7063
11000
12049 12731 18063
1634
2896
8789
14759
7652
11001 13070 18652
19281
19595
7168 11609 11644 14159
6313 7443
15417
10173
1487 4138 8979 14402 17412
1045 1587
9373
9158
1969 11384 11947
386
2281
13810
16991
2315 6421 6497 17839
2061 4092 8507 13371
2942
11396
2003
11074
11275
3311
12470
11755
8208
9022 17567
3520 3742 7638 9086 14324
5159
3036 4659 16310
10527
14704
5419
5685 8243 14744
5986
2070
8072
15166
9702 10703 11897 12147 14006
9446
17214
327 14597 18263
11280 13962
15373
3030
11164
9469 14504 15472 16511
11787 19565
880 9245 11846 13140 13522
1210 6160
1675
2801
8153
11066
6145
4826 9139
15851
2685 9599
7051 18028
3689
2753 4137 19665
16931
4362
5574 15257
4256 5538
18280
5539
8560 9289 17866
239 13420 18360
15663
13157 19525
1061
222
293
2716 3830
2936
9168
5974
8785 8857 10603 16006 16433 19048 19690
14540
1458 1849 17361
1200
17138
2974
3457 10539 15229 18819
17526
14706
9568
17793
7473 16595
840 2901 4574
12068
235 6943 15070
4168
10889
6674
7695 14417 14518
19305
5140 7173 14873 16262
13388 19093
16437
416 3262 9518
3488
17246
2933 4769 5625 6724 8229 13554 16210 16890 17800
15015 16493
277 4889 6302
8042
10894
13768 14851 18111
271
896
9080 16691
8786
18236
2189 10936
13015
19335
1427 8524 11011
4957 5854 15791 16340
17254
9773
14246 15510
19309
18851
493 8262 17077
5847
3203
12786
5252
13288
14697
7614
16762
12811 15596
604 15335 16643
6120
5861 13481 15531
4947
5706 19643
18121
4112
1903
2577
1706 4970
18938
11090 16294
1385 14570
69 8143
4010 4857 6123 11220 17991
5654 7393 9743
8719 10796 11478
210 2216 2441 3612
10655 14991
2747 3393 5287 12233 19066
1852 18501 18981
13955
16121
5092
5609
11285
1570 5064
5114
8723
19555
3637 3707 4369 7433 14862 17288 18370
1360 1624 4108 7440 9092 9908 14553 15182 16492 19151
4090 4980 5221 10839
9830 10654 11550 17693
13896
5547
13783
7634
8083
6289
875
1851 9697 13324
8492
18137
4030
3913
13980
2945 13428
5001
6456 7719 8722
16863
18706
10030 14115
15882
18031
2031 6192
871 15466 17377 17971 18354
19135
11579 12855
15496 18017
2137 3466 3815 8980 15838
12948
6114 6732 18014
7242
8256
1953
3724 10347
4882 5946 10670 19632
15694
8934
3905 8453 10528
7246
4022
18535
3701 7888 9384 10005 10828 12582 12622
5799
11725
6869 10268
6017
8334
10157
10696
1998 17701
4770
6590
3096 4442 11494 19538
17414 18526
5877
8598
11034
6697
10906
3401
5002 6436 15176
1238
12246 12509 12630 14720
9853
5456
6677 11489
1382 14080
14072
8907 11165
45 185 3778 14057
7454
328 4060 11569 12931
3461 7510 9677 12930
5767
10198
17066
3313
956 5274
15750
3737 17510
19545
15603
12291
16008
3025
17961
1476
18013
3031
8885
4612
9014
9381 9662 17841 19223
19394
16235
5628 6895
7373
16939
1268 16884
9570 16845 19308
447 9308
11078
7398 8101
17024
6028 14308
110
11041 15294 16441
932 4411 7379
2746
5119
4340
5370
4715 8092
400 674
15680
1135 2414 3567 5773 7522 9483
8266 11307
6223
9413
8135 8485 10274 18578
11566
2064 5838
12383
2401
4731 12006 13007
6607 10515 12901
9298
4371 16933
18376
17489
19620 19664
6258 17590 18598
7467
16136
19158
12946
18079
3976 7643 7763 7881 11209 12213 14632
14812
12409
3590
14544
6
2321 11970 16443
9489
13373
2895 11651 12694 17091
4037
5677
15611
17592
1898
3872
5989
11244 12107
6507
13037 16635
10772
1031
1477
10925
13395
12568
13241
8678
19347
274 1723
1576
4231
10133
18405
10761
3820 4359 9147 11102 14852
567 11713 18669
13867
1106 2455 3022
2280 9711 14976
8502
19703
13936
4507
17284
2246
3810
18654
4234
241 2900 17935
8364
11205
3084 19426
14776
1097 9600 16972
2102
8147 9856 15124 17888
16683
15266
2857 12466 12708 18558
16225
6720
6907 8379 17878
7402
4063 8642 11176 15434
3004 9449
1905 10890
2359 2445 8605 10107 10149 11930 15283 16602
6491
13897
17540
2310
4979 18130 18307
8648
11710
5474 10363
8195 18185
2320 9392 9888
2052
4743
5887 18607
19024
11237
9845
2861
17364
376 1926 9507 9700 12091 12392
2022
12415
845
1700 8766
15248
10412 16850 17734
1647
13357
6310
10113
6547
12085 14180 15136
9098 17801
12974
1710
4566 9340
9666
7292
8743 8769
9846
10342 11646 18886
13739
95 6503 14385
14107
14438
12038
12479
13579 19079
2379 3995 7205 8307 9560 10734 14629 15843
7239
9336
12680
183
4611
5380
3132 4681
10972
16629
1030
3512 7778 16737
9293
10830
4076 12783
13556
8296
6275 10715
8322 16422
10263
19004
1935 6712 9785
419 9100 19517
7864
12894
2350
9349
11073
5552
8532
13606
5882
1714 4730
7809
9731
10451 17264
5039
6079
16593
18909
4527
7099
19258
5671
6411
13128
14525 15682
431 4202 5231
12805 19648
14857
19618
6306
7641 14726
15394
13366
10652
4816
15139
773
10598
7738 10727
11301
8777
4329
8631 10911 12584
12899
6625
1774
7565
12896
9370 10558 13671
19476
8671
16232
3066 5592 10955 13792 13837
1459
1761
17390
1118
8783
17827
426 1060 5214 7898 15582 16613
3761
2513 17331 18292 19366
6680
3560 6825
16304
7746 17022 19702
179
11944
4252
12097 12491 16481 16706
10516 16172 19694
6523 16606
1392
2581
17070
19247
12910 19692
12363 12539
10564 19714
18682
16069
8395
4089 17396
3089 7086
11626
5852
1698 6857 7750 13265
16378
5338
2653 7128 10609 14010 14940 16391 17181 17446
2830
260 12388
9210
18477
8715
17750
2168 2538 3491 6287
3269 5827 6128
5365 5368
1738
4793
13399
16247 19511
860 8628 16877
7228
5068
5778 12064 12604 13653 14735 17535
7182
13539
3558 9439
29 12243 19368 19680
2176
1827
2166
10644
13655
19523
5276 10738 18099
1390
15210
8790
11548
14064
5727
18294
14161
5655
6823
18554
18673
12502
17060
12008
2909
6830
17738
13027
13714
17287
18155
18341
2125
5406
4055
13233 16337
17705 19419
10339
2078
4320
5364 9026
13100
2191 13150 14649
7882 17993
2069
13616 17012
947
17749
16554
12408
2473 7316
3920
10953
12716 15228
2023 6594 19596
6990
15669
5459 10947 10965 16664 18249 18409
14151
16519
18404
4345 8955 9012
15430 17459
10140
4762 5038
14361
6701
9144
9299 13045
8684
16118
33 670 11523
1631
14098
16713
16419
11984
3032 18333
8367
12984
4471
8179
15975
2741
5077
14305
1436 8439 17829
14634
7442
16062
4414 13107 16689
14483
6393 8965
17453
9607 10175 15623 17655
12736
14931
16904
600 19132
18241
1422
13740
4221
7844
10773
9096 14668
3499
1398 18692
2358
6087
2328 13697 19542
16610
3609 15324 17067
2120 8558 17566 18470
5144 17985
5958 12750
19449
5930
781
5846
7908 15887
16430
8822 15027
13383 17149
18560
5194 12951 19434
14169
2612 5381 6596
12508
14581
3712 14904 17240
2943 9402
15316 16446
8227 8640 10297 17005 17992 18383 19483
2019 6516
4645
9025
18540
319
10815 12666
14479
10837 12210 14127 18346
11241
10027
6010 10427 16739
4461
16042
3988
16768
4203 7426
1513 9140 11522
3763 13408
18519
12773
6702
1081 1160
9527
17770
3974 6276 14918
569 1284 2405 2406 5402 6054 6377
13820
17871
18811
712 1625 4062 8380 16395
7528
3616
5444 14999
18228
5749 10179 14888 17516
18116
3087
3566
15632 19168
5599
14543
17358
18784
1400 3235
981 6759 12602
9614 10579 15151
13290 13523 18606
5031 16291
11685
11150
12677 12936 15734 19379
19216
19649
10665
5032 7749
9534
11498
9398
8467
7375
13609
5627 6487 13275
3690
5426
18836
677 3005 16947
18024
6472
6623
6321
13180
15271 15782
421
457
6187 8711
1335
19133
11829
12473
4941
10355 12118 17881
3335
2253
19332
14076
18984
1655
6616
1562 7803
3123 3340 8032 8984 11751
636 10393
502 15631 18567
2150
6838
9
12542
10705
863
3445
11259
3054 11855
17189
17885
19635
6045 12686
1111
6333
18052
8522 8732
4758 16504
313
18493
748 10010 12323 14243
3686 10136 13567
12380
7917
12150
1454 17575
14178
984 14950
11967
13419
406 19575
19667
15249
14951
16746
255
9203 14881
4120
18103
6617
842
4529 16914
11618
1101
6166 13569
10793 12264
5069
9737 11482
4501
7153 8892
3223 6483 11704 12922
7280
723 8252 18954
19358
7540 12137 13906
12448
13736 17237 19607
18271
377
12792
418
5282 12671
10190
6122 6226
9433
17620
5924
11460
384 2148
6307
10177
7624
14643 19429
14287 17376
5167
5586 7032
13094
9499
509
12906
9163
5141 6546 12168
8119 13901 15752
15549
11986
121 3171 9052 13614
2586 5473
3144 4868 16115
15454
437 1972 14841 15803 17671
11571 12345 14970 18153
1681 4904
1186 16451
8183
540
10664
11573
11323 12411
12887 15776 17056 17858
10207
4154 4577 19706
4707
1267 18293
7012 15625 19499
5101 9094
6591
11051
1788
1914 12109
7613 19321
2198
6169
9628
2792 11183
9212
18183
16940 17762
763 5013 8956 14373
11680
17464
175
9143 15773
305
2890
34 6113 13024 17737
17079
2104 19598
13394 16951 19238
1689
8561
5937
4091
758 12095
8967 10648
11081
13086
8020 8867 9787 12406 18258 18451 19428
4457 8828 8943 16787
2978
3530
941 3775 6560 15840 17270
280 3446 5268 11707
19639
1340
582
13364
6328 8890 9962 15274 15301
15849 19553
663
2732
11422
8607 9504
7762 18169
512
1002
14622
19582
686 19390
18218
4155 7270 8611 13111 18298
10387
4399 9841 19627
4245
1124
8254
2608 6282 14603 15709
6745
9304
5829
6843 9288
10086
2205 12372
2803 17923
9137 14191 15259
8159
11105
11612
6504 9531
10677
6097
6180
9422 12238
2288 3509
13610
7087
10128 12673 18494 19037
3803 9576
11662
12367
18141
8232
4767
8871
7768
1493 2773 19709
13592
3389
16224 17339
11088
3356 4431
5939 7237 8030
11310
17669
4803
9134
11012 15235
14848
2728 8514 16043
2077 3903 9923
7728
15940
7521 13560
6758 8058 14051
15107
12413 17173 18881
16227 16763
11804
6371
11836
9858
4266
17263
3656 6847
15196
13088
1663 17135
6104
2260
10799
9851 18309
10905
13646
4368
5510 13582 19296
14693
13126 14860
3046
4124 14942
11668
14209
9881
15980
912
14265 16843
10379 14917 15390
9898
5391 15426
12795
6934 11388 18635
10448
11636
15178
4825
10709
16882
2584
2598 3361 7005 10702
645 12796
694 9136
4408
6395
15533
16584
7513 12943 16072
3514 14902
3537 11188 12482
8048 12605
16908
6905
2981 16156
5360 11562
7530
11851 16969
14114
8190 13005
953 17504
10467
9751
6721
8305
5822
19078
14990
2446 4314 17090
2967
1850 3170 3368 4725 5095 12301 14179
8168 9123
10997
7932
11079
11639
2165
16152
13471 13900
3699
15833
15069
5646
3865 11219 11406 15423 17969
10354
12186
8340
13221
7472 19441
7156
4569
8286
16603
2373
1932 6771 15236
10534
16078
16475
17518
3483
11806
18782
14325
17080
336
11616
15957
4177
8354 13746
15552
3719
7159
18861
3991 15337 19397
12609
17505
8696
6296
19000
3215
13414 15668 18551
10053
7702 17310
844
9676
2300
17823
2491
12807 15557 15796
3543 6305
4115
5999
8452
6230
7269
2385
8516
16456
1589
7649
11529
5741
15670
4916 12521
13131
6684
9829
3599
13774
660
10645 12082 13571 17684
11792
10704
9985
14344
16020
15989
11703
9165
8661
9068 12754
8335
6406
19558
3459
5496
14669
16323
8401
7388
15352
4397
7987
6944
19391
4407
4363
44
11602
10637
884
7969
17721
1951 14475
8639
8258 19241
18319
17771
11698
3114
2532
8675
13703
7097
12675 18157
5622 14659
14488
12970
14530
4585 10976 15925 18693 19656
7046
82
14756
14315
15896
10875
3476
8236
983
5499 18005 18310
3944 17948
5083
15191
1248
7910
12259
17372
7083 12171
12255 15375
3740 5740 6173 10599 13114 13510
5292
2087
8930
16810
6910
15655
2013 19357
13068
7735
18373
6916
1783 4691 9039 18061
7754
14495
14326 18018
13911
505
3516 7103 14025
3472 5762 15837 17707
5166
3077 17142
4216 17565
253 4356 9317 11773 19707
17613
10823 12451
14829
13252
7706
14248
15790
16930
17450
14202
3770
4522
5122 6233 18197
16541
9078 17431
1792 7376
3531 13282 13589 19244
1349 12125 14333
3257 10100 11341 13498 15204
155 5689 6769 8066 15366 15984 18992
1027 5173 15282 15876
4306
4484
9913
5102
8727
1523
11746
12704 12705 16848
6519
18408
2935
64
14789
9818
1643 15038 15848
10158 15347 16389
3572
17692
13202
10062
11513 12545
11330
8465
2223
843
1051
19601
16671
13159
3081
8371
18391
465 3934
5467 18796
8504
7424
19142
14233
11709
4897
13418
3141
17385
19159
2188
258
13483
6284
6535
17352
17515
9186
7108 15487
3731
7687
12608
3243
12014
12245
17401
10314
11731
5100
6068 7850 18144
2488 15594
19317
13421
8872
8238 15512
17432
1336
5583
7700
6803 14712
6733
3200 5129
3871 6678 11512
4747 6624 6866
1079
13457
5645 12501
9640
12117
514
14231
309
18491
3405 6454 12156
3928
2599 3369 18053 18366
11328
2886
3414
2363 8152 9117 10723 12092 14505
178 7346
14194 18464
3450 13797
16789
4336 7372
4773 4844
994 6683 8976 11043 14636
9073
1769
10369
2231
11988
11166
5804
16712
251
9406
18058
91 1732 13933
7365 18600 18602
19527
4754
17798
2477
11677
11655
10290
13226
7003
13071
7599
3827
1444
1367 2456
1496
15724
5744
8566
9448
9890
989 17691
364 589 6878
4742
4277
9285 10716 12827 16095
13613
8810
15022
3892
7647 12278 14937
9465
16562
16738
2049
3589 8475 8738 11133 15077 16405
9914
13460
17752
2085 13363 19323
635 13197
1724
6964
3935
11689
487
11672 12834
9214 19475
9522
14796
15429 18596
4872
4636
8298
5858
9283
16889
19638
10983
2221
16092
13297
738 836
15482
4128
3115
16421
9833
6159
3615
8068
6548 7986
4739 15518
1116
2319 2419 3989 4205 10332 11439 11640 13881 14973 15574 17033 17581
759 9718 11157
10321 11315
4290 10059
7045 14590
685
17347
8430
16044
972
17561
1692 5821 13890
4029 5835 9977 17943
14053
8355 14130
1704 7711
13413 15065 16808 17265
2073 7966
8387 16252
854 17483
2721 17570
1609 16767
9428 14977
11744 14899 15667 16581 17180 17350
7105 7946 9768 17001
10318
6401 19630
8861
8374 13063
14105 14442 15828 18427
10944
13387
12438
4972
19675
6897
13205
2434
9260
6129
17920
6330
681
18251
5466
5758
14223
18926
19520
11291
3438
6195
11199
2136 12199 16601
6492 7120 7591
6011
3586 5084 11344 18433
357 7331 11103 15231
5932 13020
4361 17146
18614
9916
10491 12988 19118
2324 7425 18797
18274 18386
7761
17512
15710
4898
12634 13673 17260
5366
5143 6588 15691
19275
9639
18678
19501
2542
6777
2234
1977
5676
17828
12155
5045 17159
538 18329
5260 11768
13073
2869 11255 12846 15132
17476
10096 19610
13238 18033
3478 4552
1590 14546
7627 18944
6138 9009
