-9.162392296888087984e+00,-1.713631680203960528e+01,1.404062037483233993e+01,-8.810844385488912911e-01,-2.768634087749389749e+01,9.070289205295793522e+00,1.147141124664576139e+01,7.880743398088330132e+00,1.020491844306188334e-01,-1.350288744469879987e+01
-1.121560974519660547e+01,-2.045446906254269592e+01,1.706511492907230121e+01,-1.626215844461073257e+00,-3.306848917313531899e+01,1.095440083513985030e+01,1.331657748700312816e+01,9.025571973881968191e+00,-2.428538691724266840e-01,-1.609928739084047322e+01
-8.614881215072726306e+00,-1.569865935967133197e+01,1.307662419689950362e+01,-1.380313265014701640e+00,-2.533452228896230807e+01,8.396882666643861626e+00,1.006848397444098708e+01,6.969992911769247179e+00,-1.995721217146432247e-01,-1.236696676290666197e+01
-5.624609568561257156e+00,-1.072609425548578699e+01,8.683173590700429045e+00,-2.590440327439716417e-01,-1.734663948677259171e+01,5.634395614001837416e+00,7.407873775647724202e+00,5.054496884302698945e+00,2.103600888919397727e-01,-8.452757873630202923e+00
-1.160363750971640506e+01,-2.134528588152519646e+01,1.769601323649073876e+01,-1.499754157182839887e+00,-3.449736701173990383e+01,1.138438484840965970e+01,1.402042574468420533e+01,9.560009472615030646e+00,-1.225333213345517480e-01,-1.680789000471821737e+01
-1.274332946401898070e+01,-2.343575562638341125e+01,1.941610452042731438e+01,-1.722215043939753887e+00,-3.784937148396311812e+01,1.249280133085480671e+01,1.530587828844922882e+01,1.052244495037990291e+01,-1.411915235429891391e-01,-1.846039223581135147e+01
-1.184654936581707396e+01,-2.215877488343463853e+01,1.816596744074620418e+01,-1.088796693394461279e+00,-3.581946092260915293e+01,1.173371572061203771e+01,1.489323457378256066e+01,1.017082282456303766e+01,1.352266022091092590e-01,-1.745589462875901887e+01
-8.947200504481328309e+00,-1.624271357308058938e+01,1.357556148623833181e+01,-1.461268560571735708e+00,-2.622923148199431864e+01,8.707589191085791214e+00,1.041591893964581139e+01,7.149238146982860087e+00,-2.493489339946563521e-01,-1.278985616565006822e+01
-5.620434256012519114e+00,-1.048948069836272623e+01,8.611666968001692624e+00,-5.472035641197653399e-01,-1.695477476055028276e+01,5.559528524705447339e+00,7.026003918769835543e+00,4.800188824564360246e+00,4.742639652592986477e-02,-8.262997655468122815e+00
-2.723060396012555895e+00,-5.178690188752339552e+00,4.186576895508726359e+00,-1.981078544108082484e-01,-8.353272372628824272e+00,2.717025459052172298e+00,3.496776105108382104e+00,2.455935800160062854e+00,8.986560003533482222e-02,-4.086164764373243052e+00
-1.098427178146892125e+01,-2.001889337446268158e+01,1.669465862827546943e+01,-1.670428218050913571e+00,-3.234020215899258943e+01,1.071716839903707985e+01,1.294622437434422757e+01,8.851366226079663946e+00,-2.496646438686227487e-01,-1.576206466143837837e+01
-8.871578315757393085e+00,-1.626362846741587731e+01,1.351200879042381331e+01,-1.223775623848227134e+00,-2.627972755454240428e+01,8.685886579630535564e+00,1.061928787898122373e+01,7.250752128521173567e+00,-1.337351589234787030e-01,-1.280623961616412565e+01
-9.186053239346881227e+00,-1.706706004022374401e+01,1.404049957262954607e+01,-1.043452062573661410e+00,-2.756310497015497063e+01,9.056646558184677787e+00,1.129370187187138264e+01,7.784255733475458960e+00,2.092074136211435897e-02,-1.344829928460985435e+01
-1.069125548002144832e+01,-1.937398137363635797e+01,1.623939315858607202e+01,-1.675881717981202890e+00,-3.132864152724278028e+01,1.040747111373266875e+01,1.252696533321798000e+01,8.453741347936116313e+00,-3.188495893025146688e-01,-1.524397180946889918e+01
-9.658919435853515978e+00,-1.764331878028137268e+01,1.467821001324738184e+01,-1.474362576417477477e+00,-2.848247343382196206e+01,9.429870433660292761e+00,1.138233987178660378e+01,7.851915718315762405e+00,-1.930678441831287229e-01,-1.389760213218283624e+01
-6.454046403088283590e+00,-1.230668683260267926e+01,9.955431994026572085e+00,-3.314314856161419964e-01,-1.989004640105920885e+01,6.461104990777640111e+00,8.458802748670020577e+00,5.813197026954210145e+00,2.394416557580451577e-01,-9.701486381766965650e+00
-7.980117446289090921e+00,-1.484663122405738278e+01,1.221316075921451194e+01,-8.389137027687771919e-01,-2.399440296131943384e+01,7.878836762255494897e+00,9.895201587813204469e+00,6.765609015547370042e+00,3.395033095074917462e-02,-1.169490641246327911e+01
-1.091198950676870716e+01,-1.980267011971429270e+01,1.655422378773861425e+01,-1.793118005924998926e+00,-3.197679267169837658e+01,1.061736165672256682e+01,1.268914849444953674e+01,8.712618268704114044e+00,-3.091046959299501573e-01,-1.559315249644973989e+01
-1.080009311471947342e+01,-1.998907220898196968e+01,1.651429311817530632e+01,-1.204664638746970606e+00,-3.232512342406107564e+01,1.063808561805060826e+01,1.329552912587299751e+01,9.014920078679031334e+00,-2.595161773835130692e-02,-1.573819913574920903e+01
-1.190133664163333549e+01,-2.194418850172757374e+01,1.815188140633832603e+01,-1.526405249667692976e+00,-3.544685463729803132e+01,1.168614938566806671e+01,1.440063861857826666e+01,9.884989994240166666e+00,-9.099568780223121767e-02,-1.728533626759213249e+01
-1.336713638010321503e+01,-2.447475733537687148e+01,2.035646585944625997e+01,-1.857027028602762808e+00,-3.955623198256456163e+01,1.308091378213284983e+01,1.598094788875041594e+01,1.088067640785572721e+01,-2.221795598322034992e-01,-1.926894953927224208e+01
-9.170291581871561348e+00,-1.696799327453667772e+01,1.400780740380656475e+01,-1.082931141120748064e+00,-2.741832645543037117e+01,9.024983427223856935e+00,1.121596959784987391e+01,7.673623912422028681e+00,-2.718258312829896495e-02,-1.336473097767625262e+01
-1.065344592598065709e+01,-1.931399514040699472e+01,1.615989735931306726e+01,-1.760896511401159437e+00,-3.119242541620249654e+01,1.036144449229916553e+01,1.237372762768962531e+01,8.478471776482397360e+00,-3.151555713668248715e-01,-1.520668810329052612e+01
-7.648544943272804097e+00,-1.456508972565881876e+01,1.180805715737187178e+01,-3.523736639242580626e-01,-2.356445354370697487e+01,7.658493675565128278e+00,1.007085174000283168e+01,6.839136856817505716e+00,2.722572874010156796e-01,-1.147531012723677613e+01
-7.596564043109980346e+00,-1.386958513376027824e+01,1.152670059280739245e+01,-1.232513560024964816e+00,-2.236490792660369920e+01,7.406851150561083230e+00,8.862989674575251442e+00,6.196993199600534297e+00,-1.587465308504625305e-01,-1.093116460850927574e+01
-9.923634826654344820e+00,-1.850422089664224856e+01,1.520350256328530314e+01,-9.739306003487768759e-01,-2.991381462148974180e+01,9.812537808906913739e+00,1.239398076730387999e+01,8.451706368920735457e+00,7.252622609652342733e-02,-1.457506012169745624e+01
-1.101381262559993601e+01,-2.049589326903062414e+01,1.684315339382543897e+01,-1.211074000298074660e+00,-3.310141149537906813e+01,1.086866714491591424e+01,1.359317915004209709e+01,9.369949712630194938e+00,4.850758483601685933e-02,-1.615074246203760211e+01
-1.219097463272570181e+01,-2.244691129311377153e+01,1.860128864531212400e+01,-1.534272288227565229e+00,-3.628434756885329193e+01,1.196888681949240407e+01,1.478271479894095819e+01,1.006060716052054893e+01,-1.131386513383872972e-01,-1.767425016265024240e+01
-1.168223845856722498e+01,-2.138763899465478602e+01,1.775779641964397726e+01,-1.759241537745713790e+00,-3.451475561340884468e+01,1.141585783498427986e+01,1.380152291645713447e+01,9.566343340073993673e+00,-2.002960625565642916e-01,-1.685128273517691255e+01
-1.018771531809510478e+01,-1.888855820817222764e+01,1.558897124975230852e+01,-1.087826124989327958e+00,-3.054951030736388162e+01,1.004588385988373567e+01,1.260432687183669564e+01,8.536662572810230998e+00,-8.227171239179043027e-04,-1.487153921410605939e+01
-5.803195161034247818e+00,-1.075107965140876587e+01,8.859577247715220594e+00,-7.046839259423860469e-01,-1.735900012662541059e+01,5.711136943999421511e+00,7.075931305797610094e+00,4.886734013664512766e+00,-8.980196815066898708e-03,-8.471692974253876685e+00
-1.149667513293461418e+01,-2.155695956259808099e+01,1.764368173948478713e+01,-9.933844101120649084e-01,-3.484758286825648810e+01,1.140307865277221744e+01,1.453624248443818878e+01,9.929479611898649694e+00,1.685853027281533634e-01,-1.698287794869550638e+01
-1.012531978302739333e+01,-1.839590188551965255e+01,1.536199702930065492e+01,-1.657187852236242875e+00,-2.969843607139787522e+01,9.856088717433856061e+00,1.178493800523689394e+01,8.116096123598776302e+00,-2.726539564249476078e-01,-1.448762765716100631e+01
-1.052000087892570690e+01,-1.970891160252388730e+01,1.614805645690776359e+01,-8.968131618116691461e-01,-3.187240619051427259e+01,1.043306479037644685e+01,1.331405237960207799e+01,9.052801828111698867e+00,1.435040941731832165e-01,-1.552351428962764324e+01
-1.068486040507856849e+01,-1.974788747008663847e+01,1.628348513659569008e+01,-1.420775171281928539e+00,-3.185859246797127042e+01,1.049336136461484692e+01,1.287342207168323860e+01,8.974424495957237013e+00,-5.222331630916954293e-02,-1.556651963491251145e+01
-8.598840505790747102e+00,-1.626171941198458271e+01,1.325272431242145643e+01,-4.982787214906308493e-01,-2.632062037447972713e+01,8.579798707045050321e+00,1.118493092194267291e+01,7.547040211971240531e+00,2.270216922594353870e-01,-1.280648753196757639e+01
-6.280453912423157981e+00,-1.165597552134313553e+01,9.577064026082535264e+00,-8.072065187820618437e-01,-1.879345733985741873e+01,6.178986895803581625e+00,7.606475762577342259e+00,5.342804800517996000e+00,2.594441223251808815e-03,-9.191837730528838790e+00
-7.615626882831016076e+00,-1.395888329634166958e+01,1.158143803581961961e+01,-1.124089041983718618e+00,-2.252800087932295980e+01,7.447273679976704308e+00,9.026679158516561330e+00,6.253204027599121417e+00,-1.188752789647096741e-01,-1.099820867484125131e+01
-8.777649836001135242e+00,-1.634563973406799775e+01,1.344354667767144029e+01,-8.808351916566998785e-01,-2.642648927806339998e+01,8.673604705054009045e+00,1.093666266668007658e+01,7.448351771987979930e+00,4.897342588389608231e-02,-1.287373820848615935e+01
-1.027662149844833905e+01,-1.872913667015834704e+01,1.560631220718410717e+01,-1.616009414609537842e+00,-3.023595439804187635e+01,1.002051371490921916e+01,1.204784297731352005e+01,8.304711523981760379e+00,-2.354544759176260271e-01,-1.475167094984892024e+01
-8.946649539881592617e+00,-1.692914511532073618e+01,1.376827842472664365e+01,-6.027720611584946875e-01,-2.736371796563905789e+01,8.918570860003848466e+00,1.153652871000334557e+01,7.905875590978030942e+00,2.397577318971954030e-01,-1.334152985423251714e+01
-4.257754956195400453e+00,-8.103654171082322222e+00,6.548175978092126037e+00,-3.006276962855591317e-01,-1.307200835090342217e+01,4.250404204253912965e+00,5.479335787414881587e+00,3.846450373651452370e+00,1.450367355630597932e-01,-6.394031982490364641e+00
-6.085373964387851053e+00,-1.128601663021127344e+01,9.303490103820776014e+00,-6.835098132038592844e-01,-1.823884250130885221e+01,5.997275893352678189e+00,7.488508682089769053e+00,5.119833359320159261e+00,6.281932267141465687e-04,-8.889535403857131257e+00
-3.970107736250995778e+00,-7.349674909785820276e+00,6.056424199524592211e+00,-5.017434178327775385e-01,-1.186176867154662951e+01,3.903961548031620765e+00,4.816399932026227404e+00,3.342932017151254431e+00,-1.043163985878545197e-02,-5.792592710801992339e+00
-5.620904774250280234e+00,-1.070269175503445069e+01,8.653978825917585382e+00,-3.576496122799830424e-01,-1.727772521004239437e+01,5.616519273826785508e+00,7.281573110983583064e+00,5.068070749706659939e+00,1.958959061824985248e-01,-8.441598851787622593e+00
-4.938212092283600363e+00,-9.042959254654013179e+00,7.520204166805874557e+00,-6.862348789361758516e-01,-1.461463383003828476e+01,4.832655646163765084e+00,5.903748664268916535e+00,4.021826195339419208e+00,-8.123991299612634553e-02,-7.119703409209128253e+00
-1.306410706770742891e+01,-2.387962526040822198e+01,1.987106009778764459e+01,-1.917501147587575616e+00,-3.857257998536655208e+01,1.276588168057138084e+01,1.548975125690008525e+01,1.061290151235587054e+01,-2.476138830387786260e-01,-1.880476939430725736e+01
-1.291148739954340563e+01,-2.399410461852199816e+01,1.976038658651033231e+01,-1.359414387613230524e+00,-3.878946935297265952e+01,1.274298208846275671e+01,1.600420395155582298e+01,1.090246996637670662e+01,3.673893930484350978e-02,-1.889701654617247684e+01
-1.194848350105698387e+01,-2.176773990794508862e+01,1.813590788909200668e+01,-1.918326761925363222e+00,-3.512982656011481453e+01,1.164475910809997394e+01,1.395918290473196777e+01,9.659458678413278321e+00,-2.807093311661855717e-01,-1.714762510729785205e+01
-1.084126846316802073e+01,-2.072099592841649240e+01,1.676569534761089741e+01,-3.745997373398870511e-01,-3.353821565757053946e+01,1.088225100635223086e+01,1.443491117401473289e+01,9.764377822133649687e+00,4.410219256777899166e-01,-1.632364805493356386e+01
-1.033465988750721998e+01,-1.877956294226307321e+01,1.566518085075263045e+01,-1.751077747395327400e+00,-3.029313637691031502e+01,1.005344957002825801e+01,1.195689003052411969e+01,8.315958772253049247e+00,-2.781225253522979224e-01,-1.479596699625195733e+01
-9.618186214296624570e+00,-1.796816564180509701e+01,1.474079052585340222e+01,-9.194847720700682903e-01,-2.904168377876440488e+01,9.518792446871875867e+00,1.204613983907219854e+01,8.236193608054882986e+00,9.353177291070918775e-02,-1.415503655123228022e+01
-1.083249080601273384e+01,-2.030909568675119559e+01,1.660899219784410974e+01,-1.000058598723741365e+00,-3.280656050554314618e+01,1.073643033225787669e+01,1.361868879989150294e+01,9.380251790984889482e+00,1.549808019149958027e-01,-1.600561806765763606e+01
-1.091362242721736209e+01,-1.988648102885493429e+01,1.658722434924775868e+01,-1.660209654935508095e+00,-3.212772656376574076e+01,1.064758352555480947e+01,1.286187826025025771e+01,8.788614411656782366e+00,-2.505190658912465063e-01,-1.565736072501883491e+01
-1.079266502599486444e+01,-1.981070205429395514e+01,1.642407199410823537e+01,-1.544400189807807688e+00,-3.197830992584417942e+01,1.056437581921160884e+01,1.285463079515318618e+01,8.887525824950477826e+00,-1.477123394877485341e-01,-1.560805910006540920e+01
-9.597853568946913327e+00,-1.827860320915698722e+01,1.482494383107640168e+01,-4.109863302072392921e-01,-2.958392227391732021e+01,9.614210484754302399e+00,1.267540548827004976e+01,8.570680617462056006e+00,3.436919334183081154e-01,-1.439825109407214399e+01
-9.007747488164604022e+00,-1.614278509295232666e+01,1.359341443550372297e+01,-1.795190944469527317e+00,-2.603580565127492008e+01,8.694718278822097801e+00,1.006916381733097765e+01,6.994116174494188876e+00,-4.024734668933803161e-01,-1.271372580567311772e+01
-7.200224350993609690e+00,-1.328742038126354608e+01,1.099822334855257111e+01,-8.542000642808489363e-01,-2.148527470709898424e+01,7.079951951007096511e+00,8.797414060238146760e+00,5.968306361988669373e+00,-4.508276102921021655e-02,-1.046132109055377590e+01
-7.636170633485989789e+00,-1.443048704654056813e+01,1.174389187458346484e+01,-5.477497034164866552e-01,-2.332053302980074960e+01,7.605257732601581999e+00,9.804169144910229505e+00,6.731292247985970256e+00,1.908406491249866055e-01,-1.137301799345274134e+01
-9.180221805422490888e+00,-1.716455819559047669e+01,1.405851991033993897e+01,-9.223309269128060484e-01,-2.771888200707384087e+01,9.082502755148134099e+00,1.144531267987809819e+01,7.905219730079880769e+00,9.747267066670844970e-02,-1.352824986441665622e+01
-1.000534264417645680e+01,-1.854962712941012981e+01,1.529166794811484564e+01,-1.144159765982973420e+00,-2.997221097245415677e+01,9.857081321290122489e+00,1.228692865362003772e+01,8.416267995861788975e+00,-3.957814725973674008e-03,-1.461187027469287969e+01
-9.144962447522621218e+00,-1.686290273897275327e+01,1.395284250423988581e+01,-1.152149419159935295e+00,-2.724656275953323004e+01,8.982198423325376879e+00,1.109062210889632105e+01,7.588085970278521941e+00,-6.851505075109304288e-02,-1.328097694914947802e+01
-6.833894823521813322e+00,-1.266763881797444924e+01,1.042861282889349184e+01,-8.479852485924722627e-01,-2.044330805234044846e+01,6.724516997058542778e+00,8.311597391608771090e+00,5.774458196378304820e+00,-6.474360120513500405e-03,-9.984618589374639086e+00
-4.386624260544468079e+00,-8.010920591292599369e+00,6.667360315431277051e+00,-6.647008254608680611e-01,-1.293514490932647298e+01,4.282872313369440853e+00,5.175004433848818586e+00,3.560744083844424424e+00,-8.874386999834932288e-02,-6.309463729391623588e+00
-8.754461309254191193e+00,-1.592246231868253403e+01,1.330582957753339635e+01,-1.333129410804107629e+00,-2.573640195962549626e+01,8.536087529113776995e+00,1.031201566337024111e+01,7.001326449048690392e+00,-2.208285168577460156e-01,-1.253242858183081587e+01
-8.562416180170107083e+00,-1.587816457864968989e+01,1.307943515048846628e+01,-1.007659934863127660e+00,-2.564295972389302847e+01,8.432809823589193954e+00,1.048093780603847058e+01,7.221306628966173591e+00,-1.907918090605587036e-03,-1.251075468784359046e+01
-1.051446630015471762e+01,-1.932579783060942447e+01,1.603337033162284797e+01,-1.366945571799477621e+00,-3.123760759525862341e+01,1.031228428989999557e+01,1.269284389108909217e+01,8.639824122475010526e+00,-1.219481239099087788e-01,-1.521628279452666277e+01
-1.329294787354912089e+01,-2.430759121233177567e+01,2.023512602906476587e+01,-1.883927671061884856e+00,-3.928565933152847833e+01,1.299889715789530165e+01,1.584346674502696217e+01,1.078493186061643527e+01,-2.431706941533716693e-01,-1.913664311648407335e+01
-1.194312059458834341e+01,-2.215511504234819284e+01,1.824454073179446922e+01,-1.400978812422168485e+00,-3.577841130938866598e+01,1.176412915245022006e+01,1.462555881365144295e+01,1.008334789562703371e+01,2.685030027823609444e-03,-1.745712027673621236e+01
-1.091001222317798103e+01,-2.047477993439255073e+01,1.674642241318816005e+01,-9.284886534522537316e-01,-3.309570202892847135e+01,1.082574129487787218e+01,1.381381144884673873e+01,9.446045153405410844e+00,1.724028491200583213e-01,-1.613138184182954404e+01
-1.114135227580741372e+01,-2.047471160175037497e+01,1.695957297445256984e+01,-1.572144413059234136e+00,-3.304804631262328485e+01,1.091215576378560748e+01,1.329962485696235674e+01,9.204523515881014362e+00,-1.356991338434502259e-01,-1.613233255937771560e+01
-9.653101475252080732e+00,-1.765625881255810015e+01,1.468467519113651321e+01,-1.408042067302425870e+00,-2.851827175799629188e+01,9.435639772096980238e+00,1.145746035973786192e+01,7.857110970921697302e+00,-1.749427845702385964e-01,-1.390470821553291536e+01
-1.006577298059402281e+01,-1.855608780067449004e+01,1.535814948365312915e+01,-1.266923674194186944e+00,-2.998497162470737720e+01,9.885994583105215838e+00,1.220826187742523139e+01,8.343713866171675875e+00,-7.854526319284782510e-02,-1.461373933034362338e+01
-1.053117270311812348e+01,-1.935455264928055996e+01,1.604302012648345865e+01,-1.434984636075977260e+00,-3.125934100114514891e+01,1.032067327092722486e+01,1.263312678140825795e+01,8.679643745686757228e+00,-1.257172691131618891e-01,-1.524499212297814488e+01
-1.102338946456855595e+01,-2.035560743871156930e+01,1.683523812319882396e+01,-1.318392508497463922e+00,-3.290435699901188116e+01,1.084009867542439842e+01,1.345735422035313533e+01,9.163380435245978006e+00,-6.079720442456126861e-02,-1.602895264985456691e+01
-9.589398812068644418e+00,-1.767514651764648193e+01,1.463083455272473721e+01,-1.209148347002599433e+00,-2.856183650829750320e+01,9.417427765970904474e+00,1.162751850046861790e+01,7.945247173646181160e+00,-7.674366675237631608e-02,-1.391979406975370459e+01
-1.137059943777078175e+01,-2.084440595146174147e+01,1.729431879046556375e+01,-1.667639590564533147e+00,-3.364327564973125106e+01,1.112096034747914786e+01,1.349067471899345882e+01,9.336519938356795834e+00,-1.751579480818343804e-01,-1.642268426688409377e+01
-1.192768114310048055e+01,-2.182695895733611380e+01,1.816490656672388226e+01,-1.655739756633134441e+00,-3.528284039261449578e+01,1.167045498850011853e+01,1.426012886161576532e+01,9.688165097909010370e+00,-2.063677914147103998e-01,-1.718254891230802528e+01
-1.021016757641526951e+01,-1.885157408334538331e+01,1.558420784804135550e+01,-1.258914711214444537e+00,-3.045948216756211835e+01,1.003561210611383103e+01,1.241859970428628124e+01,8.500301569588827988e+00,-5.918629177094775207e-02,-1.484792035740497518e+01
-8.021477193084178836e+00,-1.476978675870416069e+01,1.222315069408024080e+01,-1.076857510436634247e+00,-2.384842945549137738e+01,7.867505904936204608e+00,9.645393385925961738e+00,6.649801698350973567e+00,-7.672576876226849807e-02,-1.163591934349380175e+01
-9.933840690701796206e+00,-1.807764811462718768e+01,1.510266081162049367e+01,-1.494050996141391252e+00,-2.922265620416578713e+01,9.689870939607041933e+00,1.172503562027641344e+01,7.953036519501333501e+00,-2.431489714385962064e-01,-1.422834739817569805e+01
-8.937582705483420042e+00,-1.659629990616665296e+01,1.367441092951734838e+01,-9.591171527524288143e-01,-2.682874566343322442e+01,8.816740401098968505e+00,1.105496892240558537e+01,7.533606575047679499e+00,1.619393009852720944e-02,-1.307072007260762625e+01
-1.124963591814237240e+01,-2.038148194059684215e+01,1.704534633670580135e+01,-1.938956827171999020e+00,-3.289149188945472702e+01,1.092985552618500655e+01,1.296841593355007127e+01,8.966197563258116787e+00,-3.444680515929919862e-01,-1.605298821958418287e+01
-9.877638978596872121e+00,-1.851061603463448080e+01,1.517220096755468539e+01,-7.994510572111815927e-01,-2.994882713375651306e+01,9.801813344632233083e+00,1.255322182054053215e+01,8.489596486586288293e+00,1.396529872695832508e-01,-1.457629309666874384e+01
-3.399344627075659986e+00,-6.444289085386417426e+00,5.231344599192809142e+00,-2.281313992421118153e-01,-1.041132227222903062e+01,3.390715424122011878e+00,4.385917308876166487e+00,3.023279279145964171e+00,9.910771979705139401e-02,-5.080152318129186995e+00
-4.410457069743785929e+00,-8.201266006756675608e+00,6.744622192491776858e+00,-4.862250047360314742e-01,-1.324758410432597522e+01,4.351171510425808187e+00,5.441084293212887779e+00,3.742343437190297273e+00,1.519089637072404408e-02,-6.461858386213178207e+00
-5.700623776052417213e+00,-1.092194626523285272e+01,8.802429262602778692e+00,-2.505779509942765992e-01,-1.764511595969308644e+01,5.720187130549127197e+00,7.528621562720584137e+00,5.201823279440732861e+00,2.476341503613034289e-01,-8.612855836743253946e+00
-8.572274772357051376e+00,-1.574847451097508610e+01,1.304726043782883771e+01,-1.216727992392438562e+00,-2.541893626386122662e+01,8.394292088347976133e+00,1.022367924128741912e+01,7.076957517822695998e+00,-1.079860556006019823e-01,-1.240846529252146979e+01
-9.049721774839564858e+00,-1.694975907524645464e+01,1.389164285680230115e+01,-7.699966809288606440e-01,-2.741308152237217755e+01,8.974357993201355299e+00,1.145450192409398227e+01,7.779251253631797702e+00,1.204053896850727501e-01,-1.334952509161026057e+01
-1.059810007606254878e+01,-1.919107750297387227e+01,1.606148548399661635e+01,-1.813584987590892261e+00,-3.097997457915430886e+01,1.029674571792116566e+01,1.223193610517057905e+01,8.424536844457477969e+00,-3.307426568299681735e-01,-1.511277734415068075e+01
-1.234921415364431496e+01,-2.250310846675296972e+01,1.877382702509384060e+01,-1.859029324952008899e+00,-3.636231687459842021e+01,1.205058056809136602e+01,1.457749522491737793e+01,9.937185455131867684e+00,-2.823071601313437151e-01,-1.771574636406228365e+01
-1.134660064506115695e+01,-2.076290721031138631e+01,1.726683697813543716e+01,-1.629654050391281750e+00,-3.354191025209710375e+01,1.109542754018436561e+01,1.349933685451444632e+01,9.239312803254064121e+00,-1.986691769835965404e-01,-1.635006213835718825e+01
-9.220468098063937745e+00,-1.748390547877984247e+01,1.420048587409511498e+01,-5.733787253429325492e-01,-2.826256100261295501e+01,9.203046128703952888e+00,1.195189956218126071e+01,8.187249193908769485e+00,2.732307398402126219e-01,-1.377909452725407391e+01
-1.128083366780836627e+01,-2.058804461127756369e+01,1.715870663346963809e+01,-1.657968147277060211e+00,-3.326918931531778867e+01,1.101787665005520545e+01,1.336883039927322692e+01,9.112221746567115588e+00,-2.352600694718298691e-01,-1.620856515571870204e+01
-1.044207653658203228e+01,-1.888647024326477109e+01,1.583813124507323167e+01,-1.734247336548717433e+00,-3.051860367839243082e+01,1.014771700868030280e+01,1.211283763898588717e+01,8.240483683425892991e+00,-3.388172847126996734e-01,-1.486483046199892044e+01
-5.955844492790776101e+00,-1.140704822050526701e+01,9.193251427697006761e+00,-2.756768473019194365e-01,-1.842517143522871947e+01,5.974036251485596694e+00,7.848428506410710881e+00,5.434460770490093573e+00,2.556483239445136446e-01,-8.996209189164721565e+00
-5.005328720027554468e+00,-9.603628134028053154e+00,7.720614600873345168e+00,-2.529552837018740341e-01,-1.549627674127162535e+01,5.020904324006414399e+00,6.572209568987947392e+00,4.604923433521463494e+00,2.255277145461501154e-01,-7.578288673571385914e+00
-9.970704447565113426e+00,-1.864436476833242651e+01,1.529705673088591134e+01,-8.853514917237700343e-01,-3.015307323210663881e+01,9.878436897373848780e+00,1.257180824662548346e+01,8.537099159719080177e+00,1.110920403078428098e-01,-1.468361033033987262e+01
-1.177473477227520071e+01,-2.161755089968435328e+01,1.793117617474374015e+01,-1.632241700521915195e+00,-3.491353608654931406e+01,1.153249518059834244e+01,1.408854895808068441e+01,9.679723677651981717e+00,-1.565360479818688200e-01,-1.702710456193695876e+01
-9.342369063082211156e+00,-1.736370207868237259e+01,1.428511610735469262e+01,-1.037068906746195118e+00,-2.804878255635161111e+01,9.214582741329873983e+00,1.151582555145542131e+01,7.916274804312031677e+00,2.626513564318960769e-02,-1.368056634404928751e+01
-8.206913658701827430e+00,-1.545916256480250262e+01,1.260417653128616955e+01,-6.652337227395315189e-01,-2.497556547782541259e+01,8.156678712856200164e+00,1.043835248957462447e+01,7.185803318304788689e+00,1.691187410894947341e-01,-1.218433751638778340e+01
-1.107444435928043269e+01,-2.008809089712610785e+01,1.679941059342873544e+01,-1.825827223569354452e+00,-3.243955078994893881e+01,1.077320587855501266e+01,1.286965143887431751e+01,8.829434763546419873e+00,-3.201945732611568562e-01,-1.581719781335966246e+01
-9.831119291232653268e+00,-1.811748156940448951e+01,1.500003978039082853e+01,-1.238200712323978436e+00,-2.927861319467664813e+01,9.654460457426479181e+00,1.192195128467485787e+01,8.139579421634961065e+00,-8.077013685666428744e-02,-1.426757473358298078e+01
-1.081327270684909259e+01,-2.028209599343871616e+01,1.660158940568712538e+01,-9.059523025898084114e-01,-3.279481343286571615e+01,1.072961203014414266e+01,1.370727176594867913e+01,9.337467219078243730e+00,1.639254632995942318e-01,-1.597668398222387864e+01
-1.056197297201947727e+01,-1.905983729332266918e+01,1.599255578205541894e+01,-1.871516959322707674e+00,-3.077262039485479406e+01,1.024350095232457392e+01,1.210474051936363082e+01,8.315280477502032142e+00,-3.758221645088654084e-01,-1.500662392504450438e+01
-8.153273702183875926e+00,-1.515836980413579482e+01,1.249559318422861054e+01,-7.855899789739473338e-01,-2.453072016939778877e+01,8.056447534375292818e+00,1.019514388299993435e+01,6.863312561816922397e+00,3.019416569546656826e-02,-1.193217138410522260e+01
-7.704777271289007246e+00,-1.389331702888305742e+01,1.164414118248847885e+01,-1.458059122187312706e+00,-2.239972998851255781e+01,7.459932119496039959e+00,8.716687207320912734e+00,6.089769657710324857e+00,-2.843780296894153348e-01,-1.094629632563808563e+01
-6.018893235655646379e+00,-1.128611678199556145e+01,9.237445598985217998e+00,-5.184276961858604871e-01,-1.824489547579204540e+01,5.970137124135532325e+00,7.612233831912146087e+00,5.198227796890338759e+00,8.853642366759234550e-02,-8.891249338407547498e+00
-7.324309487317604450e+00,-1.356388732578289336e+01,1.118350404617416771e+01,-8.828185230518139637e-01,-2.190553867356123519e+01,7.208040125500839501e+00,8.937968202022158692e+00,6.156033944779880862e+00,-1.460312538576619135e-02,-1.068680165441069363e+01
-6.311819153915660507e+00,-1.166877378516600317e+01,9.627912485110652341e+00,-8.023149805915053001e-01,-1.883779125965417833e+01,6.203524372845873991e+00,7.649753902161676500e+00,5.290252155197356920e+00,-2.744025783559911336e-02,-9.194933656840387215e+00
-1.188020176995857291e+01,-2.232348504956673807e+01,1.825739030394806761e+01,-9.184500455754142090e-01,-3.610743180884260539e+01,1.180376560915366291e+01,1.515759239392849977e+01,1.029114518807495315e+01,2.096117212251430995e-01,-1.758280544273633694e+01
-1.294237692884810187e+01,-2.367886771131278323e+01,1.968566316318269926e+01,-1.898900009179215864e+00,-3.823883114510608294e+01,1.265054171105522052e+01,1.534894061945190558e+01,1.054973170565098073e+01,-2.307426293058781885e-01,-1.864957012594248908e+01
-8.696321316532511503e+00,-1.613578185269412657e+01,1.329663692704554556e+01,-9.701257142763649588e-01,-2.607556955694483847e+01,8.572409799834371569e+00,1.071041573901446498e+01,7.325928736610171299e+00,6.118018805313318875e-03,-1.270987492506707284e+01
-4.938397024241384159e+00,-9.485645460801183759e+00,7.621753229501364579e+00,-2.305575626105283715e-01,-1.530863629804009562e+01,4.957673395382898640e+00,6.508583030498370725e+00,4.552178292058349562e+00,2.301444414088598123e-01,-7.484764347665835871e+00
-9.955463089779719610e+00,-1.816032798191249853e+01,1.514207057242518495e+01,-1.466711388203973510e+00,-2.934872801269109388e+01,9.721553097277045197e+00,1.179279609599537437e+01,8.028539431790370884e+00,-2.136597280392494302e-01,-1.429640296625323614e+01
-1.030104429688114820e+01,-1.881083916000608980e+01,1.566538217345286910e+01,-1.525618700899587843e+00,-3.038786746065496658e+01,1.006134352931196929e+01,1.219492580789569303e+01,8.344130395952518597e+00,-2.079053840759950700e-01,-1.481202205967374752e+01
-6.780065193229070530e+00,-1.264997525253292743e+01,1.038480204653855665e+01,-6.755963292996903791e-01,-2.044256504560846821e+01,6.704180999490468196e+00,8.456452350806095808e+00,5.791285985341772857e+00,5.417902293820553439e-02,-9.965890119661384716e+00
-6.095965337045195831e+00,-1.133083558841282823e+01,9.323625970896378234e+00,-6.663208542117013966e-01,-1.830711440758790332e+01,6.013937797789330020e+00,7.526814657983279311e+00,5.162285416480247413e+00,1.809125193817673338e-02,-8.926496370561288529e+00
-9.470495339186854267e+00,-1.714912250937451788e+01,1.435292371242081977e+01,-1.619261249950476600e+00,-2.768423427453198826e+01,9.201349508492999263e+00,1.093213545057353109e+01,7.527445436611708729e+00,-2.955620025353152269e-01,-1.350461598278727315e+01
-9.422097158645057036e+00,-1.734573046616874237e+01,1.437982679436751177e+01,-1.172083790547338467e+00,-2.804518437174289502e+01,9.251576757623952929e+00,1.144142054381479312e+01,7.764640436393485778e+00,-8.892213195935144698e-02,-1.365596435298470368e+01
-7.084690221927447240e+00,-1.286641679852044184e+01,1.074820866069322811e+01,-1.162385255308377552e+00,-2.077282713544557780e+01,6.895133418183269747e+00,8.241849088450798888e+00,5.671481867513159969e+00,-1.943521470000486029e-01,-1.013246658332896466e+01
-5.955846937817773856e+00,-1.143086107664199780e+01,9.210324733094751082e+00,-2.029046414285324285e-01,-1.848126973669421602e+01,5.986382872349608419e+00,7.939313014723588857e+00,5.441518937341457196e+00,2.740712211869756332e-01,-9.011206575468230895e+00
-9.205436879111219994e+00,-1.723345762378566803e+01,1.412442158701455064e+01,-8.098278927542058581e-01,-2.786515104835166667e+01,9.124388391094520045e+00,1.161848864138849891e+01,7.911766700232069738e+00,1.162471152057963364e-01,-1.357443857303636925e+01
-8.452894692610087191e+00,-1.556621708952839178e+01,1.287246761192661459e+01,-1.168152441098724736e+00,-2.512049591877023857e+01,8.287086149959471015e+00,1.012403804661561857e+01,7.025738441438829085e+00,-8.061943256054587836e-02,-1.226685416573907439e+01
-8.646174164023371134e+00,-1.642337774428331443e+01,1.332211918111205939e+01,-5.100470353493369302e-01,-2.654618123889915182e+01,8.637669554853173892e+00,1.124432218830806640e+01,7.712164779198369402e+00,2.761827522126579226e-01,-1.294449427206330405e+01
-6.048476429858120618e+00,-1.130853865485465093e+01,9.250339375331934733e+00,-6.585914718622982722e-01,-1.824247087273300494e+01,5.978078006881687223e+00,7.479237590949581183e+00,5.230275859009332784e+00,6.213588737427180875e-02,-8.917656170392783466e+00
-9.818956311932840464e+00,-1.775738032709885061e+01,1.485773362667716491e+01,-1.777385582767286420e+00,-2.863799640406450919e+01,9.524732548608508154e+00,1.121246082029519542e+01,7.810613140618126948e+00,-3.250299117351235223e-01,-1.398998786371187109e+01
-7.495627929045115323e+00,-1.432958743649955835e+01,1.160890602788391845e+01,-1.875652577110290542e-01,-2.321969445742949389e+01,7.532800590017057374e+00,1.006702199912076878e+01,6.724465704361128005e+00,3.094821371986791747e-01,-1.128216144266640875e+01
-7.559143346765840654e+00,-1.401342582701630768e+01,1.152040402353861914e+01,-9.999297985672643829e-01,-2.259042926967077491e+01,7.431166482321807543e+00,9.118926698247632245e+00,6.417229135901386883e+00,-8.340530239860699524e-03,-1.105151913623640247e+01
-1.050762225168228348e+01,-1.954439612474311261e+01,1.608722153593462778e+01,-1.080713545301139167e+00,-3.159803985705255869e+01,1.037631500434005183e+01,1.305761935897195158e+01,8.890283442200557218e+00,4.249384160304642277e-02,-1.539248712862456081e+01
-1.108814095687390200e+01,-2.040578807516044080e+01,1.691111016841120573e+01,-1.427238499616868772e+00,-3.297733786834776737e+01,1.088073777272827414e+01,1.340574546003580814e+01,9.147223984212191183e+00,-1.110208463322391870e-01,-1.606873257038611058e+01
-1.143416528654842068e+01,-2.088336240172692015e+01,1.738151923845063251e+01,-1.722506012013371945e+00,-3.372311729789480239e+01,1.116524619855799472e+01,1.350162662350416731e+01,9.280433895488695129e+00,-2.295581720491868261e-01,-1.644721584747991372e+01
-1.143408707621349940e+01,-2.113212610699348559e+01,1.747092487956648554e+01,-1.330950569906339087e+00,-3.416565236636855474e+01,1.125116935196608381e+01,1.400514023586235979e+01,9.518550163488011862e+00,-4.968244811151656393e-02,-1.663937465255358461e+01
-7.692112884927295724e+00,-1.421662857280702852e+01,1.173833097542892112e+01,-9.575339525783334027e-01,-2.296061229433511386e+01,7.561859724898585711e+00,9.346626035290210410e+00,6.431641271444733299e+00,-3.536308154371770041e-02,-1.120015179959356111e+01
-3.387200789400476530e+00,-6.158921696273778501e+00,5.129643378557115163e+00,-5.928913847432977224e-01,-9.925782264915413933e+00,3.293452224590789346e+00,3.896417770014779514e+00,2.740464145980538113e+00,-8.920840564348098134e-02,-4.854820210966522609e+00
-5.592781323308171793e+00,-1.062566840653970246e+01,8.609303975542056619e+00,-3.634416497696089099e-01,-1.716093694679398851e+01,5.583728714520375114e+00,7.233130497528715175e+00,5.007185910061049405e+00,1.789638200001517077e-01,-8.378407319167802569e+00
-7.031966708749171957e+00,-1.344830761834641564e+01,1.086682532090149067e+01,-2.751357417743196532e-01,-2.175076982336797826e+01,7.056105788085088371e+00,9.324997281279159722e+00,6.361136824232553444e+00,2.903374280713698075e-01,-1.059853687263052358e+01
-5.824729935547737547e+00,-1.055368861750512544e+01,8.824917534196876190e+00,-1.006616706871136024e+00,-1.703008630499424925e+01,5.658967225850767058e+00,6.711512196406448361e+00,4.644883114601054075e+00,-1.779412354903415761e-01,-8.312722317771969571e+00
-6.591815672662844960e+00,-1.224684800340002511e+01,1.008301880483549695e+01,-7.168080273696484372e-01,-1.979108392363384539e+01,6.502633502640726704e+00,8.142856121446643058e+00,5.571179564593529143e+00,1.591672749676414922e-02,-9.647011467911861260e+00
-7.317650493120455124e+00,-1.361210924074054951e+01,1.119914127230634016e+01,-7.700470018588666532e-01,-2.199984046503902846e+01,7.224357544646667684e+00,9.072570575012729677e+00,6.200939201679284807e+00,2.974594829006282914e-02,-1.072225349074382450e+01
-6.113441980011093513e+00,-1.165651079731344630e+01,9.421681162558373401e+00,-3.487305685217401141e-01,-1.882601676974527649e+01,6.115957336334740368e+00,7.970245296206232233e+00,5.520733053871191842e+00,2.251343923049856366e-01,-9.192196624057309862e+00
-4.323304229653082587e+00,-8.174487012825276011e+00,6.650238904318159783e+00,-3.043502711504663671e-01,-1.321068108757994253e+01,4.307204708519733138e+00,5.558256925511611435e+00,3.815894720713994825e+00,1.112557940691109720e-01,-6.442568596982650497e+00
-6.748340827325479907e+00,-1.218166060758131586e+01,1.020702728193398023e+01,-1.241408157758252528e+00,-1.964816469227698192e+01,6.540153626872767134e+00,7.679324578755117869e+00,5.339479125709292617e+00,-2.391595576113672017e-01,-9.596049633608371821e+00
-9.870506585035141001e+00,-1.814491031377509600e+01,1.504772133671600187e+01,-1.298304256043431248e+00,-2.932176938036962355e+01,9.679390715322286454e+00,1.189756690097781089e+01,8.121903334012836595e+00,-1.131788918524521126e-01,-1.428832559400617441e+01
-1.193812915611440673e+01,-2.188121946056892853e+01,1.818488810827550850e+01,-1.637492625480744479e+00,-3.536241584274649341e+01,1.168867067184567610e+01,1.430069400731815144e+01,9.746120593240849672e+00,-1.823801087744357785e-01,-1.722816760672641578e+01
-1.102030139024164868e+01,-1.992940759545298235e+01,1.670158349344372084e+01,-1.886883566536528445e+00,-3.218316345773899911e+01,1.070257347220318245e+01,1.271478381768924137e+01,8.717206079725006163e+00,-3.614633106962912290e-01,-1.569073619810437847e+01
-9.513475590127530523e+00,-1.766986878643141523e+01,1.455660355339058221e+01,-1.016090347086914925e+00,-2.856421866514257957e+01,9.386088348278716964e+00,1.177364004701107625e+01,8.023823607623922882e+00,2.020236466703978495e-02,-1.391633481638857539e+01
-9.203177290625085050e+00,-1.718675666917113176e+01,1.413516328136937972e+01,-7.540121248131389509e-01,-2.783038583103271790e+01,9.121748888359540786e+00,1.167774751051133464e+01,7.814675305785661052e+00,8.974723524505279215e-02,-1.352652411248632092e+01
-8.595493570655674986e+00,-1.555935776057954989e+01,1.299132260881089351e+01,-1.617482187303432628e+00,-2.506271282971854575e+01,8.333116969080368364e+00,9.742687306767217947e+00,6.888975280779657595e+00,-2.769040274352504438e-01,-1.226619979882886113e+01
-8.041545840825984115e+00,-1.504477514321923870e+01,1.234292387108453859e+01,-6.902520062360667508e-01,-2.433730312187484301e+01,7.971165179263712375e+00,1.016910102021846463e+01,6.887602437248768972e+00,9.561314187912606233e-02,-1.184747649449926676e+01
-1.149232843214443811e+01,-2.086518387599540958e+01,1.744732325507007786e+01,-1.835062990534190863e+00,-3.370910874741107222e+01,1.118977307700940038e+01,1.342973004030058881e+01,9.167675345850037516e+00,-3.174617143382594264e-01,-1.642593912461093097e+01
-1.196812581017926291e+01,-2.175513255946084001e+01,1.817416640985300447e+01,-1.890268713196205930e+00,-3.514324876882929516e+01,1.165969699457503772e+01,1.401401278309184129e+01,9.581242246018611297e+00,-3.124411857651004931e-01,-1.712810978177465060e+01
-8.573277964661425443e+00,-1.566502103605877849e+01,1.304545178242376302e+01,-1.237510867905444956e+00,-2.531434709803745164e+01,8.379041403665381083e+00,1.018958797938040561e+01,6.945614594599559766e+00,-1.657248229551160357e-01,-1.233310877826398588e+01
-9.105220241695523242e+00,-1.682361729143087459e+01,1.389368179960934668e+01,-1.138308799453083164e+00,-2.717126331416838170e+01,8.949704456400644048e+00,1.105722308237676721e+01,7.607520166150250063e+00,-4.518794392234942725e-02,-1.325381641352252515e+01
-7.070664887590687897e+00,-1.315754014230850011e+01,1.082142119184930174e+01,-7.425322108030572021e-01,-2.126357372922921485e+01,6.981487458323626605e+00,8.768785260383834768e+00,5.999032814993252138e+00,3.204795048912045807e-02,-1.036470525381299979e+01
-3.702512295883729543e+00,-6.945130661639881353e+00,5.676873141331251205e+00,-3.416581802513979360e-01,-1.121737931087310258e+01,3.670272070733184400e+00,4.655447403930762285e+00,3.211943740150067228e+00,5.534617578785534786e-02,-5.473929715734637824e+00
-7.325508670049464932e+00,-1.347155569923036822e+01,1.117549121306731585e+01,-9.313645938569784510e-01,-2.177996132196329171e+01,7.188250050999555718e+00,8.869453626282417957e+00,6.021891310475014691e+00,-7.947558781660518656e-02,-1.060586257341286043e+01
-9.159295270324212979e+00,-1.679200552812009661e+01,1.391915569217959181e+01,-1.392381474557871979e+00,-2.708294586603037146e+01,8.952700342310100368e+00,1.080790722729089737e+01,7.544837605666930180e+00,-1.418975345073510974e-01,-1.323481805455455529e+01
-7.747879702869276741e+00,-1.487270993655176810e+01,1.199523844586897248e+01,-2.070687756298584259e-01,-2.406702952682396557e+01,7.794634887532704504e+00,1.039723082225123285e+01,7.057544882419493959e+00,3.601404987401478075e-01,-1.171935547508551068e+01
-7.265498689599906967e+00,-1.318991252864256580e+01,1.101699530500568436e+01,-1.215352349306719093e+00,-2.128822543187649785e+01,7.067598186865842180e+00,8.423422675670209969e+00,5.818530623770551635e+00,-2.033695916200440879e-01,-1.038880151016441467e+01
-7.302740714940820332e+00,-1.331325432824911204e+01,1.109688713538109717e+01,-1.119899130688909228e+00,-2.150193586663509038e+01,7.124715619719288462e+00,8.596306610937189063e+00,5.895446477909391803e+00,-1.636538135785309822e-01,-1.048375626674441463e+01
-5.425115082438926706e+00,-9.930469185948769706e+00,8.256560617830746907e+00,-7.755195153315694867e-01,-1.604240713648478334e+01,5.305962397988960966e+00,6.459207507230102507e+00,4.421178220592720365e+00,-9.274755664343653505e-02,-7.819975749956089572e+00
-5.420587339220177547e+00,-1.004362899384533314e+01,8.266942518551639196e+00,-6.934830853776954296e-01,-1.620239916315656004e+01,5.330710211976563251e+00,6.566941063486115837e+00,4.582524775105601300e+00,-8.685306155457983568e-03,-7.917810139007428027e+00
-5.361467629606735841e+00,-1.006161639007006947e+01,8.234174977629191261e+00,-4.374446354780203716e-01,-1.627116021227451270e+01,5.322213902908114136e+00,6.811224088589945325e+00,4.633266076289805468e+00,8.521885633770931445e-02,-7.925361605263617548e+00
-6.553213230788199617e+00,-1.213981702775676119e+01,1.000895948724173579e+01,-7.777550037633116364e-01,-1.960863729739821082e+01,6.451233738122382988e+00,8.012119850327128034e+00,5.509036829955280545e+00,-1.002580707472616739e-02,-9.564163262766362195e+00
-1.123817171513976731e+01,-2.096640561778833600e+01,1.722508673582152028e+01,-1.070308091622096835e+00,-3.390190817999658179e+01,1.111794926582333787e+01,1.407654941975212637e+01,9.574994143641669453e+00,9.062337487031835170e-02,-1.651278867053774135e+01
-1.061847595339314232e+01,-1.950765566817040764e+01,1.616957036927624003e+01,-1.474231393757720721e+00,-3.149926888187681939e+01,1.040185175880533741e+01,1.270389236921454668e+01,8.751601191817526271e+00,-1.326125593281899384e-01,-1.536721764695805170e+01
-1.063014501062223083e+01,-1.963934860555639617e+01,1.623094222902138029e+01,-1.286025649841438412e+00,-3.173638644119550278e+01,1.045328775723727865e+01,1.296074682788246335e+01,8.859425617625889871e+00,-5.251658072957909873e-02,-1.546769716560121388e+01
-9.490625475538021050e+00,-1.718541136760795851e+01,1.437118010215723807e+01,-1.673587972663736156e+00,-2.772309486853842486e+01,9.214948264809670775e+00,1.089382127482527984e+01,7.565831856205178063e+00,-2.980531763527146660e-01,-1.353806487946569526e+01
-7.412557791760265857e+00,-1.419788127710655345e+01,1.146616789625012167e+01,-2.418038195510754385e-01,-2.297208045578845770e+01,7.447145252603871057e+00,9.890635766612588142e+00,6.719931195179390748e+00,3.222260385144776196e-01,-1.118757902798903814e+01
-6.574027921462251456e+00,-1.248214534518356267e+01,1.011746747833458038e+01,-4.374942896446543661e-01,-2.015871770238084437e+01,6.560925904085697091e+00,8.488792194212372522e+00,5.877371278690216805e+00,2.048054487303928028e-01,-9.842187900505486198e+00
-4.696058874103396619e+00,-8.533538757483407622e+00,7.111537203684581421e+00,-8.235185972326527493e-01,-1.375448944470288026e+01,4.565052472108093617e+00,5.399560062112680470e+00,3.791360937459532288e+00,-1.272547465579971782e-01,-6.726064179005780019e+00
-8.156525605912500865e+00,-1.563226576789395672e+01,1.261424457573001590e+01,-2.766815931573873288e-01,-2.528453763634369977e+01,8.194871538760777341e+00,1.087162790109692345e+01,7.414687937694937503e+00,3.604852203110541775e-01,-1.232013556890033357e+01
-5.900061975110878265e+00,-1.124138483475368666e+01,9.076995925199732085e+00,-4.029739879531215596e-01,-1.813343395172395134e+01,5.893404649933434492e+00,7.610743366459138848e+00,5.343899055131614340e+00,2.094563214921638106e-01,-8.870102433999187852e+00
-7.466841744594856500e+00,-1.399225443271803115e+01,1.145379112375312758e+01,-6.682758449068124662e-01,-2.261382015175517424e+01,7.401978399713975421e+00,9.412016634940268744e+00,6.445137236929308067e+00,1.029984310092670885e-01,-1.102435851702397684e+01
-6.574505230214689355e+00,-1.196513983360318889e+01,9.987901747320346857e+00,-1.019796481245583308e+00,-1.932931367753669960e+01,6.409559481960191540e+00,7.722596223722253406e+00,5.278717466794099700e+00,-1.614395969106501294e-01,-9.420478233171694527e+00
-4.697378863959445816e+00,-8.919779436227679881e+00,7.221764692523931828e+00,-3.438004462919357351e-01,-1.439297101450682703e+01,4.684515757773690225e+00,6.027926244572709535e+00,4.214871879744970684e+00,1.458260113836033489e-01,-7.036371609138651451e+00
-6.608286449052007683e+00,-1.243683663934968031e+01,1.014122874231105342e+01,-5.688203932657042161e-01,-2.008479295845008750e+01,6.562181485402526882e+00,8.363619508637707867e+00,5.782564622136480814e+00,1.276592378966824870e-01,-9.803946878457360015e+00
-1.076397928020222317e+01,-1.979530191026016794e+01,1.642718965736298031e+01,-1.343124304261061219e+00,-3.201348765808964458e+01,1.056532492583046512e+01,1.306340050158118515e+01,8.837857010256968238e+00,-1.156204932027943277e-01,-1.558202451185336024e+01
-1.120168183060330946e+01,-2.034846535442952487e+01,1.698718945649396517e+01,-1.866184562870025321e+00,-3.283923309883390829e+01,1.089951707493369248e+01,1.299766133039847027e+01,8.988524425726156508e+00,-3.047716362815061641e-01,-1.602811200102712164e+01
-5.929487118724868999e+00,-1.118435611574855137e+01,9.105779361938310501e+00,-4.824406140720736147e-01,-1.806176887165932499e+01,5.895433340705639402e+00,7.541342575047472963e+00,5.217610298881814046e+00,1.322365315181526502e-01,-8.817319145317119577e+00
-6.730469455486607799e+00,-1.286521313442687742e+01,1.039929642536580445e+01,-2.705462550290607115e-01,-2.080781756119824166e+01,6.751680417272174495e+00,8.915684361453857676e+00,6.080846178062660812e+00,2.732991928443750940e-01,-1.013881533614530994e+01
-7.699508183919267168e+00,-1.389589514574524109e+01,1.165111780938422115e+01,-1.394066840894792270e+00,-2.242301220912265336e+01,7.464133449433989043e+00,8.788364312481830254e+00,6.077576122503679734e+00,-2.739376725780796606e-01,-1.094390989096285338e+01
-6.498744614436898104e+00,-1.224399853502616153e+01,1.000298655469294040e+01,-4.343313475836858562e-01,-1.981605071064111101e+01,6.470144490063527876e+00,8.377819570467677224e+00,5.653104246322743442e+00,1.387580715009517351e-01,-9.641708568381650579e+00
-4.827041730876644898e+00,-8.919224740428267850e+00,7.357603173134514840e+00,-6.366269354599239927e-01,-1.439208412658366143e+01,4.740786867094861634e+00,5.821816486492892295e+00,4.048399826444113891e+00,-2.486409126477409637e-02,-7.029893383418233554e+00
-5.009274313369040499e+00,-9.219367867508806214e+00,7.637062819847065143e+00,-6.565467814888301668e-01,-1.489433543559063544e+01,4.914313361890075171e+00,6.042150012802011361e+00,4.138782302331607710e+00,-5.011159053561234367e-02,-7.261102538439584642e+00
-9.368562042260494493e+00,-1.693028442781450593e+01,1.419238067075225196e+01,-1.629718295955300267e+00,-2.733543816744727550e+01,9.093508623119252121e+00,1.077660183829580021e+01,7.402066269408782873e+00,-3.162410032036774843e-01,-1.333029839113306103e+01
-9.810064922657304010e+00,-1.822453146840816629e+01,1.500987220546732459e+01,-1.049723637545606048e+00,-2.945839253896578214e+01,9.679092921471854183e+00,1.213878559089325471e+01,8.281127336461867827e+00,2.329945215002388048e-02,-1.435387746663408670e+01
-9.472167493373069291e+00,-1.738559079203343316e+01,1.442724744500290157e+01,-1.302874969440673159e+00,-2.808471524043570255e+01,9.277736972080662170e+00,1.134526213926752725e+01,7.774658043054738954e+00,-1.286591783267626576e-01,-1.369218596448743419e+01
-8.746852252966753838e+00,-1.620849087125900567e+01,1.337731477573478855e+01,-9.632533080656625613e-01,-2.620738719672983663e+01,8.620267132820307765e+00,1.078522760620614029e+01,7.328041638536920033e+00,-7.485415071283307853e-03,-1.276307886075336739e+01
-9.913383192236292274e+00,-1.829875815975588438e+01,1.512676097884052595e+01,-1.241194488452310729e+00,-2.956110216993628015e+01,9.740915362766562779e+00,1.203421254681186703e+01,8.253588756590488629e+00,-6.135651210080150797e-02,-1.441366558901965966e+01
-9.678424592315780117e+00,-1.766617766193892436e+01,1.470128304761606586e+01,-1.505628662447660027e+00,-2.851408489333931229e+01,9.443544731073266973e+00,1.136957139614206547e+01,7.859203642192296613e+00,-2.029687177589373226e-01,-1.391659135342886877e+01
-1.161728773243586232e+01,-2.131705703600012924e+01,1.771755188093572997e+01,-1.502768877568703365e+00,-3.447521981818662340e+01,1.138898517252213693e+01,1.402894806215151569e+01,9.483414303473740148e+00,-1.583737962887610262e-01,-1.677851003951496267e+01
-1.149144657849294759e+01,-2.105850640571819810e+01,1.748786408613577592e+01,-1.645509585076287973e+00,-3.400766496391577220e+01,1.124259591347962228e+01,1.368134608151373399e+01,9.405682968809241373e+00,-1.806151493100401906e-01,-1.658652402713866181e+01
-1.061185685123930611e+01,-1.943095064517267900e+01,1.616419974293283701e+01,-1.458898780222074310e+00,-3.140992142687887068e+01,1.038658560621435356e+01,1.270558687284522748e+01,8.632758797029010722e+00,-1.751765590061528099e-01,-1.529662781182425846e+01
-9.667074392661293203e+00,-1.769001146669509694e+01,1.470868652548946187e+01,-1.397987580390560591e+00,-2.857381924189929379e+01,9.452036274132403548e+00,1.148966020775768015e+01,7.876681761902064594e+00,-1.693012851190812684e-01,-1.393124261821732013e+01
-5.907812588010123989e+00,-1.054626868331739331e+01,8.910455893562886587e+00,-1.201044406299664580e+00,-1.701863043589609248e+01,5.693085861812858361e+00,6.570371560371770947e+00,4.529532763481515900e+00,-2.922688765127816612e-01,-8.302699097072091305e+00
-6.038668979309890439e+00,-1.153970313081252819e+01,9.327494767243461382e+00,-2.550119767963754946e-01,-1.866061708601140623e+01,6.055759394755561686e+00,7.984050889419281205e+00,5.456076631766166862e+00,2.426847330198908803e-01,-9.094961910154093943e+00
-9.186887524814949302e+00,-1.699036050622774852e+01,1.402402435870006059e+01,-1.123480314810654912e+00,-2.744320271110778009e+01,9.035465070932286125e+00,1.118859442617914368e+01,7.690869954947826770e+00,-3.413719554455318939e-02,-1.338492468959069548e+01
-1.178638363695616320e+01,-2.152750041340526366e+01,1.792203675414926067e+01,-1.754335966406893377e+00,-3.477117126545867620e+01,1.151179327793727936e+01,1.394330570875483666e+01,9.558258735450703369e+00,-2.353318956152682384e-01,-1.695259617249545414e+01
-1.359186562288065758e+01,-2.519398550902126033e+01,2.080223948468243833e+01,-1.433826026033508505e+00,-4.075715324673897300e+01,1.340370136098687404e+01,1.683638654562410863e+01,1.137131917631242928e+01,-4.535885329559175005e-03,-1.983348783354502842e+01
-1.060605164797191513e+01,-1.920605274342858948e+01,1.607899285631639685e+01,-1.792242147956628173e+00,-3.101272270880515691e+01,1.030721175909301301e+01,1.226863708291417510e+01,8.421704545999412872e+00,-3.298227776676050382e-01,-1.512246505964834142e+01
-7.343101093603989327e+00,-1.353635145581510635e+01,1.118583545472706753e+01,-9.995057742426817216e-01,-2.184448887956360252e+01,7.203087756168168987e+00,8.814988953556751383e+00,6.119464548395224135e+00,-6.025232967204707801e-02,-1.066764185995570813e+01
-8.356574397046413694e+00,-1.530861996767222521e+01,1.273715256203430357e+01,-1.114033142929801157e+00,-2.475651162202657574e+01,8.184409550683312773e+00,1.004830759859484601e+01,6.794561699646103570e+00,-1.319158677754573850e-01,-1.204904367896421391e+01
-7.199767632625064806e+00,-1.304903399454558866e+01,1.091507585722510854e+01,-1.215409138515281651e+00,-2.106618496171158839e+01,6.998875810955540899e+00,8.331241936513688273e+00,5.735097791567749681e+00,-2.163148264287843014e-01,-1.027597049050206479e+01
-4.726461851659824021e+00,-8.888667528148886277e+00,7.259239864839225120e+00,-3.828525979582310113e-01,-1.436697018529399195e+01,4.695218841418941302e+00,6.010143386772281104e+00,4.114321592538961347e+00,8.774579145124028479e-02,-7.003732241682468995e+00
-4.795013689909901622e+00,-8.949136863839241229e+00,7.342712719957974699e+00,-4.844318891661470450e-01,-1.445811554201636717e+01,4.741025582980450181e+00,5.972906898566841427e+00,4.103307520588662882e+00,3.995382712368084066e-02,-7.051317216054825643e+00
-5.890529151157180898e+00,-1.100003530729613210e+01,9.015727312010380246e+00,-6.135971320313493571e-01,-1.776150756342661552e+01,5.823070740696649317e+00,7.315941889966595113e+00,5.059447324895669951e+00,5.265022623879606067e-02,-8.669919844249230678e+00
-5.443804335928500215e+00,-1.045344770617301577e+01,8.413571904391982770e+00,-2.054344572354845633e-01,-1.689083122902245648e+01,5.470250612870488638e+00,7.233238182774754499e+00,4.991426575504595675e+00,2.533847120585951407e-01,-8.243332998290645364e+00
-4.596826910517004983e+00,-8.604974089331346221e+00,7.044643739190966869e+00,-4.398610617778186960e-01,-1.390009940347038864e+01,4.552101891760432117e+00,5.758834842909165808e+00,3.965408494147748542e+00,5.634177623001521140e-02,-6.781272815356849115e+00
-8.957856294141945952e+00,-1.690128702869539268e+01,1.377095863369658346e+01,-6.679156456871473413e-01,-2.731569329437210314e+01,8.914281857397414299e+00,1.146717796685527802e+01,7.863133873276537678e+00,2.050426609713074388e-01,-1.331911131632729273e+01
-1.101215126515086240e+01,-2.003044701608903111e+01,1.671736401773555158e+01,-1.759458766871627944e+00,-3.234349231871834718e+01,1.072812026160251087e+01,1.287179848572382568e+01,8.846524311654544448e+00,-2.794617803812262657e-01,-1.577396211154566252e+01
-8.776919307228229883e+00,-1.663491681771240849e+01,1.352158805042571466e+01,-5.289311943070840183e-01,-2.690030427938756930e+01,8.761016564546503460e+00,1.139638963222918022e+01,7.772753692041785456e+00,2.553685699748083904e-01,-1.310730736519652240e+01
-1.169202089643060560e+01,-2.133303011115883407e+01,1.776143344622163056e+01,-1.813129874028081900e+00,-3.443864436086405334e+01,1.140755070581766262e+01,1.374091673518392831e+01,9.477507213591051638e+00,-2.507440812169140498e-01,-1.680344509860342583e+01
-1.222956066589646440e+01,-2.225598609044230614e+01,1.860238052821818755e+01,-1.799916206464091895e+00,-3.599204328303123646e+01,1.193389787996942886e+01,1.448242958668987512e+01,9.774398530509159855e+00,-2.975969829825252377e-01,-1.751327368797138462e+01
-8.549984875413548124e+00,-1.578225516612583590e+01,1.304087675351521725e+01,-1.093252802588201789e+00,-2.548684697313939296e+01,8.398606405566621191e+00,1.035162843305761449e+01,7.128838261366578166e+00,-5.360581465726282913e-02,-1.243366176143520363e+01
-6.992599070816877038e+00,-1.308528238227350649e+01,1.071482022710933890e+01,-6.750563100520673432e-01,-2.113706549568638948e+01,6.923152897703398700e+00,8.752492267703939177e+00,6.027408067814273629e+00,8.254095583218562515e-02,-1.031201505036405308e+01
-5.643756175500226568e+00,-1.081071899184036234e+01,8.715056004996439398e+00,-2.464448746345627717e-01,-1.746707638500578952e+01,5.662946296987471761e+00,7.455218289978363444e+00,5.145436569619635137e+00,2.437005164987971206e-01,-8.524679521370833513e+00
-7.561466128272810394e+00,-1.391612137649588909e+01,1.152189698788304106e+01,-1.016826105831272864e+00,-2.247234572133021757e+01,7.415044780743506259e+00,9.089364681246433264e+00,6.258188949797025558e+00,-7.683431305439641923e-02,-1.096264640031290050e+01
-1.116205840853155706e+01,-2.044920743631310955e+01,1.699865352129671692e+01,-1.548729616043245105e+00,-3.304554526512544044e+01,1.092520424584567529e+01,1.334849298593502809e+01,9.104572690981738603e+00,-1.775262228159799616e-01,-1.610107017952697461e+01
-7.945395247654133186e+00,-1.477656288110954641e+01,1.215426283065167112e+01,-8.596050181826978553e-01,-2.387415005960247782e+01,7.840830574028488265e+00,9.822049972854713928e+00,6.737944779716110943e+00,2.930760906348356398e-02,-1.164130969876272026e+01
-1.128927329387312994e+01,-2.069112092931181479e+01,1.718510234751919086e+01,-1.595930032423903189e+00,-3.342100322937185553e+01,1.104770930579630317e+01,1.346596678584242746e+01,9.236165522050807652e+00,-1.746511125834677713e-01,-1.629559490608988526e+01
-1.123110282654177183e+01,-2.081330545877676030e+01,1.715755625221044056e+01,-1.316188311976224545e+00,-3.362140741816325118e+01,1.105952948628546650e+01,1.375261369785317278e+01,9.446871688513859056e+00,-1.145448379442326470e-02,-1.639687032811983514e+01
-7.988928810717017548e+00,-1.525986533645642140e+01,1.234016377449409418e+01,-3.368937443079604854e-01,-2.467962661723507267e+01,8.010504824356658560e+00,1.056235819597274883e+01,7.206828644676752660e+00,3.165859929277944351e-01,-1.202603244550194717e+01
-5.914110749984049953e+00,-1.108329139425020671e+01,9.064690967871859684e+00,-5.594879719478633717e-01,-1.790038264096782683e+01,5.859334996746686564e+00,7.418379681485467891e+00,5.119514829964822766e+00,8.102649455880261975e-02,-8.735417211320962494e+00
-3.003826458648959363e+00,-5.585818668850320634e+00,4.576890672755379086e+00,-4.003298815493870344e-01,-8.995832270722729618e+00,2.955413835475787288e+00,3.622127029985482860e+00,2.579908443814559860e+00,8.087596592700807552e-03,-4.407800965357481005e+00
-4.942109875699754795e+00,-8.059474522395211338e+00,4.474766207758293035e+00,1.879366864548440708e-01,-1.044323906239077537e+01,3.291831795753777268e+00,5.623825145426216920e+00,2.750020831185513881e+00,1.152977695379789447e+00,-4.724767005979772172e+00
-4.916290543598680784e+00,-8.961646961338745498e+00,7.462665577371158321e+00,-7.867642316528027369e-01,-1.446142491241747052e+01,4.792452810010785491e+00,5.747309129158750807e+00,3.981859492727351402e+00,-1.119684997151358108e-01,-7.060029518369683288e+00
-4.726233082484658787e+00,-8.932585514044081521e+00,7.276172745367158967e+00,-3.075350237650120722e-01,-1.444731715405720429e+01,4.710959875401981023e+00,6.106276377612068096e+00,4.154094212761551219e+00,1.199809847801547869e-01,-7.037118085749896501e+00
-5.734354753754184131e+00,-1.033913017099777854e+01,8.674515662721857368e+00,-1.051000883525143426e+00,-1.668321908209152582e+01,5.555931757159472184e+00,6.528668439027538462e+00,4.515323063346041721e+00,-2.112115745122910559e-01,-8.142578911388069329e+00
-7.046901367628480628e+00,-1.295289734681826310e+01,1.073838360548912085e+01,-9.465862988191096061e-01,-2.092456136597087735e+01,6.907936735911307302e+00,8.470123272072930476e+00,5.804968866523423365e+00,-8.241098864366214194e-02,-1.020154513421522502e+01
-1.028742177053928764e+01,-1.890646641800457317e+01,1.567961816394986663e+01,-1.368876202609258019e+00,-3.054848786561365515e+01,1.008561163917719483e+01,1.238048840511667237e+01,8.463915405013338500e+00,-1.217485540388498766e-01,-1.488886902329105233e+01
-1.060478748056126008e+01,-1.913229047861368670e+01,1.607248611903872870e+01,-1.816778303862558230e+00,-3.091599476468538654e+01,1.029151180586888614e+01,1.222859185865168818e+01,8.313268704243032658e+00,-3.784112786202205037e-01,-1.505701877963345048e+01
-7.341078451909373470e+00,-1.409085886569381962e+01,1.132874625914045552e+01,-3.485943561663818469e-01,-2.274298905761095924e+01,7.367454065627849324e+00,9.666925784595850502e+00,6.753249285805754454e+00,3.353348318591098942e-01,-1.111780219832962935e+01
-8.292098434651020256e+00,-1.569745564821611872e+01,1.276916248260772058e+01,-5.241048807434047774e-01,-2.538321264624043039e+01,8.271218644246095764e+00,1.073513016161181000e+01,7.323470102821408645e+00,2.280029241346164526e-01,-1.236846720644914122e+01
-9.779192317632187326e+00,-1.780525446094021191e+01,1.484084161791932210e+01,-1.580952037606692340e+00,-2.873541513454424745e+01,9.527641272534438599e+00,1.141038765530092647e+01,7.893248209867611997e+00,-2.371212874733989451e-01,-1.402578569144089116e+01
-7.474272455768043777e+00,-1.408645517786158941e+01,1.149702039105268980e+01,-5.303802611838864811e-01,-2.278390090948916580e+01,7.438512725035080209e+00,9.598655242510503172e+00,6.522899494628290107e+00,1.615365155947814657e-01,-1.109615869074795214e+01
-6.419598755230079057e+00,-1.198474158657786681e+01,9.817456652225081015e+00,-7.023381374075189365e-01,-1.933987892752111293e+01,6.341628095727312342e+00,7.931974337222822413e+00,5.523402677061844734e+00,5.402479268037879701e-02,-9.448827098235483390e+00
-6.170715284350031915e+00,-1.181767203139811429e+01,9.536447269350208700e+00,-2.378273663059139453e-01,-1.910743025494336322e+01,6.194988243832118435e+00,8.189263462854363240e+00,5.607730191859410240e+00,2.659097023320465270e-01,-9.315328852904105617e+00
-7.152441372998874058e+00,-1.292769092008943055e+01,1.083458638335222979e+01,-1.246547770369899055e+00,-2.087098479613976210e+01,6.942542453575045514e+00,8.224856666634428493e+00,5.655874333316072367e+00,-2.400163378203553632e-01,-1.017933055397839048e+01
-1.195529519845880273e+01,-2.177329840491733748e+01,1.817803571267243257e+01,-1.787971010188731169e+00,-3.519299264560599738e+01,1.166561344617081986e+01,1.412526352960883713e+01,9.595084751395255296e+00,-2.809172374084887291e-01,-1.713842881075069613e+01
-1.143270002885939007e+01,-2.094217656394304328e+01,1.740307960706567769e+01,-1.618617300053043717e+00,-3.383087717876482259e+01,1.118587008475869204e+01,1.363270058589582945e+01,9.334994855252253032e+00,-1.848530691193990272e-01,-1.649193967633545910e+01
-9.004432229121251297e+00,-1.687874788856029085e+01,1.381130334690902473e+01,-8.099643794891968618e-01,-2.727496599049187509e+01,8.926575559480939503e+00,1.134586061057850515e+01,7.782725020384018144e+00,1.275259922560805226e-01,-1.329969308546165685e+01
-1.036379323317378720e+01,-1.924202358795092849e+01,1.585933656156752747e+01,-1.100592622162930745e+00,-3.111137191560739268e+01,1.022459199700561427e+01,1.283273977923353293e+01,8.726277436984400282e+00,1.742381156672906384e-02,-1.515293764928688347e+01
-9.912941367390679659e+00,-1.781223618281536503e+01,1.497732864980685719e+01,-1.897487267518302989e+00,-2.873768219592336237e+01,9.585221813496991317e+00,1.118118689651237752e+01,7.740496335985169729e+00,-4.086404648092516467e-01,-1.402747413150115996e+01
-9.036203192247926452e+00,-1.622714152108356345e+01,1.365490004483371500e+01,-1.721208203972131479e+00,-2.618796845007783602e+01,8.736880126143404368e+00,1.020133188080846587e+01,7.036034539302027824e+00,-3.786995169689648666e-01,-1.277704513079863702e+01
-8.776562574365614822e+00,-1.535508896592298100e+01,1.041272967422339235e+01,8.642507455092432456e-02,-2.227869018647935917e+01,7.139009632475123546e+00,1.076275695877321148e+01,6.134766547773577550e+00,1.287837040042934422e+00,-1.046463308761740585e+01
-1.302013262853249742e+01,-1.796131800457840910e+01,4.366615451901429523e+00,1.583807041687104622e+00,-1.636143713102782016e+01,4.481624945989003628e+00,1.297244809745823346e+01,3.336305164300537029e+00,5.203895025874865965e+00,-6.329357982899384005e+00
-8.238780513220651969e+00,-1.385864606227602280e+01,9.438893785332695074e+00,-5.226303735438699860e-01,-1.982407983443382449e+01,6.450059537048054459e+00,9.231014626217051600e+00,5.153285997601998680e+00,9.311135758838672283e-01,-9.282410970453410570e+00
-6.472213914500382081e+00,-1.239885722417585967e+01,9.996895546877469840e+00,-2.719784397633819850e-01,-2.003665630149205867e+01,6.495658348516237801e+00,8.562600058854627605e+00,5.898015440454814851e+00,2.806509122000521161e-01,-9.776129615195438660e+00
-9.185276444975805532e+00,-1.645874335032756264e+01,1.387753011817908089e+01,-1.763436972559965454e+00,-2.657248965628815185e+01,8.873550223993397879e+00,1.034852716000779083e+01,7.098436810307013012e+00,-4.095560212231271202e-01,-1.295581240020225167e+01
-7.970948790065996548e+00,-1.488970787424270625e+01,1.222384313938555422e+01,-7.305416023260793423e-01,-2.407878912932816462e+01,7.892055474847142982e+00,1.002099543414919225e+01,6.809673694051205928e+00,7.780969078678101614e-02,-1.172668899355264571e+01
-8.873807695344746449e+00,-1.634693395994503362e+01,1.355243327321913860e+01,-1.064022965848400837e+00,-2.644103695203139281e+01,8.719572754143957383e+00,1.082509837778755468e+01,7.312597190032301242e+00,-7.529898362174408666e-02,-1.286724198591002555e+01
-7.747811450868521632e+00,-1.413884363256477350e+01,1.175849216740688874e+01,-1.248070542570291597e+00,-2.280565298780523165e+01,7.554252686385047433e+00,9.049479608117980689e+00,6.304966093786148917e+00,-1.661993818906320475e-01,-1.114158012403538400e+01
-6.059620510650293390e+00,-1.141402750050370152e+01,9.309378744764469360e+00,-4.786878571012583294e-01,-1.844532043130277188e+01,6.023931935278985961e+00,7.722280367533625345e+00,5.299567076935606025e+00,1.250788195201122388e-01,-8.994865975892940568e+00
-8.914243699175214530e+00,-1.626306256196109956e+01,1.354583325263672933e+01,-1.365307684014787082e+00,-2.626141419272257949e+01,8.699072843644755082e+00,1.049679092865063268e+01,7.215454364318058644e+00,-1.917142146976069661e-01,-1.280809916044442431e+01
-7.761478288339284326e+00,-1.452049073655025069e+01,1.190009896135680911e+01,-7.200118727943236596e-01,-2.346840251067470717e+01,7.687225572681410490e+00,9.749842108371046479e+00,6.671161695332041397e+00,9.022037410410094216e-02,-1.143974460532480641e+01
-5.824935570624383274e+00,-1.060634481190288803e+01,8.839289469744409544e+00,-9.441077239796735743e-01,-1.711602842131982172e+01,5.674934505677723173e+00,6.793710812113304520e+00,4.703848939184566369e+00,-1.408435313000307443e-01,-8.355297836892347618e+00
-7.332874304397843268e+00,-1.327371886194416284e+01,1.112223224147271061e+01,-1.216931358626824888e+00,-2.144447219970931329e+01,7.128026374036674717e+00,8.508592199615927498e+00,5.804353144752674609e+00,-2.306615996446733652e-01,-1.044863566626138685e+01
-7.973835767301494570e+00,-1.440114619619315306e+01,1.208178721972091019e+01,-1.378364934319293189e+00,-2.325920178646859782e+01,7.739342251271925655e+00,9.181765172064286773e+00,6.281832603753403355e+00,-2.746590847055637163e-01,-1.133692248297821337e+01
-8.673857297616871520e+00,-1.610562623353364131e+01,1.326708006788137872e+01,-9.468106943297902589e-01,-2.602975648344655468e+01,8.554560403782121014e+00,1.070930750936699560e+01,7.316841166291446541e+00,1.452371205522623443e-02,-1.268568884307015665e+01
-9.611698091818292156e+00,-1.776726316100308267e+01,1.467112812693477863e+01,-1.181860516764628555e+00,-2.869949359390762567e+01,9.451106032823288317e+00,1.169713195123298988e+01,8.034867772273710074e+00,-4.178482280550560590e-02,-1.399639380911684938e+01
-1.035393387801337006e+01,-1.920434703337609150e+01,1.582913537781672453e+01,-1.163843875226509006e+00,-3.103415822533388280e+01,1.020422817525660619e+01,1.274043470284405011e+01,8.714500498691272412e+00,2.242440736899775633e-03,-1.512681231282672734e+01
-1.092137148062380980e+01,-2.011938331916053713e+01,1.665122718044761996e+01,-1.427118614849838263e+00,-3.249697187599480941e+01,1.071792274017720814e+01,1.318078891669410169e+01,9.053134125879125804e+00,-9.638058239804514482e-02,-1.584804855682455482e+01
-1.019248966562849290e+01,-1.884998634794753158e+01,1.556040331199389115e+01,-1.241067115098825724e+00,-3.044907466899563175e+01,1.002509670624543858e+01,1.241980429954983300e+01,8.530070230994970970e+00,-3.778769866283743228e-02,-1.484939033018392429e+01
-9.754833270298322034e+00,-1.832083903021862525e+01,1.497578297267569525e+01,-8.186305345371801545e-01,-2.961225227276008098e+01,9.683097544699105441e+00,1.236682734994628952e+01,8.463900854883393166e+00,1.638905878573594377e-01,-1.443515424768188815e+01
-1.126609424973158902e+01,-2.116538180477422060e+01,1.731619673057396724e+01,-8.606694127543895734e-01,-3.424012644267271810e+01,1.119413551462491085e+01,1.438602711208987373e+01,9.747688232483220361e+00,1.963478178578505484e-01,-1.666908226657297121e+01
-1.001650197389725072e+01,-1.801167075548881513e+01,1.514176988431005810e+01,-1.883142000676726546e+00,-2.906677492720201528e+01,9.691506599917536491e+00,1.134093074917898036e+01,7.828273028025371616e+00,-4.028081428309094325e-01,-1.418306510571484580e+01
-1.856914183149111963e+01,-2.510340684549639434e+01,6.788019281286123974e-01,3.086966802722821424e+00,-1.626941299611233305e+01,3.050196013669626449e+00,1.918307402270015771e+01,1.883845343454339627e+00,1.026438732630086470e+01,-4.169171247264292113e+00
-8.240190993749223480e+00,-1.458127406534602066e+01,1.239766909245151538e+01,-1.812490943658145781e+00,-2.353402488324789132e+01,7.903836629584960249e+00,8.982748962903791323e+00,6.165742057117247654e+00,-4.983578308661952838e-01,-1.147496200414494893e+01
-7.027850629146431771e+00,-1.336983674572195646e+01,1.084328016048607246e+01,-3.519489741989512144e-01,-2.162571142052834361e+01,7.031556728373022480e+00,9.217910617965024755e+00,6.274682231929541665e+00,2.403234817333147477e-01,-1.053451981624330891e+01
-9.661241527331108969e+00,-1.767846033455295895e+01,1.470271686222970686e+01,-1.385150884692851303e+00,-2.856021996556180653e+01,9.447589271945302514e+00,1.149712388705162702e+01,7.865135169721120256e+00,-1.693721827380731959e-01,-1.392087278027225850e+01
-9.516156723737186240e+00,-1.729431495592670132e+01,1.446440437570567283e+01,-1.446539265828020948e+00,-2.796088113737991065e+01,9.276894671776412693e+00,1.121071423717448923e+01,7.586955456309707024e+00,-2.489806962062507401e-01,-1.361010745280321643e+01
-8.686877770423789613e+00,-1.578073993421885746e+01,1.317619489505852926e+01,-1.436092658824715596e+00,-2.547172231034594958e+01,8.453936977689194165e+00,1.009318017617344232e+01,6.966541102440350741e+00,-2.355962674198887608e-01,-1.242920352723323774e+01
-8.201087700469805952e+00,-1.574778541330194415e+01,1.269724493250958020e+01,-2.173150391582759910e-01,-2.548149969373514168e+01,8.251622804683345080e+00,1.100828582390643362e+01,7.478000764006240253e+00,3.846829913921440136e-01,-1.240940857909193795e+01
-8.419577598674374386e+00,-1.568642092013853606e+01,1.287984558030632165e+01,-9.077871034344133783e-01,-2.533283920940682421e+01,8.313673428914889030e+00,1.041539267751723941e+01,7.185066063634711675e+00,4.987393402895473615e-02,-1.236162148752181622e+01
-9.343465383315324502e+00,-1.673367425655730045e+01,1.412413255349744823e+01,-1.762913909561301562e+00,-2.703219444338846955e+01,9.028591209213066904e+00,1.056307437792024473e+01,7.192808337038756328e+00,-4.212405889158509220e-01,-1.316809406068537669e+01
-8.148929814463627963e+00,-1.538603219668222266e+01,1.252464603523688602e+01,-6.181264594281996594e-01,-2.485772055141305614e+01,8.109844798485786654e+00,1.042025346263814356e+01,7.175968059961431500e+00,1.935109797832817169e-01,-1.212751422816724833e+01
-6.452599765808434640e+00,-1.213961905941172326e+01,9.910581004747831102e+00,-5.214048301593303680e-01,-1.961992292910890257e+01,6.410863801499241177e+00,8.207199415447711033e+00,5.624202485738980961e+00,1.230073517409461803e-01,-9.565808020027329661e+00
-6.870442237125959473e+00,-1.307009119721223911e+01,1.059570084162644577e+01,-3.636616828095742271e-01,-2.113338127080628226e+01,6.871733470711758329e+00,8.987718971906314636e+00,6.142386249887541894e+00,2.340709712385607988e-01,-1.030018604889654910e+01
-8.472860545048503056e+00,-1.525613353975398567e+01,1.280643884635843932e+01,-1.598941315356275261e+00,-2.460857790806031531e+01,8.200530027582308534e+00,9.588365037621501941e+00,6.658075882214967045e+00,-3.274107683571370608e-01,-1.201658885541504951e+01
-7.856737969661269361e+00,-1.496565248469429932e+01,1.212330558839660100e+01,-3.872428083763162499e-01,-2.420083030612899222e+01,7.864675153941082186e+00,1.031491020260095048e+01,7.043350142323696161e+00,2.815384071974218472e-01,-1.179388781290411359e+01
-6.015753137088128533e+00,-1.142352639093986966e+01,9.247502895773163090e+00,-4.449781823932513758e-01,-1.843106143369734085e+01,5.998783173585702677e+00,7.714104726758683306e+00,5.400419530881509722e+00,1.867971885228848772e-01,-9.011945498024211076e+00
-7.422237528724703104e+00,-1.380957628213473498e+01,1.135756269479828795e+01,-7.876368145057852654e-01,-2.231511434965506879e+01,7.327316361058379357e+00,9.194631380664297637e+00,6.297331262538224728e+00,3.189383458071842758e-02,-1.087882835895924316e+01
-1.017107998599391649e+01,-1.863480897969044392e+01,1.548388245535607410e+01,-1.434455051746927001e+00,-3.010398185301799145e+01,9.952724912754179698e+00,1.213545213174027992e+01,8.308426242683584206e+00,-1.618291829052376229e-01,-1.467485324200939800e+01
-1.088634857392349353e+01,-2.014319238267209400e+01,1.662714191314548273e+01,-1.293798397247897025e+00,-3.254591371985687687e+01,1.071288106541331686e+01,1.330489673901260161e+01,9.113166309576028468e+00,-3.259205073725024437e-02,-1.586643836471459323e+01
-8.878889069411254553e+00,-1.627082129048497805e+01,1.351170796099860638e+01,-1.272761879052672906e+00,-2.627547446764710415e+01,8.686443795065120099e+00,1.056927086740678590e+01,7.267797959774481953e+00,-1.396499178848296108e-01,-1.281567135644242583e+01
-8.436813145503208489e+00,-1.547423349209369547e+01,1.284065091582438001e+01,-1.201318602347574149e+00,-2.498615822787454732e+01,8.257083968648965211e+00,1.005443198314031861e+01,6.924764816175170701e+00,-1.233752495192430576e-01,-1.218930605018438662e+01
-1.076785879595394313e+01,-1.797360020686834758e+01,1.184211196076867445e+01,-5.295901680890717778e-01,-2.525879389221574911e+01,8.183557245818928294e+00,1.203449808298682555e+01,6.559117257572331994e+00,1.432824949196221276e+00,-1.176041777363755436e+01
-1.661279900890052375e+01,-2.359684142313748012e+01,7.067513559605625773e+00,1.972361035332315771e+00,-2.317582211113739987e+01,6.561765077794065704e+00,1.712009933585571630e+01,5.015650001616124953e+00,6.243728957756750297e+00,-9.300301775466905951e+00
-6.054870206367349184e+00,-1.138246860138192851e+01,9.313098509059614116e+00,-4.343646765666867027e-01,-1.842157078729705688e+01,6.020668476043781858e+00,7.766631705832478083e+00,5.238372016347961235e+00,1.113819028640445907e-01,-8.962700234186858239e+00
-4.973847985885507583e+00,-9.196424039505490811e+00,7.565982950033533605e+00,-7.194160435360548167e-01,-1.481204895415891976e+01,4.878536797598604480e+00,5.922898027435071100e+00,4.209603442275618335e+00,-2.383889796586705079e-02,-7.255279958307816912e+00
-5.722277599648736945e+00,-1.095053489997039797e+01,8.835301010200819150e+00,-2.548996729987816345e-01,-1.769577858414808702e+01,5.739431536912099396e+00,7.551582175665427776e+00,5.201706444181092515e+00,2.398369703156667532e-01,-8.633980824434100754e+00
-7.793166327993995779e+00,-1.432482854123299454e+01,1.186506436910660334e+01,-1.090456801368303141e+00,-2.312375588473638288e+01,7.634434781389192182e+00,9.314378721825516294e+00,6.439507429708871911e+00,-9.249332973157992077e-02,-1.128628808568749342e+01
-7.606527459727749019e+00,-1.451360257194955494e+01,1.174277453540427096e+01,-3.498890220846259114e-01,-2.346850350564317012e+01,7.621109657958234251e+00,1.001964527388814652e+01,6.848598296371137373e+00,2.898485081261389928e-01,-1.143856924890636861e+01
-8.719042439029610847e+00,-1.591837002592363248e+01,1.324101934035313377e+01,-1.368514099431730413e+00,-2.568681184360105618e+01,8.506576547899189933e+00,1.022829006478389502e+01,7.091135821855430343e+00,-1.810166437703199516e-01,-1.254137487798461592e+01
-7.655670262576748542e+00,-1.419256374735747173e+01,1.170630274961528627e+01,-8.516245898119001456e-01,-2.294178142062943593e+01,7.544870829435136095e+00,9.430169716570077298e+00,6.427777125098146804e+00,-2.765420594344258909e-03,-1.117732754766671377e+01
-8.491931672650288476e+00,-1.536048575885446432e+01,1.286435929873374739e+01,-1.476156459298004986e+00,-2.479483126339298593e+01,8.245072932313853187e+00,9.771251822588922664e+00,6.732822952437781616e+00,-2.769921463949919782e-01,-1.209615593057637817e+01
-8.879645044731892867e+00,-1.657317631298869287e+01,1.361908992930728068e+01,-8.078101650091855657e-01,-2.680982903565678654e+01,8.790193934933967057e+00,1.116897923546846627e+01,7.560147821378134125e+00,7.754719846197677402e-02,-1.305005688986214274e+01
-7.377148003599768522e+00,-1.336232278558370545e+01,1.118331321215551988e+01,-1.248816592685246807e+00,-2.157427592471059441e+01,7.169573831093302374e+00,8.531317353222233280e+00,5.864345926152950028e+00,-2.272444809333913351e-01,-1.052189766433956208e+01
-5.077587154098587519e+00,-9.585460514327770909e+00,7.798283284587769870e+00,-4.093885843381289691e-01,-1.547756978172379583e+01,5.050155553269632946e+00,6.463352084227028449e+00,4.479548635500404608e+00,1.187013218853121277e-01,-7.557531924388011468e+00
-1.094134168522766615e+01,-2.029587626537635714e+01,1.674251268057123809e+01,-1.165991768820163310e+00,-3.282201122525558645e+01,1.079091711053003344e+01,1.354072490242441162e+01,9.183792036812402415e+00,5.917119574658458170e-03,-1.598071389687297206e+01
-1.162519460412599415e+01,-2.125269889121572220e+01,1.767462197454429429e+01,-1.738397037832600134e+00,-3.431539110751762678e+01,1.135659862154719946e+01,1.374525489694383040e+01,9.463619245162057325e+00,-2.192861180379220842e-01,-1.673964037326634013e+01
-1.004970672035171830e+01,-1.849991214653254801e+01,1.533050975572790620e+01,-1.279996360352575246e+00,-2.990024892437438808e+01,9.864150300902171153e+00,1.216730689156606182e+01,8.293103117843596550e+00,-9.669223222103651150e-02,-1.456733266687016126e+01
-9.656840359825316966e+00,-1.747854643151687881e+01,1.463091813115190121e+01,-1.670109195296003213e+00,-2.821222832784967238e+01,9.378886760731225181e+00,1.112331115979885610e+01,7.670739275907706656e+00,-3.073853433963557036e-01,-1.376476596978617550e+01
-9.719412148043886646e+00,-1.806606070452965795e+01,1.487427103498525938e+01,-1.026352119081504810e+00,-2.920308906885128408e+01,9.592855426390475060e+00,1.204434868549324378e+01,8.214986914606498658e+00,3.019851995515249188e-02,-1.422910202211587460e+01
-1.083573664234688216e+01,-2.036289128112803937e+01,1.663123714004877485e+01,-9.248579980894384711e-01,-3.290143444746934875e+01,1.075618411081602765e+01,1.371984380257987546e+01,9.428516439270273608e+00,1.895208626396368001e-01,-1.604722514249482046e+01
-1.170079743716837584e+01,-2.152837202740996503e+01,1.783353030290237484e+01,-1.556210293874985995e+00,-3.477422948428805682e+01,1.147529688518335966e+01,1.408526649730376334e+01,9.666823999163483450e+00,-1.221602183640289052e-01,-1.695687360239972108e+01
-1.204223815050388957e+01,-2.214564373634581784e+01,1.836248931607457635e+01,-1.566953795611849554e+00,-3.578968677926065567e+01,1.181242487804944119e+01,1.453688453540229197e+01,9.915332931247952786e+00,-1.318472736715312621e-01,-1.743824457982946541e+01
-7.807192262148013207e+00,-1.442629454021559887e+01,1.193377810491463720e+01,-8.897464731672477534e-01,-2.333253124976518578e+01,7.684074068308722971e+00,9.585384978386361610e+00,6.486290361525179016e+00,-3.508320369297168728e-02,-1.135702189004876139e+01
-1.045293257598947001e+01,-1.732446257332635753e+01,1.206413776847084307e+01,-1.252528394036514836e+00,-2.485210961907622007e+01,8.175004631916010567e+00,1.105176932830535819e+01,6.319997508520768470e+00,8.598290262657858340e-01,-1.169112626083803441e+01
-5.536663338101923237e+00,-1.027736512927460844e+01,8.468916643784073273e+00,-6.032633789491579357e-01,-1.661200604619088494e+01,5.460137420016578425e+00,6.836878331557048050e+00,4.664802817795042245e+00,7.225548999533204508e-03,-8.094495472073498732e+00
-5.732096279769750780e+00,-1.096838236694885182e+01,8.854743658012878882e+00,-2.376303563462663915e-01,-1.773193060578480740e+01,5.751191429796132404e+00,7.585837034867431328e+00,5.201186636958169629e+00,2.402291101209310664e-01,-8.646222133216211247e+00
-6.090501927230286938e+00,-1.154176081902650886e+01,9.351044622465968459e+00,-4.995775395632032767e-01,-1.861332215187265149e+01,6.063756600031612543e+00,7.747748330413760876e+00,5.450078326653279959e+00,1.715790407002523166e-01,-9.106741968485826177e+00
-7.008228181796540390e+00,-1.325152149403646362e+01,1.078663352563288491e+01,-4.669130798377947866e-01,-2.142572317151680750e+01,6.985277476338505487e+00,9.042160594432175458e+00,6.174570526245187985e+00,1.815224518474159443e-01,-1.044144707712918496e+01
-8.135382054101809146e+00,-1.470555708247293936e+01,1.232904358572256776e+01,-1.394965175521646561e+00,-2.374958984711013343e+01,7.899508808081784572e+00,9.383009661833749959e+00,6.425022504989910566e+00,-2.713773847248450721e-01,-1.157719994775046146e+01
-8.997198881803512904e+00,-1.622663775348458870e+01,1.363218753180666454e+01,-1.557814240730809097e+00,-2.621674732993029622e+01,8.728624842813916374e+00,1.035431560654676275e+01,7.051470052726124038e+00,-3.252057885309326268e-01,-1.277113102103568032e+01
-8.028743127764036203e+00,-1.526344093990197237e+01,1.238503334385382715e+01,-4.133940997018646923e-01,-2.468894394360236078e+01,8.029954783806767082e+00,1.051574550375577921e+01,7.155946876052041716e+00,2.671401923410693935e-01,-1.202621329862371624e+01
-7.547611201419871740e+00,-1.422582831713816098e+01,1.159295489282255431e+01,-6.055662206661667213e-01,-2.298158467512500636e+01,7.503528225643695926e+00,9.608354650988044199e+00,6.619975419122339666e+00,1.614807735742172512e-01,-1.121283360988046951e+01
-7.938555535738299973e+00,-1.434136211538035610e+01,1.201055979779725114e+01,-1.445745139089839926e+00,-2.313229874681177023e+01,7.697169940113996134e+00,9.052764209075258250e+00,6.293273739956403823e+00,-2.733474967792144938e-01,-1.129746358281762753e+01
-6.009128148456369445e+00,-1.135303485099016285e+01,9.249781709655652051e+00,-3.973496333046486750e-01,-1.836152257659542286e+01,5.988285655912492622e+00,7.755598056410196506e+00,5.277508683391043398e+00,1.495070933945510383e-01,-8.943990688300738512e+00
-8.916608440329159890e+00,-1.622493274440388689e+01,1.353286980501837000e+01,-1.437796976992341769e+00,-2.619079430058996749e+01,8.686090712032171979e+00,1.040721776262441622e+01,7.179140210982055237e+00,-2.226223533950064670e-01,-1.277922594588595828e+01
-1.236606199564566211e+01,-2.278750858413079428e+01,1.887212591624886926e+01,-1.539557916245145597e+00,-3.683323473441480900e+01,1.214568989115179853e+01,1.501748453856677656e+01,1.022782582269495677e+01,-1.020115964379755269e-01,-1.794330271345708283e+01
-1.266476922698189789e+01,-2.323525759615040798e+01,1.929197012095203334e+01,-1.734484420916533765e+00,-3.754176197949085036e+01,1.240403615589301722e+01,1.517706175543337288e+01,1.037492295300778444e+01,-1.785560998103410402e-01,-1.829703843762544935e+01
-9.614631926877496682e+00,-1.815136760533174254e+01,1.478350046010052310e+01,-7.040708593488630429e-01,-2.933614693734485357e+01,9.571124629037212728e+00,1.232475018341267692e+01,8.452013700592999612e+00,2.278073037147748947e-01,-1.430448854119507907e+01
-7.031634573058723525e+00,-1.336125541467916200e+01,1.083637770336971862e+01,-4.062973128186733174e-01,-2.159787341138052241e+01,7.026470106757347622e+00,9.155472537449147907e+00,6.276022383796073356e+00,2.280380628458185122e-01,-1.053082403685197299e+01
-6.911557916366858123e+00,-1.271388794807539213e+01,1.052662670748377849e+01,-9.505262066054317449e-01,-2.052547280316603207e+01,6.774266079104606320e+00,8.281879479882960027e+00,5.719510576339844832e+00,-7.506344673650733323e-02,-1.001676160144666916e+01
-1.037126082708056352e+01,-1.914689592133038687e+01,1.581919504199131232e+01,-1.324189509904102557e+00,-3.091993247624731112e+01,1.018831391402823527e+01,1.255936766827623607e+01,8.651134093426129823e+00,-6.309814745240804879e-02,-1.508460259725510078e+01
-1.190519304364745423e+01,-2.176196416182931870e+01,1.812558568784193014e+01,-1.675581808210332202e+00,-3.517956339024953394e+01,1.164190949165653244e+01,1.420258767699959357e+01,9.640609081079992038e+00,-2.227076181096928620e-01,-1.713033693404977242e+01
-1.128457962853473973e+01,-2.054350285066457005e+01,1.714928811728949754e+01,-1.725375614037435223e+00,-3.319427483040280435e+01,1.100541173935510031e+01,1.328620299037520525e+01,9.059866135934186104e+00,-2.719857159784480061e-01,-1.617291645179928494e+01
-6.843942599097720070e+00,-1.300564339462401975e+01,1.052527284879822567e+01,-4.861162599828176001e-01,-2.098730969473250241e+01,6.828512528017189886e+00,8.801581640796531047e+00,6.150579515333665981e+00,2.195163884919078545e-01,-1.025940489892217578e+01
-5.722045051930301440e+00,-1.097125219600217783e+01,8.844281876742321913e+00,-2.144228849121646574e-01,-1.773549570951211862e+01,5.747346864485617601e+00,7.602770997202971337e+00,5.218549899715786644e+00,2.553677431497151096e-01,-8.649286769872286840e+00
-8.299598020776103979e+00,-1.539333994364288749e+01,1.267621233381919055e+01,-9.838253424751759457e-01,-2.485607571619483736e+01,8.173555320492416953e+00,1.015096071523729471e+01,7.007031371427419941e+00,-3.921434298080894720e-04,-1.212977897127677274e+01
-9.984451851578349135e+00,-1.811372187532592193e+01,1.515655356040411661e+01,-1.601843662685554559e+00,-2.926718893757270834e+01,9.718476357399765675e+00,1.165684666494935229e+01,7.945304499452520375e+00,-2.852925182100988222e-01,-1.425871668483716093e+01
-1.064876193100613833e+01,-1.941516587343013356e+01,1.619638813133600408e+01,-1.570371482019880638e+00,-3.138049201627399398e+01,1.039678905560433897e+01,1.261101844868170296e+01,8.572002114249782423e+00,-2.351740634979218036e-01,-1.528305376421595696e+01
-1.051821659284121857e+01,-1.900551804961193270e+01,1.593918827570630548e+01,-1.808292560566646223e+00,-3.069546879187397792e+01,1.021152607922683409e+01,1.212465382228486810e+01,8.296973258442816856e+00,-3.558813086959717320e-01,-1.496188244761470720e+01
-6.165976477457063787e+00,-1.183321589085478109e+01,9.533414493770210996e+00,-2.178685254481926292e-01,-1.912917847040271724e+01,6.196527357813719661e+00,8.209869622867762118e+00,5.635419842560960291e+00,2.828434602523536290e-01,-9.329015407039312535e+00
-8.907097466845634415e+00,-1.605381919896444742e+01,1.349808893357576878e+01,-1.532989306511394201e+00,-2.594574976538215694e+01,8.640615889208602241e+00,1.026052837172496623e+01,6.959645674817373617e+00,-3.285283996006577167e-01,-1.263281666137923409e+01
-9.222002416098362687e+00,-1.653929840252282091e+01,1.391706572197976755e+01,-1.835549011683363041e+00,-2.667063601121557426e+01,8.903834499394559288e+00,1.031301615597198484e+01,7.180227096158285249e+00,-4.035790330799823855e-01,-1.302749503632530370e+01
-7.595276035601807862e+00,-1.440256024526076750e+01,1.170137661875821955e+01,-4.562737170725457703e-01,-2.328767810330481325e+01,7.582852529807797559e+00,9.864708586390969813e+00,6.737614783532364982e+00,2.258605924002615728e-01,-1.134918631014897628e+01
-7.784385213706061180e+00,-1.444825117993468133e+01,1.191013427176091710e+01,-8.354636737008527270e-01,-2.335927508253113416e+01,7.678043272915314965e+00,9.627642518235511204e+00,6.550562778833723954e+00,9.647252363114589002e-03,-1.137808701230791009e+01
-6.056659994309833372e+00,-1.150962299828220381e+01,9.311681637330668337e+00,-4.419520790929521992e-01,-1.856856821233960986e+01,6.041644669118488409e+00,7.774897711001545808e+00,5.448397216623891204e+00,1.939022811539154179e-01,-9.080419688351019758e+00
-9.142653958628669031e+00,-1.688693414511712376e+01,1.396377368754379766e+01,-1.089592688964461598e+00,-2.729691639536530445e+01,8.991776393380009225e+00,1.116654157695411520e+01,7.605328940941414650e+00,-4.744261208600553115e-02,-1.329776708066393809e+01
-1.138171277533236925e+01,-2.080156782431053841e+01,1.731268117215606139e+01,-1.668242152560284186e+00,-3.360279484692343033e+01,1.112170305235256151e+01,1.349744816774682477e+01,9.240428906217486471e+00,-2.175456922219862754e-01,-1.638024452503521644e+01
-1.156695035875276645e+01,-2.110167992133778014e+01,1.759193408285658933e+01,-1.708880057264162033e+00,-3.409958499527567000e+01,1.129490634990736986e+01,1.369615624465476245e+01,9.333126119433591938e+00,-2.472414444385278021e-01,-1.661262674496452263e+01
-8.759627211764625443e+00,-1.607494037258713959e+01,1.333303723615688341e+01,-1.242154116202406122e+00,-2.595425069093968062e+01,8.575017065447553932e+00,1.044638782152384771e+01,7.201730941183456913e+00,-1.221551291510794002e-01,-1.266317239718590315e+01
-8.730084333948040509e+00,-1.628588369728611340e+01,1.337460103405062206e+01,-8.575570825881023707e-01,-2.632411499466631355e+01,8.633432273836440629e+00,1.090326412558407654e+01,7.447513480970256339e+00,6.861001153273416087e-02,-1.282881923310460515e+01
-6.661668578033003385e+00,-1.221192459184793222e+01,1.013202822832188232e+01,-9.776798134051729594e-01,-1.971008892465809126e+01,6.515312600492041639e+00,7.902933042588004220e+00,5.470025878183524704e+00,-1.027375860175008260e-01,-9.621454719420981405e+00
-8.611197362866711558e+00,-1.611442172769421433e+01,1.320393462721872524e+01,-7.942466654200371901e-01,-2.604443628290876944e+01,8.530038462545119771e+00,1.082331101856397382e+01,7.406499633925109904e+00,1.030912511525108877e-01,-1.269563352357076980e+01
-8.195826736937140922e+00,-1.512645143956340732e+01,1.250483875073173223e+01,-1.030933306832015672e+00,-2.443533983751543559e+01,8.052369305017402112e+00,9.943190652373429472e+00,6.822531975464634080e+00,-5.218169673411721110e-02,-1.191508308244133119e+01
-1.029178880364199067e+01,-1.889912567337621496e+01,1.567864081677782018e+01,-1.402376323205902331e+00,-3.053071862805419912e+01,1.008356390248796863e+01,1.234407657885386378e+01,8.456698322535467938e+00,-1.332065366164680853e-01,-1.488416052344953933e+01
-9.053515516297222732e+00,-1.708938891063554877e+01,1.393085101101964440e+01,-6.211478941064190185e-01,-2.763724712493156943e+01,9.016994854239170465e+00,1.165573376186286225e+01,7.935726621055894547e+00,2.141813643822131075e-01,-1.346319490958251919e+01
-1.016765606090668506e+01,-1.859364943809712756e+01,1.544888169837816605e+01,-1.560438194389601518e+00,-3.000394279509134421e+01,9.928974131158174288e+00,1.197421623024151316e+01,8.304120074947944019e+00,-1.894535515637708056e-01,-1.464985021142999599e+01
-1.062880080244541503e+01,-1.968236028537141635e+01,1.626462629500461077e+01,-1.133854267359111212e+00,-3.184459399557291093e+01,1.047706408631151476e+01,1.314843021902813369e+01,8.866023625121972174e+00,-1.685939738383512854e-02,-1.549314737264431940e+01
-1.096882195781611635e+01,-2.002438634017249797e+01,1.666587562229459252e+01,-1.687412063187370359e+00,-3.232646119761820813e+01,1.070529477986354827e+01,1.290871129799178085e+01,8.903292830524357271e+00,-2.274871307854849922e-01,-1.577283924169660700e+01
-1.019902838301074866e+01,-1.903403282411295194e+01,1.562530170438753352e+01,-1.000148955694724728e+00,-3.076329250920476710e+01,1.008758424702432599e+01,1.274088172963152310e+01,8.712899060628124914e+00,8.545962351675434610e-02,-1.499451262231229265e+01
-9.441991373354291284e+00,-1.757374541025807346e+01,1.445049576684612269e+01,-9.919580772173292038e-01,-2.839877017359607336e+01,9.323425423591590544e+00,1.170955979407041170e+01,8.016923653367721059e+00,4.511581215741661266e-02,-1.384403485874737072e+01
-6.081974245839684379e+00,-1.114357934989528331e+01,9.249396886384220196e+00,-8.969923097574898918e-01,-1.798660380716939144e+01,5.946923004586218475e+00,7.209229900126877588e+00,4.986583458623492504e+00,-9.773942003196278705e-02,-8.779385118698183277e+00
-8.166231820178786904e+00,-1.505382334171545544e+01,1.245353556104640802e+01,-1.054174446307529101e+00,-2.431560286514384828e+01,8.017229667793852599e+00,9.872500177341505534e+00,6.780058720598309385e+00,-6.495911871588666564e-02,-1.185801736716413401e+01
-8.400002536447473744e+00,-1.612556639337757147e+01,1.300532432892791945e+01,-2.224548020429872319e-01,-2.609472270925137494e+01,8.451101611677236392e+00,1.127494120618532314e+01,7.652397008689942659e+00,3.912260776683957886e-01,-1.270652405918379557e+01
-8.902739012985337652e+00,-1.633145727828427596e+01,1.354887860496083007e+01,-1.271194265665986478e+00,-2.636775019357878236e+01,8.713102576553316325e+00,1.060574125462404460e+01,7.313158522045947407e+00,-1.285364620377880684e-01,-1.286525603797199757e+01
-9.329069786451514190e+00,-1.669814963578746259e+01,1.409283516936466363e+01,-1.800569872969310925e+00,-2.696347172101266310e+01,9.008394254002912049e+00,1.049680085982194022e+01,7.183554843780608934e+00,-4.284957430240482479e-01,-1.314268883303777535e+01
-4.400230825554912073e+00,-8.366166091998223919e+00,6.779853005799723498e+00,-2.592347185241412610e-01,-1.351934450214768368e+01,4.397229778427900193e+00,5.723858753612097949e+00,3.937905198706983079e+00,1.458765581060395555e-01,-6.595046527752915111e+00
-8.102926366927771795e+00,-1.492526842406827292e+01,1.235907072532369533e+01,-1.038325232412704802e+00,-2.411625698603282331e+01,7.954052540019278084e+00,9.803815302758513539e+00,6.704431742598444544e+00,-7.211588048903594395e-02,-1.175440210130953034e+01
-6.842633135655542098e+00,-1.293818339376438331e+01,1.051943326336726336e+01,-5.070811924523470626e-01,-2.089928552449084975e+01,6.814218935928344045e+00,8.766566269366185438e+00,6.051101687477323132e+00,1.753195845387373886e-01,-1.019944886227153624e+01
-8.804982560343965758e+00,-1.648715974002677243e+01,1.349952596183057274e+01,-8.177445814719062067e-01,-2.664013630497148100e+01,8.722978914684986762e+00,1.106129943562945783e+01,7.592419416734512261e+00,1.119692980896639378e-01,-1.299120648954658108e+01
-9.678684164706128357e+00,-1.770153910691958643e+01,1.472883493047842940e+01,-1.390126515853377764e+00,-2.860050685822875849e+01,9.462924935260463855e+00,1.151381817021604270e+01,7.865789265434530719e+00,-1.756710874055064653e-01,-1.393807934249189628e+01
-9.963360524516479799e+00,-1.798812407981706940e+01,1.510641026969560130e+01,-1.680677612083765649e+00,-2.907146937671725340e+01,9.674203947531360370e+00,1.152222719079458280e+01,7.820389352748012612e+00,-3.459007669249233308e-01,-1.415582812463521378e+01
-3.670948450479481373e+00,-7.053926126307023203e+00,5.662817840756792620e+00,-1.827828729810632713e-01,-1.137846737321607371e+01,3.684400582258999357e+00,4.824697888359470888e+00,3.393550328816733241e+00,1.725486325393341402e-01,-5.567458509497540398e+00
-7.137895213584727117e+00,-1.317926337334786879e+01,1.090109915866102774e+01,-8.542208033294845793e-01,-2.130441419829933736e+01,7.018912402890054025e+00,8.713123579291172760e+00,5.931322336373686888e+00,-4.035851586632938082e-02,-1.037781813032988509e+01
-6.900258084787036061e+00,-1.263239312934642200e+01,1.048330116414484436e+01,-1.062242724610501288e+00,-2.037701067447485670e+01,6.740143119606523570e+00,8.124018076817165479e+00,5.659980302979300326e+00,-1.194249653815353529e-01,-9.955199192881249104e+00
-6.575684328248525112e+00,-1.243324649453900754e+01,1.012484165935880931e+01,-4.217133074456912434e-01,-2.010924719528590998e+01,6.555995586822175092e+00,8.503845088395319607e+00,5.785524899495738893e+00,1.706172844019500368e-01,-9.795062973841945464e+00
-1.120514870221147241e+01,-2.038812700264018929e+01,1.699115971800717162e+01,-1.869450803971706376e+00,-3.288728402887483782e+01,1.090798519441360170e+01,1.300247291753364642e+01,9.047797104972167048e+00,-2.826572866779536453e-01,-1.606415163047341821e+01
-1.018916545081072833e+01,-1.896665363552327577e+01,1.562282477611845977e+01,-9.506231936605322730e-01,-3.069528499442224145e+01,1.007555239798009517e+01,1.278134895879816568e+01,8.601691559219753813e+00,5.431644497980664399e-02,-1.493010272869917365e+01
-1.102276049398606972e+01,-1.999962374563874334e+01,1.669122594795002357e+01,-1.940550607091716451e+00,-3.224637994805661378e+01,1.070941455384073393e+01,1.266119854575568482e+01,8.851856941341267770e+00,-3.194176768280759804e-01,-1.576011398673156094e+01
-7.730914333270280103e+00,-1.465765411334183987e+01,1.191856063682977407e+01,-4.304669238799310738e-01,-2.371430073533408844e+01,7.721885831056201965e+00,1.008167877836085324e+01,6.839320780705609337e+00,2.296538561349150687e-01,-1.154664727827080739e+01
-6.569724634432780874e+00,-1.221389313887134698e+01,1.002943318525142224e+01,-7.959539240515597358e-01,-1.970247414496209970e+01,6.472644257762872222e+00,8.017936197599905057e+00,5.602221254183652022e+00,1.845821779439704713e-02,-9.629996369746793405e+00
-6.337053074505064387e+00,-1.167636733983527364e+01,9.671002078581823369e+00,-7.895385131907020071e-01,-1.887374384173028830e+01,6.223857926670509855e+00,7.694935621252100511e+00,5.239556678966533099e+00,-5.310563070248475182e-02,-9.194077187096633352e+00
-1.176052193218126973e+01,-2.174950539862759413e+01,1.796263212312441127e+01,-1.397204811150827730e+00,-3.514648664390547594e+01,1.157136860074007245e+01,1.437251220503332050e+01,9.826200992853502569e+00,-4.266850971127700287e-02,-1.713013415317111310e+01
-1.314141568763477785e+01,-2.403355726874887921e+01,2.000365436764425553e+01,-1.865540678007352016e+00,-3.884019289366538885e+01,1.285085272075252760e+01,1.565949550966195680e+01,1.066843458328090577e+01,-2.384604234205577322e-01,-1.892161897386207414e+01
-1.063364232755948890e+01,-1.958024551947387337e+01,1.619730608201606259e+01,-1.453506932403322294e+00,-3.160533339244434003e+01,1.042662081431386945e+01,1.275506020618637493e+01,8.828061984531313300e+00,-1.021181022507225977e-01,-1.542828807598235485e+01
-8.751637370515673808e+00,-1.613458434496874361e+01,1.334675516522868044e+01,-1.127648389717861299e+00,-2.606138909938921344e+01,8.592459272596027375e+00,1.058295077087420921e+01,7.267831138375130173e+00,-6.846691678108784984e-02,-1.270935904532423955e+01
-8.985266012386926349e+00,-1.702167407178173164e+01,1.384970653905598503e+01,-5.124752302832353834e-01,-2.754067115111271491e+01,8.971051701635111897e+00,1.170101559793084434e+01,7.930884513363087862e+00,2.570011706196875245e-01,-1.340815494713459088e+01
-8.687031391952345416e+00,-1.570441323790447896e+01,1.315499949605144181e+01,-1.531192757984642050e+00,-2.534579548936199345e+01,8.430583529836845003e+00,9.969115384748386433e+00,6.882037296738465315e+00,-2.900834758706412608e-01,-1.236780217263362580e+01
-8.321114777586871014e+00,-1.524225692228779749e+01,1.267482370713762485e+01,-1.143802632151978749e+00,-2.463640467053590655e+01,8.145430806806137625e+00,9.963785080962654916e+00,6.778763207133652990e+00,-1.334835918520384523e-01,-1.199993706578222508e+01
-6.196534215963659165e+00,-1.161249438285500624e+01,9.482369159679040038e+00,-6.493199427999811757e-01,-1.873056712809622226e+01,6.131772490013249310e+00,7.696310420739687075e+00,5.391977219584874526e+00,8.267299383126411327e-02,-9.158575287240045881e+00
-5.527288320296829482e+00,-1.050580188548776128e+01,8.518735087177738308e+00,-3.162683886811933354e-01,-1.698199708064304758e+01,5.524085310419676098e+00,7.200877842570945653e+00,4.937004085273513532e+00,1.813976429120941480e-01,-8.280381069513246928e+00
-6.518743113108270926e+00,-1.235308269170626794e+01,1.002692493361740489e+01,-4.583999171630310232e-01,-1.995151308051582362e+01,6.498979356365749638e+00,8.384758971505151592e+00,5.798961960992417453e+00,1.861311072173955083e-01,-9.739527549562399855e+00
-8.541926867915357491e+00,-1.564370244344324590e+01,1.299254707202060999e+01,-1.251712248392752524e+00,-2.525646146047034080e+01,8.352047182017189542e+00,1.013403653106987079e+01,6.988159405721177109e+00,-1.417237762867745166e-01,-1.232303379564729973e+01
-6.686540594536432458e+00,-1.268358596962672102e+01,1.031624582479385666e+01,-3.395687036001611703e-01,-2.053051185593332661e+01,6.683529351596848578e+00,8.760068252272272815e+00,5.910827909399716695e+00,2.037979279336028515e-01,-9.989236555860362188e+00
-7.798970639556599416e+00,-1.423218490896749344e+01,1.183926001461572675e+01,-1.243333417425813270e+00,-2.296126710331726883e+01,7.605644036402620323e+00,9.124925170563997767e+00,6.340789496891076737e+00,-1.668615753771455767e-01,-1.121388342451683862e+01
-7.751225130180825040e+00,-1.467592713556601680e+01,1.193780601713323897e+01,-4.833151691069365596e-01,-2.373287166796944092e+01,7.732862721047242260e+00,1.004317713923031619e+01,6.846779117253652736e+00,2.149481155042406444e-01,-1.156326401500742840e+01
-9.729994748029954010e+00,-1.755398889909207227e+01,1.474650543223281929e+01,-1.667563133861014624e+00,-2.836538571034044409e+01,9.442473651183853178e+00,1.121905435051514921e+01,7.627674842997412163e+00,-3.472666225791590233e-01,-1.381495598704728245e+01
-1.261558787030220685e+01,-2.332997533413318791e+01,1.928646888064457698e+01,-1.424794022191709919e+00,-3.772964477133105987e+01,1.242117015558498672e+01,1.550686138509519552e+01,1.050625837734266632e+01,-4.379445508977297674e-02,-1.836769426259987625e+01
-1.325193409689490309e+01,-2.439794638325275500e+01,2.019462868237052433e+01,-1.773868827757064670e+00,-3.939795505209208670e+01,1.299774882273119481e+01,1.594066393534548887e+01,1.097928021762116302e+01,-1.282998522268504749e-01,-1.922032020623526805e+01
-1.093321127775986135e+01,-2.071571619814816856e+01,1.685392625303274627e+01,-6.162252464547531838e-01,-3.351866466313200732e+01,1.091739782578724238e+01,1.424707347890875297e+01,9.653367125390630576e+00,3.155492618957339568e-01,-1.631780927680892646e+01
-8.433633975827415696e+00,-1.519345345254777158e+01,1.274980679522012572e+01,-1.579870897647420946e+00,-2.450846504764880152e+01,8.165213490312224209e+00,9.559045904690673723e+00,6.635232995916609866e+00,-3.201781803787738245e-01,-1.196717842035991453e+01
-7.498491729987999399e+00,-1.406226496644002033e+01,1.151384741807978962e+01,-6.224779979346177772e-01,-2.274107873354573428e+01,7.440758145012393854e+00,9.512012861552697984e+00,6.468538979258309674e+00,1.122643647438583692e-01,-1.107629569440436157e+01
-6.821051581372635120e+00,-1.248861876590051523e+01,1.037796102691380895e+01,-9.876873049672258986e-01,-2.016880172661160486e+01,6.670245042701961502e+00,8.106323340693732504e+00,5.569283049383653150e+00,-1.150820707508084517e-01,-9.836063776268815673e+00
-9.680601905505286098e+00,-1.787223646734050675e+01,1.477803888034578783e+01,-1.184902714025332759e+00,-2.888121119663308178e+01,9.515861428471541927e+00,1.178484020883830574e+01,8.052933773832229747e+00,-5.686706676783098713e-02,-1.407551974695932273e+01
-1.324514829135268279e+01,-2.441462900104625433e+01,2.018937767599582855e+01,-1.749503325908295270e+00,-3.942095179029777086e+01,1.299855754233501060e+01,1.596439934697520968e+01,1.101156698547856827e+01,-1.079235242252659654e-01,-1.923517368472685263e+01
-1.033808188917712201e+01,-1.930849741709583611e+01,1.585795401778898217e+01,-9.311396777791112189e-01,-3.123231903077740412e+01,1.023717849080053810e+01,1.301633874726698004e+01,8.819677956178567868e+00,9.947000427043833914e-02,-1.520481326641801978e+01
-8.437974358201994818e+00,-1.566387740869896561e+01,1.288188723099004562e+01,-1.022670895005189484e+00,-2.527797053230499813e+01,8.309464991772959053e+00,1.029474791097278974e+01,7.156868648459086657e+00,8.111847541436234543e-03,-1.234700393169918975e+01
-8.462259251910269953e+00,-1.572579513759997560e+01,1.293577582781594693e+01,-9.544583071211371061e-01,-2.539804806728811570e+01,8.344405602646155273e+00,1.041245910682994236e+01,7.173687740656683687e+00,2.184209183878910165e-02,-1.239124803067011626e+01
-9.132519784193622314e+00,-1.675825020276941757e+01,1.391889531302253147e+01,-1.219216396772370592e+00,-2.708744401237702348e+01,8.948729851960042225e+00,1.098264307464114786e+01,7.472905162150982328e+00,-1.254044045019532261e-01,-1.319402854268360770e+01
-8.183558839805103347e+00,-1.527788289698989743e+01,1.252627084681684444e+01,-8.488196451360616734e-01,-2.467213655716941290e+01,8.089586883304557219e+00,1.016773691352597986e+01,7.020412845914198563e+00,7.047695877632470518e-02,-1.204068316630235991e+01
-7.746219756330122053e+00,-1.460561007832687253e+01,1.191124974769233269e+01,-5.661056559273887068e-01,-2.361422342374908467e+01,7.708317751658584349e+00,9.928834556767323960e+00,6.778528726072184263e+00,1.712772523440637129e-01,-1.150758816585648781e+01
-9.659595851634030339e+00,-1.731882584465768460e+01,1.459280620312556564e+01,-1.859283208934598752e+00,-2.795467323938501281e+01,9.332862776484613931e+00,1.087836214677058244e+01,7.483974707788673797e+00,-4.240735984672086567e-01,-1.363469168625039352e+01
-6.073701162676396592e+00,-1.148909485735901370e+01,9.340774030248997661e+00,-4.353962073592652637e-01,-1.856210281407078355e+01,6.050975992042366691e+00,7.799797387196480081e+00,5.372563959929267163e+00,1.593489152429785616e-01,-9.056340247605040972e+00
-7.317092776922520692e+00,-1.354055841474299449e+01,1.119674630265972226e+01,-7.820022800270720609e-01,-2.191120636738339655e+01,7.210976025226254471e+00,9.048812924676370884e+00,6.088954509420432260e+00,-1.780361627657062185e-02,-1.065745403597063223e+01
-7.899630889409311685e+00,-1.402976249250189689e+01,1.188499035306405638e+01,-1.734731610643080790e+00,-2.262214592414376213e+01,7.585796651564637116e+00,8.621136818438300153e+00,5.994368866383233296e+00,-4.434927245552865993e-01,-1.104766035592438556e+01
-6.954721871426107427e+00,-1.275858908170041062e+01,1.060238880850094745e+01,-9.176136094572562296e-01,-2.062827859176573142e+01,6.815477454207620411e+00,8.376376611065341038e+00,5.680425863393745445e+00,-9.738705348037685061e-02,-1.004352739305450015e+01
-6.704962499528146047e+00,-1.288551415324209160e+01,1.036080240986177792e+01,-2.602158155165376074e-01,-2.081316510754323090e+01,6.738372119130868754e+00,8.901510194195756398e+00,6.168106115408428458e+00,3.187440583451392473e-01,-1.016328921609470015e+01
-1.029659372301497910e+01,-1.874732688916838441e+01,1.564518475452218915e+01,-1.585130067274913124e+00,-3.028670182087743967e+01,1.004100308141935827e+01,1.211019047002188032e+01,8.275526499061996333e+00,-2.469107832400807001e-01,-1.476024713863991700e+01
-1.187789192265328886e+01,-2.163623125591464103e+01,1.804933389103009134e+01,-1.821800959957225352e+00,-3.495202956427691277e+01,1.158542404138056980e+01,1.397937731659338390e+01,9.559645264286357857e+00,-2.780557551316521492e-01,-1.703543946632784412e+01
-1.260778414359132071e+01,-2.298690352179442087e+01,1.917499364723106581e+01,-1.863411636790856862e+00,-3.715184217325647609e+01,1.230897104451450907e+01,1.492601924800213276e+01,1.015078910593224215e+01,-2.785910755190917909e-01,-1.809501824322788366e+01
-1.261669575189336534e+01,-2.337872874695840508e+01,1.926903447067089203e+01,-1.500625688901944255e+00,-3.775800924937387748e+01,1.242100472841979197e+01,1.542233222661471359e+01,1.061829171915672632e+01,-1.518951301871240833e-02,-1.841973306383970765e+01
-7.711514814874805168e+00,-1.437666917368146358e+01,1.181055849010445158e+01,-7.730952007342137833e-01,-2.323612320773791140e+01,7.622849090259374627e+00,9.611187530499572418e+00,6.570474431475071597e+00,5.399589684512084986e-02,-1.132514472027811259e+01
-6.829592800027444177e+00,-1.280175004610611289e+01,1.047477023970150078e+01,-6.172236100384962398e-01,-2.068580064959379783e+01,6.770159179195079702e+00,8.601968395327233452e+00,5.903793801659372065e+00,9.644061010415996837e-02,-1.008744290360465534e+01
-6.168741920763635811e+00,-1.098338730871574676e+01,9.300374759320183315e+00,-1.271436759330961896e+00,-1.773007825883904331e+01,5.937860490030403504e+00,6.836116225514686562e+00,4.689785537464601362e+00,-3.249436921930985989e-01,-8.644580926188607961e+00
-9.625251932873180039e+00,-1.761487625765454368e+01,1.464172510345983547e+01,-1.405645087027741269e+00,-2.844649933701105127e+01,9.409772531805115747e+00,1.142354867968867538e+01,7.851022076373133984e+00,-1.681077211364009893e-01,-1.387358065920401273e+01
-1.124902236556126489e+01,-2.113558383819484021e+01,1.728625269278539989e+01,-8.745650288589789101e-01,-3.418498287276129588e+01,1.117576916521259101e+01,1.434612288559354276e+01,9.743454534196526851e+00,1.970467201611846852e-01,-1.664738624981299608e+01
-1.019729043818268543e+01,-1.839992895796724781e+01,1.542341216492288325e+01,-1.877441351783939893e+00,-2.968055043724963582e+01,9.881295701206513016e+00,1.160126634427076731e+01,8.056576484081052314e+00,-3.664893059515971219e-01,-1.449358776529509640e+01
-7.847701285663460702e+00,-1.485224742657696062e+01,1.208936164810526037e+01,-4.774999284538989364e-01,-2.402546293671711908e+01,7.829461286086315752e+00,1.018171815355936083e+01,6.916215535048870322e+00,2.137903978691973461e-01,-1.170018808578994651e+01
-8.184078906372906914e+00,-1.500576280854346756e+01,1.245369504756365053e+01,-1.175272604826081313e+00,-2.422805843396522008e+01,8.007776718438600838e+00,9.740623308010427195e+00,6.713593583531638487e+00,-1.233125036350448678e-01,-1.182057048296367086e+01
-8.743024639919692476e+00,-1.603960284971407546e+01,1.331975720410952491e+01,-1.190398871663250979e+00,-2.591859238923831654e+01,8.563734895893839294e+00,1.048573552892353078e+01,7.158015092046755790e+00,-1.234757183122139890e-01,-1.262992109324009071e+01
-7.978151566940135275e+00,-1.488824320681101376e+01,1.221565260637859573e+01,-8.122635813504455182e-01,-2.405160457062919122e+01,7.887317131992837460e+00,9.930221833104647899e+00,6.827193228912344480e+00,6.511292346452940416e-02,-1.173130029170088129e+01
-9.647272047104165082e+00,-1.787398209837601470e+01,1.473496365098944594e+01,-1.143377755125287498e+00,-2.887018260717081120e+01,9.497722153878459750e+00,1.179720810008222287e+01,8.113407275272852104e+00,-1.308298711352179344e-02,-1.408191162138867014e+01
-1.131999428382835049e+01,-2.053570981348451596e+01,1.720178634248756566e+01,-1.742031806504400260e+00,-3.320974810366539032e+01,1.102692547266266843e+01,1.330555527723624820e+01,8.973539605868294800e+00,-3.215309168673911033e-01,-1.615799746484127652e+01
-2.831130316552501913e+00,-5.442518717114229965e+00,4.373239055033731226e+00,-1.161670863269279041e-01,-8.787755818433739208e+00,2.844777183165343892e+00,3.751204692574442667e+00,2.610044155360890628e+00,1.354987696966119259e-01,-4.293552110242837117e+00
-5.101060063344076134e+00,-9.335955390455341174e+00,7.739480550732188213e+00,-8.285252866432126773e-01,-1.504394952425814047e+01,4.977225599404475176e+00,5.953109148854064614e+00,4.199089955935082052e+00,-9.152966254219843667e-02,-7.361182955966247832e+00
-6.514930160938826376e+00,-1.249762041520763667e+01,1.009858842048616800e+01,-1.241324472192888995e-01,-2.024686501858206711e+01,6.558721290442630192e+00,8.802113109743057606e+00,5.898376172000739714e+00,2.989793334531871127e-01,-9.841899248828966051e+00
-7.190595234023835935e+00,-1.285304015202500949e+01,1.084881023809698242e+01,-1.445552023453490875e+00,-2.073990815761037609e+01,6.933869679628298144e+00,8.018740362897228025e+00,5.533681993288216638e+00,-3.439221992692019225e-01,-1.011946849516062841e+01
-5.074716327330571985e+00,-9.519302745952561651e+00,7.776984346406936588e+00,-4.841233750409285053e-01,-1.536878003939068194e+01,5.028713942436628948e+00,6.361691592753557778e+00,4.409732982648677968e+00,7.545069388865344173e-02,-7.504361588875777755e+00
-6.409653415419619193e+00,-1.221678953811562884e+01,9.877262965924058946e+00,-3.698148233757053704e-01,-1.973129444742887983e+01,6.411071653916272872e+00,8.350814051103085944e+00,5.782619374033031612e+00,2.328849924911613467e-01,-9.633819661194365835e+00
-9.033041464295566314e+00,-1.692030591742241086e+01,1.385249373139948048e+01,-8.246741970756206186e-01,-2.734281948687442565e+01,8.951565885180947646e+00,1.136577194264607193e+01,7.792853037968886731e+00,1.194449975410145637e-01,-1.333196705356492373e+01
-7.903496158003628480e+00,-1.444132071641652892e+01,1.202148913916403039e+01,-1.160732261763089301e+00,-2.332907781450425588e+01,7.722133174930842614e+00,9.369482441953428165e+00,6.412051489832312434e+00,-1.533839776305039315e-01,-1.137161700763758887e+01
-1.024184157619317226e+01,-1.878417668713633404e+01,1.560232228421144107e+01,-1.398367670717267641e+00,-3.035435446170443896e+01,1.003053561347747902e+01,1.227797398854993283e+01,8.378404617535260002e+00,-1.481836673334462340e-01,-1.479073655769517792e+01
-3.336703012783560407e+00,-6.297885775266641950e+00,5.122766456744869856e+00,-2.766917390569422763e-01,-1.016667534672530948e+01,3.317598610482488830e+00,4.237943298602662168e+00,2.945234934140896321e+00,7.697984133399221607e-02,-4.966069699681723293e+00
-1.974214699434067022e+00,-3.647105207729527176e+00,3.010675700589629411e+00,-2.542693062194268383e-01,-5.887698963222635307e+00,1.939523652783999186e+00,2.388357004640411230e+00,1.651756687305941051e+00,-1.047599663313521223e-02,-2.873858226958556195e+00
-4.128540602814883442e+00,-7.934618978268431988e+00,6.385908896680821734e+00,-1.340042278640463658e-01,-1.282629660933541338e+01,4.152241166548768625e+00,5.512813582293636827e+00,3.787029597796832903e+00,1.974632465631629419e-01,-6.255869522459217791e+00
-7.945395247654131410e+00,-1.477656288110954286e+01,1.215426283065166935e+01,-8.596050181826977443e-01,-2.387415005960247427e+01,7.840830574028486488e+00,9.822049972854710376e+00,6.737944779716109167e+00,2.930760906348345296e-02,-1.164130969876271848e+01
-9.004432229121251297e+00,-1.687874788856029085e+01,1.381130334690902473e+01,-8.099643794891968618e-01,-2.727496599049187509e+01,8.926575559480939503e+00,1.134586061057850515e+01,7.782725020384018144e+00,1.275259922560805226e-01,-1.329969308546165685e+01
-7.137895213584728005e+00,-1.317926337334787057e+01,1.090109915866102774e+01,-8.542208033294846903e-01,-2.130441419829934091e+01,7.018912402890054913e+00,8.713123579291174536e+00,5.931322336373687776e+00,-4.035851586632932531e-02,-1.037781813032988687e+01
-1.064876193100613833e+01,-1.941516587343013356e+01,1.619638813133600408e+01,-1.570371482019880638e+00,-3.138049201627399398e+01,1.039678905560433897e+01,1.261101844868170296e+01,8.572002114249782423e+00,-2.351740634979218036e-01,-1.528305376421595696e+01
-9.667074392661294979e+00,-1.769001146669510049e+01,1.470868652548946542e+01,-1.397987580390560813e+00,-2.857381924189929734e+01,9.452036274132405325e+00,1.148966020775768371e+01,7.876681761902066370e+00,-1.693012851190811574e-01,-1.393124261821732368e+01
-3.336703012783560407e+00,-6.297885775266641950e+00,5.122766456744869856e+00,-2.766917390569422763e-01,-1.016667534672530948e+01,3.317598610482488830e+00,4.237943298602662168e+00,2.945234934140896321e+00,7.697984133399221607e-02,-4.966069699681723293e+00
-1.324514829135268279e+01,-2.441462900104625433e+01,2.018937767599582855e+01,-1.749503325908295270e+00,-3.942095179029777086e+01,1.299855754233501060e+01,1.596439934697520968e+01,1.101156698547856827e+01,-1.079235242252659654e-01,-1.923517368472685263e+01
-8.614881215072724530e+00,-1.569865935967133019e+01,1.307662419689950184e+01,-1.380313265014701418e+00,-2.533452228896230451e+01,8.396882666643861626e+00,1.006848397444098531e+01,6.969992911769246291e+00,-1.995721217146432802e-01,-1.236696676290666197e+01
-6.452599765808433752e+00,-1.213961905941172148e+01,9.910581004747829326e+00,-5.214048301593301460e-01,-1.961992292910889901e+01,6.410863801499239401e+00,8.207199415447711033e+00,5.624202485738980073e+00,1.230073517409461248e-01,-9.565808020027327885e+00
-9.422097158645057036e+00,-1.734573046616874237e+01,1.437982679436751177e+01,-1.172083790547338467e+00,-2.804518437174289502e+01,9.251576757623952929e+00,1.144142054381479312e+01,7.764640436393485778e+00,-8.892213195935144698e-02,-1.365596435298470368e+01
-5.620904774250278457e+00,-1.070269175503444892e+01,8.653978825917583606e+00,-3.576496122799829314e-01,-1.727772521004239437e+01,5.616519273826784620e+00,7.281573110983581287e+00,5.068070749706659051e+00,1.958959061824984693e-01,-8.441598851787620816e+00
-5.620434256012519114e+00,-1.048948069836272623e+01,8.611666968001692624e+00,-5.472035641197653399e-01,-1.695477476055028276e+01,5.559528524705447339e+00,7.026003918769835543e+00,4.800188824564360246e+00,4.742639652592986477e-02,-8.262997655468122815e+00
-9.049721774839564858e+00,-1.694975907524645464e+01,1.389164285680230115e+01,-7.699966809288605329e-01,-2.741308152237217755e+01,8.974357993201355299e+00,1.145450192409398227e+01,7.779251253631797702e+00,1.204053896850727501e-01,-1.334952509161025880e+01
-8.873807695344746449e+00,-1.634693395994503362e+01,1.355243327321913860e+01,-1.064022965848400837e+00,-2.644103695203139281e+01,8.719572754143957383e+00,1.082509837778755468e+01,7.312597190032301242e+00,-7.529898362174408666e-02,-1.286724198591002555e+01
-1.261669575189336712e+01,-2.337872874695840864e+01,1.926903447067089559e+01,-1.500625688901944699e+00,-3.775800924937388459e+01,1.242100472841979375e+01,1.542233222661471537e+01,1.061829171915672809e+01,-1.518951301871229731e-02,-1.841973306383970765e+01
-5.101060063344076134e+00,-9.335955390455341174e+00,7.739480550732188213e+00,-8.285252866432126773e-01,-1.504394952425814047e+01,4.977225599404475176e+00,5.953109148854064614e+00,4.199089955935082052e+00,-9.152966254219843667e-02,-7.361182955966247832e+00
-1.091198950676870716e+01,-1.980267011971429270e+01,1.655422378773861425e+01,-1.793118005924998926e+00,-3.197679267169837658e+01,1.061736165672256682e+01,1.268914849444953674e+01,8.712618268704114044e+00,-3.091046959299501573e-01,-1.559315249644973989e+01
-7.343101093603989327e+00,-1.353635145581510635e+01,1.118583545472706753e+01,-9.995057742426817216e-01,-2.184448887956360252e+01,7.203087756168168987e+00,8.814988953556751383e+00,6.119464548395224135e+00,-6.025232967204707801e-02,-1.066764185995570813e+01
-9.912941367390679659e+00,-1.781223618281536503e+01,1.497732864980685719e+01,-1.897487267518302989e+00,-2.873768219592336237e+01,9.585221813496991317e+00,1.118118689651237752e+01,7.740496335985169729e+00,-4.086404648092516467e-01,-1.402747413150115996e+01
-7.190595234023835935e+00,-1.285304015202500949e+01,1.084881023809698242e+01,-1.445552023453490875e+00,-2.073990815761037609e+01,6.933869679628298144e+00,8.018740362897228025e+00,5.533681993288216638e+00,-3.439221992692019225e-01,-1.011946849516062841e+01
-4.795013689909900734e+00,-8.949136863839239453e+00,7.342712719957972922e+00,-4.844318891661469895e-01,-1.445811554201636362e+01,4.741025582980449293e+00,5.972906898566840539e+00,4.103307520588661994e+00,3.995382712368078515e-02,-7.051317216054823867e+00
-9.589398812068642641e+00,-1.767514651764647837e+01,1.463083455272473365e+01,-1.209148347002599433e+00,-2.856183650829749610e+01,9.417427765970902698e+00,1.162751850046861435e+01,7.945247173646179384e+00,-7.674366675237642710e-02,-1.391979406975370281e+01
-9.870506585035142777e+00,-1.814491031377509955e+01,1.504772133671600365e+01,-1.298304256043431248e+00,-2.932176938036963065e+01,9.679390715322288230e+00,1.189756690097781267e+01,8.121903334012838371e+00,-1.131788918524520571e-01,-1.428832559400617619e+01
-1.291148739954340385e+01,-2.399410461852199461e+01,1.976038658651033231e+01,-1.359414387613230524e+00,-3.878946935297265242e+01,1.274298208846275315e+01,1.600420395155581943e+01,1.090246996637670485e+01,3.673893930484339876e-02,-1.889701654617247684e+01
-7.596564043109980346e+00,-1.386958513376027824e+01,1.152670059280739245e+01,-1.232513560024964816e+00,-2.236490792660369920e+01,7.406851150561083230e+00,8.862989674575251442e+00,6.196993199600534297e+00,-1.587465308504625305e-01,-1.093116460850927574e+01
-1.274332946401897715e+01,-2.343575562638340770e+01,1.941610452042731083e+01,-1.722215043939753443e+00,-3.784937148396311102e+01,1.249280133085480493e+01,1.530587828844922704e+01,1.052244495037990113e+01,-1.411915235429892501e-01,-1.846039223581134792e+01
-9.033041464295566314e+00,-1.692030591742241086e+01,1.385249373139948048e+01,-8.246741970756207296e-01,-2.734281948687442565e+01,8.951565885180947646e+00,1.136577194264607193e+01,7.792853037968886731e+00,1.194449975410145637e-01,-1.333196705356492373e+01
-9.159295270324212979e+00,-1.679200552812009661e+01,1.391915569217959181e+01,-1.392381474557871979e+00,-2.708294586603037146e+01,8.952700342310100368e+00,1.080790722729089737e+01,7.544837605666930180e+00,-1.418975345073510974e-01,-1.323481805455455529e+01
-8.879645044731891090e+00,-1.657317631298868932e+01,1.361908992930727713e+01,-8.078101650091853436e-01,-2.680982903565677944e+01,8.790193934933965281e+00,1.116897923546846272e+01,7.560147821378132349e+00,7.754719846197666300e-02,-1.305005688986213919e+01
-1.029659372301497733e+01,-1.874732688916838086e+01,1.564518475452218560e+01,-1.585130067274912902e+00,-3.028670182087743257e+01,1.004100308141935649e+01,1.211019047002187676e+01,8.275526499061994556e+00,-2.469107832400808111e-01,-1.476024713863991344e+01
-9.810064922657304010e+00,-1.822453146840816629e+01,1.500987220546732459e+01,-1.049723637545606270e+00,-2.945839253896578214e+01,9.679092921471854183e+00,1.213878559089325471e+01,8.281127336461867827e+00,2.329945215002388048e-02,-1.435387746663408670e+01
-7.046901367628480628e+00,-1.295289734681826310e+01,1.073838360548912085e+01,-9.465862988191094951e-01,-2.092456136597087735e+01,6.907936735911307302e+00,8.470123272072930476e+00,5.804968866523423365e+00,-8.241098864366214194e-02,-1.020154513421522502e+01
-1.045293257598946823e+01,-1.732446257332635753e+01,1.206413776847084307e+01,-1.252528394036514836e+00,-2.485210961907621652e+01,8.175004631916008790e+00,1.105176932830535819e+01,6.319997508520767582e+00,8.598290262657858340e-01,-1.169112626083803264e+01
-6.168741920763635811e+00,-1.098338730871574676e+01,9.300374759320183315e+00,-1.271436759330961896e+00,-1.773007825883904331e+01,5.937860490030403504e+00,6.836116225514686562e+00,4.689785537464601362e+00,-3.249436921930985989e-01,-8.644580926188607961e+00
-6.574027921462252344e+00,-1.248214534518356444e+01,1.011746747833458215e+01,-4.374942896446543106e-01,-2.015871770238084792e+01,6.560925904085697979e+00,8.488792194212374298e+00,5.877371278690217693e+00,2.048054487303928584e-01,-9.842187900505487974e+00
-8.907097466845632638e+00,-1.605381919896444387e+01,1.349808893357576522e+01,-1.532989306511393979e+00,-2.594574976538214983e+01,8.640615889208600464e+00,1.026052837172496268e+01,6.959645674817371841e+00,-3.285283996006578278e-01,-1.263281666137923054e+01
-8.028743127764036203e+00,-1.526344093990197237e+01,1.238503334385382715e+01,-4.133940997018646923e-01,-2.468894394360236078e+01,8.029954783806767082e+00,1.051574550375577921e+01,7.155946876052041716e+00,2.671401923410693935e-01,-1.202621329862371624e+01
-8.562416180170107083e+00,-1.587816457864968989e+01,1.307943515048846628e+01,-1.007659934863127660e+00,-2.564295972389302847e+01,8.432809823589193954e+00,1.048093780603847058e+01,7.221306628966173591e+00,-1.907918090605587036e-03,-1.251075468784359046e+01
-9.719412148043888422e+00,-1.806606070452966151e+01,1.487427103498526293e+01,-1.026352119081505254e+00,-2.920308906885128764e+01,9.592855426390476836e+00,1.204434868549324555e+01,8.214986914606498658e+00,3.019851995515254739e-02,-1.422910202211587638e+01
-8.437974358201994818e+00,-1.566387740869896561e+01,1.288188723099004562e+01,-1.022670895005189484e+00,-2.527797053230499813e+01,8.309464991772959053e+00,1.029474791097278974e+01,7.156868648459086657e+00,8.111847541436234543e-03,-1.234700393169918975e+01
-1.169202089643060738e+01,-2.133303011115883763e+01,1.776143344622163411e+01,-1.813129874028082122e+00,-3.443864436086405334e+01,1.140755070581766439e+01,1.374091673518393009e+01,9.477507213591053414e+00,-2.507440812169139388e-01,-1.680344509860342939e+01
-8.902739012985337652e+00,-1.633145727828427596e+01,1.354887860496083007e+01,-1.271194265665986478e+00,-2.636775019357878236e+01,8.713102576553316325e+00,1.060574125462404460e+01,7.313158522045947407e+00,-1.285364620377880684e-01,-1.286525603797199757e+01
-9.647272047104165082e+00,-1.787398209837601470e+01,1.473496365098944594e+01,-1.143377755125287276e+00,-2.887018260717081120e+01,9.497722153878459750e+00,1.179720810008222287e+01,8.113407275272852104e+00,-1.308298711352179344e-02,-1.408191162138867014e+01
-7.559143346765841542e+00,-1.401342582701630946e+01,1.152040402353862092e+01,-9.999297985672643829e-01,-2.259042926967077847e+01,7.431166482321808431e+00,9.118926698247634022e+00,6.417229135901387771e+00,-8.340530239860644013e-03,-1.105151913623640247e+01
-1.063364232755948890e+01,-1.958024551947387337e+01,1.619730608201606259e+01,-1.453506932403322294e+00,-3.160533339244434003e+01,1.042662081431386945e+01,1.275506020618637493e+01,8.828061984531313300e+00,-1.021181022507225977e-01,-1.542828807598235485e+01
-1.088634857392349353e+01,-2.014319238267209400e+01,1.662714191314548273e+01,-1.293798397247897247e+00,-3.254591371985687687e+01,1.071288106541331686e+01,1.330489673901260161e+01,9.113166309576028468e+00,-3.259205073725024437e-02,-1.586643836471459323e+01
-8.914243699175214530e+00,-1.626306256196109956e+01,1.354583325263672933e+01,-1.365307684014787082e+00,-2.626141419272257949e+01,8.699072843644755082e+00,1.049679092865063268e+01,7.215454364318058644e+00,-1.917142146976069661e-01,-1.280809916044442431e+01
-1.170079743716837584e+01,-2.152837202740996503e+01,1.783353030290237484e+01,-1.556210293874985773e+00,-3.477422948428805682e+01,1.147529688518335966e+01,1.408526649730376334e+01,9.666823999163483450e+00,-1.221602183640289052e-01,-1.695687360239972108e+01
-1.314141568763477608e+01,-2.403355726874887566e+01,2.000365436764425198e+01,-1.865540678007351794e+00,-3.884019289366538175e+01,1.285085272075252583e+01,1.565949550966195325e+01,1.066843458328090399e+01,-2.384604234205577322e-01,-1.892161897386207059e+01
-9.659595851634030339e+00,-1.731882584465768460e+01,1.459280620312556564e+01,-1.859283208934598752e+00,-2.795467323938501281e+01,9.332862776484613931e+00,1.087836214677058244e+01,7.483974707788673797e+00,-4.240735984672086567e-01,-1.363469168625039352e+01
-7.466841744594856500e+00,-1.399225443271803115e+01,1.145379112375312758e+01,-6.682758449068124662e-01,-2.261382015175517424e+01,7.401978399713975421e+00,9.412016634940268744e+00,6.445137236929308067e+00,1.029984310092670885e-01,-1.102435851702397684e+01
-1.061185685123930611e+01,-1.943095064517267900e+01,1.616419974293283701e+01,-1.458898780222074087e+00,-3.140992142687887068e+01,1.038658560621435356e+01,1.270558687284522748e+01,8.632758797029010722e+00,-1.751765590061528099e-01,-1.529662781182425846e+01
-8.135382054101809146e+00,-1.470555708247293936e+01,1.232904358572256776e+01,-1.394965175521646561e+00,-2.374958984711013343e+01,7.899508808081784572e+00,9.383009661833749959e+00,6.425022504989910566e+00,-2.713773847248450721e-01,-1.157719994775046146e+01
-1.052000087892570690e+01,-1.970891160252388730e+01,1.614805645690776359e+01,-8.968131618116691461e-01,-3.187240619051427259e+01,1.043306479037644685e+01,1.331405237960207799e+01,9.052801828111698867e+00,1.435040941731832165e-01,-1.552351428962764324e+01
-8.946649539881594393e+00,-1.692914511532073973e+01,1.376827842472664720e+01,-6.027720611584947985e-01,-2.736371796563906500e+01,8.918570860003850242e+00,1.153652871000334734e+01,7.905875590978032719e+00,2.397577318971955140e-01,-1.334152985423251891e+01
-8.719042439029610847e+00,-1.591837002592363248e+01,1.324101934035313377e+01,-1.368514099431730413e+00,-2.568681184360105618e+01,8.506576547899189933e+00,1.022829006478389502e+01,7.091135821855430343e+00,-1.810166437703199516e-01,-1.254137487798461592e+01
-7.711514814874804280e+00,-1.437666917368146358e+01,1.181055849010444980e+01,-7.730952007342137833e-01,-2.323612320773790785e+01,7.622849090259373739e+00,9.611187530499572418e+00,6.570474431475070709e+00,5.399589684512079435e-02,-1.132514472027811081e+01
-9.680601905505284321e+00,-1.787223646734050320e+01,1.477803888034578428e+01,-1.184902714025332759e+00,-2.888121119663307823e+01,9.515861428471540151e+00,1.178484020883830397e+01,8.052933773832227971e+00,-5.686706676783109815e-02,-1.407551974695931918e+01
-1.033808188917712201e+01,-1.930849741709583611e+01,1.585795401778898217e+01,-9.311396777791112189e-01,-3.123231903077740412e+01,1.023717849080053810e+01,1.301633874726698004e+01,8.819677956178567868e+00,9.947000427043833914e-02,-1.520481326641801978e+01
-1.124902236556126667e+01,-2.113558383819484376e+01,1.728625269278540344e+01,-8.745650288589790211e-01,-3.418498287276129588e+01,1.117576916521259278e+01,1.434612288559354454e+01,9.743454534196528627e+00,1.970467201611846852e-01,-1.664738624981299964e+01
-1.128457962853473795e+01,-2.054350285066456649e+01,1.714928811728949398e+01,-1.725375614037435223e+00,-3.319427483040280435e+01,1.100541173935509853e+01,1.328620299037520347e+01,9.059866135934184328e+00,-2.719857159784481171e-01,-1.617291645179928494e+01
-8.195826736937140922e+00,-1.512645143956340732e+01,1.250483875073173223e+01,-1.030933306832015672e+00,-2.443533983751543559e+01,8.052369305017402112e+00,9.943190652373429472e+00,6.822531975464634080e+00,-5.218169673411721110e-02,-1.191508308244133119e+01
-1.021016757641526951e+01,-1.885157408334538331e+01,1.558420784804135550e+01,-1.258914711214444537e+00,-3.045948216756211835e+01,1.003561210611383103e+01,1.241859970428628124e+01,8.500301569588827988e+00,-5.918629177094775207e-02,-1.484792035740497518e+01
-1.137059943777077997e+01,-2.084440595146173791e+01,1.729431879046556375e+01,-1.667639590564532925e+00,-3.364327564973124396e+01,1.112096034747914608e+01,1.349067471899345527e+01,9.336519938356794057e+00,-1.751579480818344914e-01,-1.642268426688409377e+01
-8.206913658701829206e+00,-1.545916256480250439e+01,1.260417653128617133e+01,-6.652337227395317409e-01,-2.497556547782541614e+01,8.156678712856201940e+00,1.043835248957462625e+01,7.185803318304789578e+00,1.691187410894947896e-01,-1.218433751638778517e+01
-1.101215126515086240e+01,-2.003044701608903111e+01,1.671736401773555158e+01,-1.759458766871627944e+00,-3.234349231871834718e+01,1.072812026160251087e+01,1.287179848572382568e+01,8.846524311654544448e+00,-2.794617803812262657e-01,-1.577396211154566252e+01
-9.618186214296626346e+00,-1.796816564180510056e+01,1.474079052585340399e+01,-9.194847720700685123e-01,-2.904168377876441198e+01,9.518792446871877644e+00,1.204613983907220209e+01,8.236193608054884763e+00,9.353177291070924326e-02,-1.415503655123228377e+01
-6.833894823521813322e+00,-1.266763881797444924e+01,1.042861282889349184e+01,-8.479852485924722627e-01,-2.044330805234044846e+01,6.724516997058542778e+00,8.311597391608771090e+00,5.774458196378304820e+00,-6.474360120513500405e-03,-9.984618589374639086e+00
-9.053515516297222732e+00,-1.708938891063554877e+01,1.393085101101964440e+01,-6.211478941064190185e-01,-2.763724712493156943e+01,9.016994854239170465e+00,1.165573376186286225e+01,7.935726621055894547e+00,2.141813643822131075e-01,-1.346319490958251919e+01
-1.028742177053928764e+01,-1.890646641800457317e+01,1.567961816394986663e+01,-1.368876202609258019e+00,-3.054848786561365515e+01,1.008561163917719483e+01,1.238048840511667237e+01,8.463915405013338500e+00,-1.217485540388498766e-01,-1.488886902329105233e+01
-7.341078451909373470e+00,-1.409085886569381962e+01,1.132874625914045552e+01,-3.485943561663818469e-01,-2.274298905761095924e+01,7.367454065627849324e+00,9.666925784595850502e+00,6.753249285805754454e+00,3.353348318591098942e-01,-1.111780219832962935e+01
-8.776562574365614822e+00,-1.535508896592298100e+01,1.041272967422339235e+01,8.642507455092432456e-02,-2.227869018647935917e+01,7.139009632475123546e+00,1.076275695877321148e+01,6.134766547773577550e+00,1.287837040042934422e+00,-1.046463308761740585e+01
-1.126609424973158902e+01,-2.116538180477422060e+01,1.731619673057396724e+01,-8.606694127543896844e-01,-3.424012644267271810e+01,1.119413551462491085e+01,1.438602711208987373e+01,9.747688232483220361e+00,1.963478178578505484e-01,-1.666908226657297121e+01
-5.732096279769749891e+00,-1.096838236694885005e+01,8.854743658012877106e+00,-2.376303563462663360e-01,-1.773193060578480384e+01,5.751191429796131516e+00,7.585837034867430440e+00,5.201186636958168741e+00,2.402291101209310109e-01,-8.646222133216209471e+00
-9.170291581871561348e+00,-1.696799327453667772e+01,1.400780740380656475e+01,-1.082931141120748064e+00,-2.741832645543037117e+01,9.024983427223856935e+00,1.121596959784987391e+01,7.673623912422028681e+00,-2.718258312829896495e-02,-1.336473097767625262e+01
-5.824935570624384162e+00,-1.060634481190288980e+01,8.839289469744411321e+00,-9.441077239796735743e-01,-1.711602842131982527e+01,5.674934505677724061e+00,6.793710812113305408e+00,4.703848939184567257e+00,-1.408435313000306888e-01,-8.355297836892349395e+00
-4.386624260544468079e+00,-8.010920591292599369e+00,6.667360315431277051e+00,-6.647008254608680611e-01,-1.293514490932647298e+01,4.282872313369440853e+00,5.175004433848818586e+00,3.560744083844424424e+00,-8.874386999834932288e-02,-6.309463729391623588e+00
-6.870442237125960361e+00,-1.307009119721224089e+01,1.059570084162644754e+01,-3.636616828095742271e-01,-2.113338127080628581e+01,6.871733470711760106e+00,8.987718971906316412e+00,6.142386249887542782e+00,2.340709712385608543e-01,-1.030018604889655087e+01
-1.076785879595394491e+01,-1.797360020686835114e+01,1.184211196076867800e+01,-5.295901680890719998e-01,-2.525879389221575266e+01,8.183557245818930070e+00,1.203449808298682733e+01,6.559117257572333770e+00,1.432824949196221276e+00,-1.176041777363755614e+01
-4.400230825554912073e+00,-8.366166091998223919e+00,6.779853005799723498e+00,-2.592347185241412610e-01,-1.351934450214768368e+01,4.397229778427900193e+00,5.723858753612097949e+00,3.937905198706983079e+00,1.458765581060395555e-01,-6.595046527752915111e+00
-8.102926366927771795e+00,-1.492526842406827292e+01,1.235907072532369533e+01,-1.038325232412704802e+00,-2.411625698603282331e+01,7.954052540019278084e+00,9.803815302758513539e+00,6.704431742598444544e+00,-7.211588048903594395e-02,-1.175440210130953034e+01
-6.704962499528145159e+00,-1.288551415324208982e+01,1.036080240986177792e+01,-2.602158155165374964e-01,-2.081316510754322735e+01,6.738372119130867866e+00,8.901510194195754622e+00,6.168106115408427570e+00,3.187440583451391918e-01,-1.016328921609470015e+01
-9.132519784193624091e+00,-1.675825020276942112e+01,1.391889531302253502e+01,-1.219216396772370814e+00,-2.708744401237703059e+01,8.948729851960044002e+00,1.098264307464114964e+01,7.472905162150984104e+00,-1.254044045019531151e-01,-1.319402854268360947e+01
-1.177473477227520071e+01,-2.161755089968435328e+01,1.793117617474374015e+01,-1.632241700521915195e+00,-3.491353608654931406e+01,1.153249518059834244e+01,1.408854895808068441e+01,9.679723677651981717e+00,-1.565360479818688200e-01,-1.702710456193695876e+01
-7.084690221927447240e+00,-1.286641679852044184e+01,1.074820866069322811e+01,-1.162385255308377552e+00,-2.077282713544557780e+01,6.895133418183269747e+00,8.241849088450798888e+00,5.671481867513159969e+00,-1.943521470000486029e-01,-1.013246658332896466e+01
-4.942109875699754795e+00,-8.059474522395211338e+00,4.474766207758293035e+00,1.879366864548440708e-01,-1.044323906239077537e+01,3.291831795753777268e+00,5.623825145426216920e+00,2.750020831185513881e+00,1.152977695379789447e+00,-4.724767005979772172e+00
-8.238780513220651969e+00,-1.385864606227602280e+01,9.438893785332695074e+00,-5.226303735438699860e-01,-1.982407983443382449e+01,6.450059537048054459e+00,9.231014626217051600e+00,5.153285997601998680e+00,9.311135758838672283e-01,-9.282410970453410570e+00
-1.856914183149111963e+01,-2.510340684549639434e+01,6.788019281286130635e-01,3.086966802722821424e+00,-1.626941299611233660e+01,3.050196013669626449e+00,1.918307402270015771e+01,1.883845343454340071e+00,1.026438732630086470e+01,-4.169171247264293001e+00
-7.747811450868520744e+00,-1.413884363256477172e+01,1.175849216740688696e+01,-1.248070542570291597e+00,-2.280565298780522809e+01,7.554252686385046545e+00,9.049479608117980689e+00,6.304966093786148029e+00,-1.661993818906321030e-01,-1.114158012403538223e+01
-8.686877770423789613e+00,-1.578073993421885746e+01,1.317619489505852926e+01,-1.436092658824715596e+00,-2.547172231034594958e+01,8.453936977689194165e+00,1.009318017617344232e+01,6.966541102440350741e+00,-2.355962674198887608e-01,-1.242920352723323774e+01
-6.056659994309833372e+00,-1.150962299828220381e+01,9.311681637330668337e+00,-4.419520790929521992e-01,-1.856856821233960986e+01,6.041644669118488409e+00,7.774897711001545808e+00,5.448397216623891204e+00,1.939022811539154179e-01,-9.080419688351019758e+00
-8.183558839805103347e+00,-1.527788289698989743e+01,1.252627084681684444e+01,-8.488196451360616734e-01,-2.467213655716941290e+01,8.089586883304557219e+00,1.016773691352597986e+01,7.020412845914198563e+00,7.047695877632470518e-02,-1.204068316630235991e+01
-6.196534215963659165e+00,-1.161249438285500624e+01,9.482369159679040038e+00,-6.493199427999811757e-01,-1.873056712809622226e+01,6.131772490013249310e+00,7.696310420739687075e+00,5.391977219584874526e+00,8.267299383126411327e-02,-9.158575287240045881e+00
-7.648544943272804097e+00,-1.456508972565881876e+01,1.180805715737187178e+01,-3.523736639242579516e-01,-2.356445354370697487e+01,7.658493675565128278e+00,1.007085174000283168e+01,6.839136856817505716e+00,2.722572874010156796e-01,-1.147531012723677613e+01
-3.970107736250995778e+00,-7.349674909785820276e+00,6.056424199524592211e+00,-5.017434178327775385e-01,-1.186176867154662951e+01,3.903961548031620765e+00,4.816399932026227404e+00,3.342932017151254431e+00,-1.043163985878545197e-02,-5.792592710801992339e+00
-4.938212092283600363e+00,-9.042959254654013179e+00,7.520204166805874557e+00,-6.862348789361758516e-01,-1.461463383003828476e+01,4.832655646163765084e+00,5.903748664268916535e+00,4.021826195339419208e+00,-8.123991299612634553e-02,-7.119703409209128253e+00
-8.947200504481330086e+00,-1.624271357308059294e+01,1.357556148623833536e+01,-1.461268560571735708e+00,-2.622923148199432575e+01,8.707589191085794766e+00,1.041591893964581494e+01,7.149238146982861863e+00,-2.493489339946562411e-01,-1.278985616565007177e+01
-2.723060396012555895e+00,-5.178690188752339552e+00,4.186576895508726359e+00,-1.981078544108082484e-01,-8.353272372628824272e+00,2.717025459052172298e+00,3.496776105108382104e+00,2.455935800160062854e+00,8.986560003533482222e-02,-4.086164764373243052e+00
-1.098427178146892125e+01,-2.001889337446268158e+01,1.669465862827546943e+01,-1.670428218050913571e+00,-3.234020215899258943e+01,1.071716839903707985e+01,1.294622437434422757e+01,8.851366226079663946e+00,-2.496646438686227487e-01,-1.576206466143837837e+01
-1.012531978302739333e+01,-1.839590188551965255e+01,1.536199702930065492e+01,-1.657187852236242875e+00,-2.969843607139787522e+01,9.856088717433856061e+00,1.178493800523689394e+01,8.116096123598776302e+00,-2.726539564249476078e-01,-1.448762765716100631e+01
-1.083249080601273384e+01,-2.030909568675119559e+01,1.660899219784410974e+01,-1.000058598723741365e+00,-3.280656050554314618e+01,1.073643033225787669e+01,1.361868879989150116e+01,9.380251790984889482e+00,1.549808019149958027e-01,-1.600561806765763606e+01
-8.572274772357051376e+00,-1.574847451097508788e+01,1.304726043782883949e+01,-1.216727992392438784e+00,-2.541893626386122662e+01,8.394292088347977909e+00,1.022367924128741912e+01,7.076957517822696886e+00,-1.079860556006019268e-01,-1.240846529252146979e+01
-1.000534264417645680e+01,-1.854962712941012981e+01,1.529166794811484564e+01,-1.144159765982973198e+00,-2.997221097245415677e+01,9.857081321290122489e+00,1.228692865362003772e+01,8.416267995861788975e+00,-3.957814725973674008e-03,-1.461187027469287969e+01
-1.123110282654177183e+01,-2.081330545877676030e+01,1.715755625221044056e+01,-1.316188311976224545e+00,-3.362140741816325118e+01,1.105952948628546650e+01,1.375261369785317278e+01,9.446871688513859056e+00,-1.145448379442326470e-02,-1.639687032811983514e+01
-6.780065193229070530e+00,-1.264997525253292743e+01,1.038480204653855665e+01,-6.755963292996902680e-01,-2.044256504560846821e+01,6.704180999490468196e+00,8.456452350806097584e+00,5.791285985341772857e+00,5.417902293820547888e-02,-9.965890119661384716e+00
-1.143408707621349940e+01,-2.113212610699348559e+01,1.747092487956648554e+01,-1.330950569906339087e+00,-3.416565236636855474e+01,1.125116935196608381e+01,1.400514023586235979e+01,9.518550163488011862e+00,-4.968244811151656393e-02,-1.663937465255358461e+01
-7.793166327993995779e+00,-1.432482854123299454e+01,1.186506436910660334e+01,-1.090456801368303141e+00,-2.312375588473638288e+01,7.634434781389192182e+00,9.314378721825516294e+00,6.439507429708871911e+00,-9.249332973157992077e-02,-1.128628808568749342e+01
-8.419577598674374386e+00,-1.568642092013853606e+01,1.287984558030632165e+01,-9.077871034344133783e-01,-2.533283920940682421e+01,8.313673428914889030e+00,1.041539267751723941e+01,7.185066063634711675e+00,4.987393402895473615e-02,-1.236162148752181622e+01
-1.037126082708056352e+01,-1.914689592133038687e+01,1.581919504199131232e+01,-1.324189509904102557e+00,-3.091993247624731112e+01,1.018831391402823527e+01,1.255936766827623607e+01,8.651134093426129823e+00,-6.309814745240804879e-02,-1.508460259725510078e+01
-8.916608440329161667e+00,-1.622493274440389044e+01,1.353286980501837178e+01,-1.437796976992341769e+00,-2.619079430058997460e+01,8.686090712032173755e+00,1.040721776262441978e+01,7.179140210982057013e+00,-2.226223533950063560e-01,-1.277922594588596006e+01
-6.821051581372635120e+00,-1.248861876590051523e+01,1.037796102691380895e+01,-9.876873049672258986e-01,-2.016880172661160486e+01,6.670245042701961502e+00,8.106323340693732504e+00,5.569283049383653150e+00,-1.150820707508084517e-01,-9.836063776268815673e+00
-6.569724634432780874e+00,-1.221389313887134698e+01,1.002943318525142224e+01,-7.959539240515597358e-01,-1.970247414496209970e+01,6.472644257762872222e+00,8.017936197599905057e+00,5.602221254183652022e+00,1.845821779439704713e-02,-9.629996369746793405e+00
-7.498491729987999399e+00,-1.406226496644002033e+01,1.151384741807978962e+01,-6.224779979346178882e-01,-2.274107873354573428e+01,7.440758145012393854e+00,9.512012861552697984e+00,6.468538979258309674e+00,1.122643647438583969e-01,-1.107629569440436157e+01
-1.093321127775986135e+01,-2.071571619814816856e+01,1.685392625303274627e+01,-6.162252464547531838e-01,-3.351866466313200732e+01,1.091739782578724238e+01,1.424707347890875297e+01,9.653367125390630576e+00,3.155492618957339568e-01,-1.631780927680892646e+01
-1.260778414359131894e+01,-2.298690352179441732e+01,1.917499364723106225e+01,-1.863411636790856640e+00,-3.715184217325646898e+01,1.230897104451450730e+01,1.492601924800213098e+01,1.015078910593224037e+01,-2.785910755190919019e-01,-1.809501824322788011e+01
-1.024184157619317226e+01,-1.878417668713633404e+01,1.560232228421144107e+01,-1.398367670717267641e+00,-3.035435446170443896e+01,1.003053561347747902e+01,1.227797398854993283e+01,8.378404617535260002e+00,-1.481836673334462340e-01,-1.479073655769517792e+01
-1.143416528654842068e+01,-2.088336240172692015e+01,1.738151923845063251e+01,-1.722506012013371945e+00,-3.372311729789480239e+01,1.116524619855799472e+01,1.350162662350416731e+01,9.280433895488695129e+00,-2.295581720491868261e-01,-1.644721584747991372e+01
-1.219097463272570181e+01,-2.244691129311377153e+01,1.860128864531212400e+01,-1.534272288227565229e+00,-3.628434756885329193e+01,1.196888681949240407e+01,1.478271479894095819e+01,1.006060716052054893e+01,-1.131386513383872972e-01,-1.767425016265024240e+01
-1.069125548002144654e+01,-1.937398137363635442e+01,1.623939315858606847e+01,-1.675881717981202668e+00,-3.132864152724277318e+01,1.040747111373266698e+01,1.252696533321797645e+01,8.453741347936116313e+00,-3.188495893025147798e-01,-1.524397180946889563e+01
-6.454046403088283590e+00,-1.230668683260267926e+01,9.955431994026572085e+00,-3.314314856161419964e-01,-1.989004640105920885e+01,6.461104990777640111e+00,8.458802748670020577e+00,5.813197026954210145e+00,2.394416557580451577e-01,-9.701486381766965650e+00
-8.598840505790747102e+00,-1.626171941198458271e+01,1.325272431242145643e+01,-4.982787214906308493e-01,-2.632062037447972713e+01,8.579798707045050321e+00,1.118493092194267291e+01,7.547040211971240531e+00,2.270216922594353870e-01,-1.280648753196757639e+01
-1.018771531809510478e+01,-1.888855820817222764e+01,1.558897124975230852e+01,-1.087826124989327958e+00,-3.054951030736388162e+01,1.004588385988373567e+01,1.260432687183669564e+01,8.536662572810230998e+00,-8.227171239179043027e-04,-1.487153921410605939e+01
-1.084126846316802073e+01,-2.072099592841649240e+01,1.676569534761089741e+01,-3.745997373398870511e-01,-3.353821565757053946e+01,1.088225100635223086e+01,1.443491117401473289e+01,9.764377822133649687e+00,4.410219256777899166e-01,-1.632364805493356386e+01
-1.059810007606255056e+01,-1.919107750297387582e+01,1.606148548399661991e+01,-1.813584987590892483e+00,-3.097997457915431596e+01,1.029674571792116566e+01,1.223193610517058083e+01,8.424536844457479745e+00,-3.307426568299680625e-01,-1.511277734415068252e+01
-1.294237692884810009e+01,-2.367886771131277968e+01,1.968566316318269926e+01,-1.898900009179215864e+00,-3.823883114510607584e+01,1.265054171105521874e+01,1.534894061945190202e+01,1.054973170565097895e+01,-2.307426293058782996e-01,-1.864957012594248553e+01
-7.317092776922520692e+00,-1.354055841474299449e+01,1.119674630265972226e+01,-7.820022800270720609e-01,-2.191120636738339655e+01,7.210976025226254471e+00,9.048812924676370884e+00,6.088954509420432260e+00,-1.780361627657062185e-02,-1.065745403597063223e+01
-7.980117446289090921e+00,-1.484663122405738278e+01,1.221316075921451194e+01,-8.389137027687771919e-01,-2.399440296131943384e+01,7.878836762255494897e+00,9.895201587813204469e+00,6.765609015547370042e+00,3.395033095074917462e-02,-1.169490641246327911e+01
-1.080009311471947342e+01,-1.998907220898196968e+01,1.651429311817530632e+01,-1.204664638746970606e+00,-3.232512342406107564e+01,1.063808561805060826e+01,1.329552912587299573e+01,9.014920078679031334e+00,-2.595161773835130692e-02,-1.573819913574920903e+01
-8.777649836001133465e+00,-1.634563973406799420e+01,1.344354667767143852e+01,-8.808351916566997675e-01,-2.642648927806339287e+01,8.673604705054007269e+00,1.093666266668007481e+01,7.448351771987978154e+00,4.897342588389597129e-02,-1.287373820848615580e+01
-1.121560974519660547e+01,-2.045446906254269592e+01,1.706511492907230121e+01,-1.626215844461073257e+00,-3.306848917313531899e+01,1.095440083513985030e+01,1.331657748700312816e+01,9.025571973881968191e+00,-2.428538691724266840e-01,-1.609928739084047322e+01
-9.470495339186854267e+00,-1.714912250937451788e+01,1.435292371242081977e+01,-1.619261249950476600e+00,-2.768423427453198826e+01,9.201349508492999263e+00,1.093213545057353109e+01,7.527445436611708729e+00,-2.955620025353152269e-01,-1.350461598278727315e+01
-6.113441980011094401e+00,-1.165651079731344808e+01,9.421681162558373401e+00,-3.487305685217401141e-01,-1.882601676974528004e+01,6.115957336334741257e+00,7.970245296206234009e+00,5.520733053871192730e+00,2.251343923049856366e-01,-9.192196624057311638e+00
-8.595493570655674986e+00,-1.555935776057954989e+01,1.299132260881089351e+01,-1.617482187303432628e+00,-2.506271282971854575e+01,8.333116969080368364e+00,9.742687306767217947e+00,6.888975280779657595e+00,-2.769040274352504438e-01,-1.226619979882886113e+01
-1.050762225168228348e+01,-1.954439612474311261e+01,1.608722153593462778e+01,-1.080713545301138945e+00,-3.159803985705255869e+01,1.037631500434005183e+01,1.305761935897195336e+01,8.890283442200557218e+00,4.249384160304642277e-02,-1.539248712862456081e+01
-6.748340827325479907e+00,-1.218166060758131586e+01,1.020702728193398023e+01,-1.241408157758252528e+00,-1.964816469227698192e+01,6.540153626872767134e+00,7.679324578755117869e+00,5.339479125709292617e+00,-2.391595576113672017e-01,-9.596049633608371821e+00
-9.678684164706128357e+00,-1.770153910691958643e+01,1.472883493047842940e+01,-1.390126515853377764e+00,-2.860050685822875849e+01,9.462924935260463855e+00,1.151381817021604270e+01,7.865789265434530719e+00,-1.756710874055064653e-01,-1.393807934249189628e+01
-6.498744614436898104e+00,-1.224399853502616153e+01,1.000298655469294040e+01,-4.343313475836859117e-01,-1.981605071064111101e+01,6.470144490063527876e+00,8.377819570467677224e+00,5.653104246322743442e+00,1.387580715009517351e-01,-9.641708568381650579e+00
-9.490625475538021050e+00,-1.718541136760795851e+01,1.437118010215723807e+01,-1.673587972663736156e+00,-2.772309486853842486e+01,9.214948264809670775e+00,1.089382127482527984e+01,7.565831856205178063e+00,-2.980531763527146660e-01,-1.353806487946569526e+01
-7.784385213706061180e+00,-1.444825117993468133e+01,1.191013427176091710e+01,-8.354636737008527270e-01,-2.335927508253113416e+01,7.678043272915314965e+00,9.627642518235511204e+00,6.550562778833723954e+00,9.647252363114589002e-03,-1.137808701230791009e+01
-9.185276444975805532e+00,-1.645874335032756264e+01,1.387753011817908089e+01,-1.763436972559965454e+00,-2.657248965628815185e+01,8.873550223993397879e+00,1.034852716000779083e+01,7.098436810307013012e+00,-4.095560212231271202e-01,-1.295581240020225167e+01
-7.302740714940820332e+00,-1.331325432824911204e+01,1.109688713538109717e+01,-1.119899130688909228e+00,-2.150193586663509038e+01,7.124715619719288462e+00,8.596306610937189063e+00,5.895446477909391803e+00,-1.636538135785309822e-01,-1.048375626674441463e+01
-9.186887524814951078e+00,-1.699036050622775207e+01,1.402402435870006236e+01,-1.123480314810655134e+00,-2.744320271110778720e+01,9.035465070932287901e+00,1.118859442617914546e+01,7.690869954947828546e+00,-3.413719554455307836e-02,-1.338492468959069726e+01
-1.359186562288065758e+01,-2.519398550902126033e+01,2.080223948468243833e+01,-1.433826026033508505e+00,-4.075715324673897300e+01,1.340370136098687404e+01,1.683638654562410863e+01,1.137131917631242928e+01,-4.535885329559175005e-03,-1.983348783354502842e+01
-8.356574397046413694e+00,-1.530861996767222699e+01,1.273715256203430535e+01,-1.114033142929801157e+00,-2.475651162202657929e+01,8.184409550683312773e+00,1.004830759859484957e+01,6.794561699646104458e+00,-1.319158677754573294e-01,-1.204904367896421391e+01
-1.096882195781611635e+01,-2.002438634017249797e+01,1.666587562229459252e+01,-1.687412063187370359e+00,-3.232646119761820813e+01,1.070529477986354827e+01,1.290871129799178085e+01,8.903292830524357271e+00,-2.274871307854849922e-01,-1.577283924169660700e+01
-6.992599070816877926e+00,-1.308528238227350826e+01,1.071482022710934068e+01,-6.750563100520674542e-01,-2.113706549568639304e+01,6.923152897703399589e+00,8.752492267703940954e+00,6.027408067814274517e+00,8.254095583218562515e-02,-1.031201505036405486e+01
-7.474272455768042889e+00,-1.408645517786158763e+01,1.149702039105268803e+01,-5.303802611838864811e-01,-2.278390090948916225e+01,7.438512725035079320e+00,9.598655242510501395e+00,6.522899494628289219e+00,1.615365155947814102e-01,-1.109615869074795036e+01
-1.116205840853155706e+01,-2.044920743631310955e+01,1.699865352129671692e+01,-1.548729616043245105e+00,-3.304554526512544044e+01,1.092520424584567529e+01,1.334849298593502809e+01,9.104572690981738603e+00,-1.775262228159799616e-01,-1.610107017952697461e+01
-7.027850629146429995e+00,-1.336983674572195468e+01,1.084328016048607068e+01,-3.519489741989511034e-01,-2.162571142052834006e+01,7.031556728373021592e+00,9.217910617965022979e+00,6.274682231929540777e+00,2.403234817333146922e-01,-1.053451981624330891e+01
-6.090501927230286050e+00,-1.154176081902650708e+01,9.351044622465966683e+00,-4.995775395632031657e-01,-1.861332215187264794e+01,6.063756600031611654e+00,7.747748330413759987e+00,5.450078326653279071e+00,1.715790407002523166e-01,-9.106741968485826177e+00
-9.661241527331110746e+00,-1.767846033455296251e+01,1.470271686222971042e+01,-1.385150884692851303e+00,-2.856021996556181008e+01,9.447589271945304290e+00,1.149712388705162880e+01,7.865135169721122033e+00,-1.693721827380731404e-01,-1.392087278027226027e+01
-8.985266012386926349e+00,-1.702167407178173164e+01,1.384970653905598503e+01,-5.124752302832353834e-01,-2.754067115111271491e+01,8.971051701635111897e+00,1.170101559793084434e+01,7.930884513363087862e+00,2.570011706196875245e-01,-1.340815494713459088e+01
-6.900258084787036061e+00,-1.263239312934642200e+01,1.048330116414484436e+01,-1.062242724610501066e+00,-2.037701067447485670e+01,6.740143119606523570e+00,8.124018076817165479e+00,5.659980302979300326e+00,-1.194249653815353529e-01,-9.955199192881249104e+00
-6.518743113108270038e+00,-1.235308269170626616e+01,1.002692493361740489e+01,-4.583999171630309677e-01,-1.995151308051582006e+01,6.498979356365748750e+00,8.384758971505149816e+00,5.798961960992416564e+00,1.861311072173954528e-01,-9.739527549562398079e+00
-4.938397024241383271e+00,-9.485645460801183759e+00,7.621753229501363691e+00,-2.305575626105283160e-01,-1.530863629804009207e+01,4.957673395382897752e+00,6.508583030498369837e+00,4.552178292058348674e+00,2.301444414088597845e-01,-7.484764347665834983e+00
-8.452894692610087191e+00,-1.556621708952839178e+01,1.287246761192661459e+01,-1.168152441098724736e+00,-2.512049591877023857e+01,8.287086149959471015e+00,1.012403804661561857e+01,7.025738441438829085e+00,-8.061943256054587836e-02,-1.226685416573907439e+01
-1.035393387801337006e+01,-1.920434703337609150e+01,1.582913537781672453e+01,-1.163843875226509006e+00,-3.103415822533388280e+01,1.020422817525660619e+01,1.274043470284405011e+01,8.714500498691272412e+00,2.242440736899775633e-03,-1.512681231282672734e+01
-9.597853568946911551e+00,-1.827860320915698367e+01,1.482494383107639813e+01,-4.109863302072391811e-01,-2.958392227391731666e+01,9.614210484754298847e+00,1.267540548827004621e+01,8.570680617462054229e+00,3.436919334183080599e-01,-1.439825109407214221e+01
-1.123817171513976731e+01,-2.096640561778833600e+01,1.722508673582152028e+01,-1.070308091622096835e+00,-3.390190817999658179e+01,1.111794926582333787e+01,1.407654941975212637e+01,9.574994143641669453e+00,9.062337487031835170e-02,-1.651278867053774135e+01
-1.266476922698189966e+01,-2.323525759615041153e+01,1.929197012095203689e+01,-1.734484420916533765e+00,-3.754176197949085036e+01,1.240403615589301900e+01,1.517706175543337643e+01,1.037492295300778622e+01,-1.785560998103409291e-01,-1.829703843762545290e+01
-7.856737969661269361e+00,-1.496565248469429932e+01,1.212330558839660100e+01,-3.872428083763162499e-01,-2.420083030612899222e+01,7.864675153941082186e+00,1.031491020260095048e+01,7.043350142323696161e+00,2.815384071974218472e-01,-1.179388781290411359e+01
-1.107444435928043269e+01,-2.008809089712610785e+01,1.679941059342873544e+01,-1.825827223569354452e+00,-3.243955078994893881e+01,1.077320587855501266e+01,1.286965143887431751e+01,8.829434763546419873e+00,-3.201945732611568562e-01,-1.581719781335966246e+01
-1.094134168522766615e+01,-2.029587626537635714e+01,1.674251268057123809e+01,-1.165991768820163310e+00,-3.282201122525558645e+01,1.079091711053003344e+01,1.354072490242441162e+01,9.183792036812402415e+00,5.917119574658458170e-03,-1.598071389687297206e+01
-1.081327270684909081e+01,-2.028209599343871261e+01,1.660158940568712538e+01,-9.059523025898083004e-01,-3.279481343286570905e+01,1.072961203014414089e+01,1.370727176594867736e+01,9.337467219078241953e+00,1.639254632995941208e-01,-1.597668398222387864e+01
-8.646174164023371134e+00,-1.642337774428331443e+01,1.332211918111205939e+01,-5.100470353493369302e-01,-2.654618123889915182e+01,8.637669554853173892e+00,1.124432218830806640e+01,7.712164779198368514e+00,2.761827522126579226e-01,-1.294449427206330405e+01
-8.156525605912499088e+00,-1.563226576789395494e+01,1.261424457573001590e+01,-2.766815931573872733e-01,-2.528453763634369977e+01,8.194871538760775564e+00,1.087162790109692168e+01,7.414687937694936615e+00,3.604852203110541220e-01,-1.232013556890033179e+01
-1.063014501062223083e+01,-1.963934860555639617e+01,1.623094222902138029e+01,-1.286025649841438412e+00,-3.173638644119550278e+01,1.045328775723727865e+01,1.296074682788246335e+01,8.859425617625889871e+00,-5.251658072957909873e-02,-1.546769716560121388e+01
-6.661668578033003385e+00,-1.221192459184793222e+01,1.013202822832188232e+01,-9.776798134051729594e-01,-1.971008892465809126e+01,6.515312600492041639e+00,7.902933042588004220e+00,5.470025878183524704e+00,-1.027375860175008260e-01,-9.621454719420981405e+00
-4.697378863959445816e+00,-8.919779436227679881e+00,7.221764692523931828e+00,-3.438004462919357351e-01,-1.439297101450682703e+01,4.684515757773690225e+00,6.027926244572709535e+00,4.214871879744970684e+00,1.458260113836033489e-01,-7.036371609138651451e+00
-7.798970639556598528e+00,-1.423218490896749167e+01,1.183926001461572675e+01,-1.243333417425813270e+00,-2.296126710331726528e+01,7.605644036402619435e+00,9.124925170563995991e+00,6.340789496891075849e+00,-1.668615753771456323e-01,-1.121388342451683684e+01
-9.779192317632187326e+00,-1.780525446094021191e+01,1.484084161791932210e+01,-1.580952037606692340e+00,-2.873541513454424745e+01,9.527641272534438599e+00,1.141038765530092647e+01,7.893248209867611997e+00,-2.371212874733989451e-01,-1.402578569144089116e+01
-8.730084333948042286e+00,-1.628588369728611696e+01,1.337460103405062384e+01,-8.575570825881023707e-01,-2.632411499466631710e+01,8.633432273836442405e+00,1.090326412558407831e+01,7.447513480970258115e+00,6.861001153273427189e-02,-1.282881923310460692e+01
-1.138171277533237102e+01,-2.080156782431054197e+01,1.731268117215606495e+01,-1.668242152560284186e+00,-3.360279484692343743e+01,1.112170305235256329e+01,1.349744816774682477e+01,9.240428906217488247e+00,-2.175456922219862754e-01,-1.638024452503521999e+01
-6.514930160938826376e+00,-1.249762041520763667e+01,1.009858842048616800e+01,-1.241324472192888995e-01,-2.024686501858206711e+01,6.558721290442630192e+00,8.802113109743057606e+00,5.898376172000739714e+00,2.989793334531871127e-01,-9.841899248828966051e+00
-1.091001222317797925e+01,-2.047477993439254718e+01,1.674642241318815650e+01,-9.284886534522533985e-01,-3.309570202892846424e+01,1.082574129487787040e+01,1.381381144884673695e+01,9.446045153405407291e+00,1.724028491200583213e-01,-1.613138184182954404e+01
-7.636170633485989789e+00,-1.443048704654056813e+01,1.174389187458346484e+01,-5.477497034164866552e-01,-2.332053302980074960e+01,7.605257732601581999e+00,9.804169144910229505e+00,6.731292247985970256e+00,1.908406491249866055e-01,-1.137301799345274134e+01
-3.387200789400476530e+00,-6.158921696273777613e+00,5.129643378557114275e+00,-5.928913847432977224e-01,-9.925782264915412156e+00,3.293452224590788902e+00,3.896417770014779514e+00,2.740464145980538113e+00,-8.920840564348100910e-02,-4.854820210966521721e+00
-1.329294787354912089e+01,-2.430759121233177567e+01,2.023512602906476587e+01,-1.883927671061884856e+00,-3.928565933152847833e+01,1.299889715789530165e+01,1.584346674502696217e+01,1.078493186061643527e+01,-2.431706941533716693e-01,-1.913664311648407335e+01
-5.592781323308170904e+00,-1.062566840653970068e+01,8.609303975542056619e+00,-3.634416497696087989e-01,-1.716093694679398496e+01,5.583728714520374226e+00,7.233130497528714287e+00,5.007185910061048517e+00,1.789638200001516521e-01,-8.378407319167800793e+00
-6.591815672662844960e+00,-1.224684800340002511e+01,1.008301880483549695e+01,-7.168080273696484372e-01,-1.979108392363384539e+01,6.502633502640726704e+00,8.142856121446643058e+00,5.571179564593529143e+00,1.591672749676414922e-02,-9.647011467911861260e+00
-1.030104429688114820e+01,-1.881083916000608980e+01,1.566538217345286910e+01,-1.525618700899587843e+00,-3.038786746065496658e+01,1.006134352931196929e+01,1.219492580789569303e+01,8.344130395952518597e+00,-2.079053840759950700e-01,-1.481202205967374752e+01
-7.031966708749173733e+00,-1.344830761834641919e+01,1.086682532090149422e+01,-2.751357417743198752e-01,-2.175076982336798537e+01,7.056105788085090147e+00,9.324997281279161498e+00,6.361136824232555220e+00,2.903374280713698630e-01,-1.059853687263052535e+01
-7.317650493120456900e+00,-1.361210924074055306e+01,1.119914127230634193e+01,-7.700470018588667642e-01,-2.199984046503903556e+01,7.224357544646669460e+00,9.072570575012731453e+00,6.200939201679285695e+00,2.974594829006294017e-02,-1.072225349074382628e+01
-6.954721871426107427e+00,-1.275858908170041239e+01,1.060238880850094922e+01,-9.176136094572562296e-01,-2.062827859176573497e+01,6.815477454207621300e+00,8.376376611065341038e+00,5.680425863393746333e+00,-9.738705348037685061e-02,-1.004352739305450193e+01
-5.074716327330571985e+00,-9.519302745952561651e+00,7.776984346406936588e+00,-4.841233750409285053e-01,-1.536878003939068194e+01,5.028713942436628948e+00,6.361691592753557778e+00,4.409732982648677968e+00,7.545069388865344173e-02,-7.504361588875777755e+00
-5.009274313369040499e+00,-9.219367867508806214e+00,7.637062819847065143e+00,-6.565467814888301668e-01,-1.489433543559063544e+01,4.914313361890075171e+00,6.042150012802011361e+00,4.138782302331607710e+00,-5.011159053561234367e-02,-7.261102538439584642e+00
-7.070664887590687009e+00,-1.315754014230849833e+01,1.082142119184929996e+01,-7.425322108030572021e-01,-2.126357372922921130e+01,6.981487458323625717e+00,8.768785260383832991e+00,5.999032814993251250e+00,3.204795048912040256e-02,-1.036470525381299801e+01
-4.726461851659824909e+00,-8.888667528148888053e+00,7.259239864839226897e+00,-3.828525979582310668e-01,-1.436697018529399372e+01,4.695218841418942191e+00,6.010143386772282881e+00,4.114321592538962236e+00,8.774579145124034030e-02,-7.003732241682470772e+00
-5.890529151157181786e+00,-1.100003530729613388e+01,9.015727312010382022e+00,-6.135971320313494681e-01,-1.776150756342661907e+01,5.823070740696650205e+00,7.315941889966595113e+00,5.059447324895670839e+00,5.265022623879611618e-02,-8.669919844249232455e+00
-4.916290543598680784e+00,-8.961646961338745498e+00,7.462665577371158321e+00,-7.867642316528027369e-01,-1.446142491241747052e+01,4.792452810010785491e+00,5.747309129158750807e+00,3.981859492727351402e+00,-1.119684997151358108e-01,-7.060029518369683288e+00
-1.079266502599486444e+01,-1.981070205429395514e+01,1.642407199410823537e+01,-1.544400189807807688e+00,-3.197830992584417942e+01,1.056437581921160884e+01,1.285463079515318618e+01,8.887525824950477826e+00,-1.477123394877485341e-01,-1.560805910006540920e+01
-1.102338946456855595e+01,-2.035560743871156930e+01,1.683523812319882396e+01,-1.318392508497463922e+00,-3.290435699901188116e+01,1.084009867542439842e+01,1.345735422035313533e+01,9.163380435245978006e+00,-6.079720442456126861e-02,-1.602895264985456691e+01
-5.005328720027554468e+00,-9.603628134028053154e+00,7.720614600873345168e+00,-2.529552837018740896e-01,-1.549627674127162535e+01,5.020904324006414399e+00,6.572209568987947392e+00,4.604923433521463494e+00,2.255277145461501154e-01,-7.578288673571385914e+00
-9.205436879111218218e+00,-1.723345762378566448e+01,1.412442158701454886e+01,-8.098278927542056360e-01,-2.786515104835165957e+01,9.124388391094518269e+00,1.161848864138849535e+01,7.911766700232067961e+00,1.162471152057962809e-01,-1.357443857303636570e+01
-6.553213230788197841e+00,-1.213981702775675764e+01,1.000895948724173223e+01,-7.777550037633114144e-01,-1.960863729739820371e+01,6.451233738122381212e+00,8.012119850327124482e+00,5.509036829955278769e+00,-1.002580707472627841e-02,-9.564163262766358642e+00
-1.194848350105698387e+01,-2.176773990794508862e+01,1.813590788909200668e+01,-1.918326761925363222e+00,-3.512982656011481453e+01,1.164475910809997394e+01,1.395918290473196777e+01,9.659458678413278321e+00,-2.807093311661855717e-01,-1.714762510729785205e+01
-1.306410706770742713e+01,-2.387962526040821842e+01,1.987106009778764104e+01,-1.917501147587575616e+00,-3.857257998536654497e+01,1.276588168057137906e+01,1.548975125690008170e+01,1.061290151235586876e+01,-2.476138830387787371e-01,-1.880476939430725380e+01
-5.624609568561256268e+00,-1.072609425548578521e+01,8.683173590700429045e+00,-2.590440327439715307e-01,-1.734663948677258816e+01,5.634395614001836528e+00,7.407873775647722425e+00,5.054496884302698057e+00,2.103600888919397727e-01,-8.452757873630201146e+00
-9.923634826654346597e+00,-1.850422089664225211e+01,1.520350256328530669e+01,-9.739306003487769869e-01,-2.991381462148974890e+01,9.812537808906915515e+00,1.239398076730388176e+01,8.451706368920737233e+00,7.252622609652348284e-02,-1.457506012169745802e+01
-1.160363750971640506e+01,-2.134528588152519646e+01,1.769601323649073876e+01,-1.499754157182839887e+00,-3.449736701173990383e+01,1.138438484840965970e+01,1.402042574468420533e+01,9.560009472615030646e+00,-1.225333213345517480e-01,-1.680789000471821737e+01
-1.184654936581707396e+01,-2.215877488343463853e+01,1.816596744074620418e+01,-1.088796693394461279e+00,-3.581946092260915293e+01,1.173371572061203771e+01,1.489323457378256066e+01,1.017082282456303766e+01,1.352266022091092590e-01,-1.745589462875901887e+01
-1.101381262559993779e+01,-2.049589326903062769e+01,1.684315339382544252e+01,-1.211074000298074882e+00,-3.310141149537906813e+01,1.086866714491591601e+01,1.359317915004209887e+01,9.369949712630196714e+00,4.850758483601697035e-02,-1.615074246203760211e+01
-1.187789192265329064e+01,-2.163623125591464458e+01,1.804933389103009489e+01,-1.821800959957225352e+00,-3.495202956427691277e+01,1.158542404138057158e+01,1.397937731659338567e+01,9.559645264286359634e+00,-2.780557551316520382e-01,-1.703543946632784767e+01
-6.409653415419619193e+00,-1.221678953811562884e+01,9.877262965924058946e+00,-3.698148233757052594e-01,-1.973129444742887983e+01,6.411071653916272872e+00,8.350814051103085944e+00,5.782619374033031612e+00,2.328849924911613467e-01,-9.633819661194365835e+00
-7.903496158003628480e+00,-1.444132071641652892e+01,1.202148913916403039e+01,-1.160732261763089301e+00,-2.332907781450425588e+01,7.722133174930842614e+00,9.369482441953428165e+00,6.412051489832312434e+00,-1.533839776305039315e-01,-1.137161700763758887e+01
-7.325508670049465820e+00,-1.347155569923037000e+01,1.117549121306731763e+01,-9.313645938569785621e-01,-2.177996132196329526e+01,7.188250050999556606e+00,8.869453626282417957e+00,6.021891310475015580e+00,-7.947558781660513105e-02,-1.060586257341286220e+01
-7.747879702869276741e+00,-1.487270993655176810e+01,1.199523844586897248e+01,-2.070687756298583704e-01,-2.406702952682396557e+01,7.794634887532704504e+00,1.039723082225123285e+01,7.057544882419493959e+00,3.601404987401478075e-01,-1.171935547508551068e+01
-1.076397928020222317e+01,-1.979530191026016794e+01,1.642718965736298031e+01,-1.343124304261061219e+00,-3.201348765808964458e+01,1.056532492583046512e+01,1.306340050158118515e+01,8.837857010256968238e+00,-1.156204932027943277e-01,-1.558202451185336024e+01
-8.148929814463627963e+00,-1.538603219668222266e+01,1.252464603523688602e+01,-6.181264594281996594e-01,-2.485772055141305614e+01,8.109844798485786654e+00,1.042025346263814356e+01,7.175968059961431500e+00,1.935109797832817169e-01,-1.212751422816724833e+01
-8.491931672650288476e+00,-1.536048575885446432e+01,1.286435929873374739e+01,-1.476156459298004986e+00,-2.479483126339298593e+01,8.245072932313853187e+00,9.771251822588922664e+00,6.732822952437781616e+00,-2.769921463949919782e-01,-1.209615593057637817e+01
-7.377148003599767634e+00,-1.336232278558370368e+01,1.118331321215551988e+01,-1.248816592685246807e+00,-2.157427592471059441e+01,7.169573831093301486e+00,8.531317353222231503e+00,5.864345926152949140e+00,-2.272444809333913351e-01,-1.052189766433956031e+01
-7.938555535738299973e+00,-1.434136211538035610e+01,1.201055979779725114e+01,-1.445745139089839704e+00,-2.313229874681177023e+01,7.697169940113996134e+00,9.052764209075258250e+00,6.293273739956403823e+00,-2.733474967792144938e-01,-1.129746358281762753e+01
-9.729994748029955787e+00,-1.755398889909207583e+01,1.474650543223282284e+01,-1.667563133861014624e+00,-2.836538571034044764e+01,9.442473651183854955e+00,1.121905435051515099e+01,7.627674842997413940e+00,-3.472666225791589123e-01,-1.381495598704728600e+01
-5.443804335928500215e+00,-1.045344770617301577e+01,8.413571904391982770e+00,-2.054344572354846188e-01,-1.689083122902245648e+01,5.470250612870488638e+00,7.233238182774753611e+00,4.991426575504595675e+00,2.533847120585951407e-01,-8.243332998290645364e+00
-9.472167493373069291e+00,-1.738559079203343316e+01,1.442724744500290157e+01,-1.302874969440673159e+00,-2.808471524043570255e+01,9.277736972080662170e+00,1.134526213926752725e+01,7.774658043054738954e+00,-1.286591783267626576e-01,-1.369218596448743419e+01
-4.596826910517004983e+00,-8.604974089331346221e+00,7.044643739190966869e+00,-4.398610617778186960e-01,-1.390009940347038864e+01,4.552101891760432117e+00,5.758834842909165808e+00,3.965408494147748542e+00,5.634177623001521140e-02,-6.781272815356849115e+00
-5.734354753754184131e+00,-1.033913017099777854e+01,8.674515662721857368e+00,-1.051000883525143426e+00,-1.668321908209152582e+01,5.555931757159472184e+00,6.528668439027538462e+00,4.515323063346041721e+00,-2.112115745122910559e-01,-8.142578911388069329e+00
-7.970948790065996548e+00,-1.488970787424270625e+01,1.222384313938555422e+01,-7.305416023260793423e-01,-2.407878912932816462e+01,7.892055474847142982e+00,1.002099543414919225e+01,6.809673694051205928e+00,7.780969078678101614e-02,-1.172668899355264571e+01
-1.661279900890052019e+01,-2.359684142313747657e+01,7.067513559605623108e+00,1.972361035332315993e+00,-2.317582211113739277e+01,6.561765077794063927e+00,1.712009933585571275e+01,5.015650001616123177e+00,6.243728957756750297e+00,-9.300301775466904175e+00
-7.807192262148013207e+00,-1.442629454021559887e+01,1.193377810491463720e+01,-8.897464731672478644e-01,-2.333253124976518578e+01,7.684074068308722971e+00,9.585384978386361610e+00,6.486290361525179016e+00,-3.508320369297168728e-02,-1.135702189004876139e+01
-5.536663338101924126e+00,-1.027736512927461021e+01,8.468916643784073273e+00,-6.032633789491581577e-01,-1.661200604619088494e+01,5.460137420016579313e+00,6.836878331557048938e+00,4.664802817795044021e+00,7.225548999533260019e-03,-8.094495472073498732e+00
-5.722045051930301440e+00,-1.097125219600217783e+01,8.844281876742321913e+00,-2.144228849121646574e-01,-1.773549570951211862e+01,5.747346864485617601e+00,7.602770997202971337e+00,5.218549899715786644e+00,2.553677431497151096e-01,-8.649286769872286840e+00
-6.829592800027444177e+00,-1.280175004610611289e+01,1.047477023970150078e+01,-6.172236100384962398e-01,-2.068580064959379783e+01,6.770159179195079702e+00,8.601968395327233452e+00,5.903793801659372065e+00,9.644061010415996837e-02,-1.008744290360465534e+01
-4.128540602814883442e+00,-7.934618978268431988e+00,6.385908896680821734e+00,-1.340042278640463658e-01,-1.282629660933541338e+01,4.152241166548768625e+00,5.512813582293636827e+00,3.787029597796832903e+00,1.974632465631629419e-01,-6.255869522459217791e+00
-4.410457069743785041e+00,-8.201266006756673832e+00,6.744622192491775081e+00,-4.862250047360314187e-01,-1.324758410432597167e+01,4.351171510425807298e+00,5.441084293212886891e+00,3.742343437190296385e+00,1.519089637072398857e-02,-6.461858386213176431e+00
-4.696058874103396619e+00,-8.533538757483407622e+00,7.111537203684581421e+00,-8.235185972326527493e-01,-1.375448944470288026e+01,4.565052472108093617e+00,5.399560062112680470e+00,3.791360937459532288e+00,-1.272547465579971782e-01,-6.726064179005780019e+00
-6.018893235655647267e+00,-1.128611678199556323e+01,9.237445598985219775e+00,-5.184276961858605981e-01,-1.824489547579204896e+01,5.970137124135533213e+00,7.612233831912147863e+00,5.198227796890339647e+00,8.853642366759240101e-02,-8.891249338407549274e+00
-7.495627929045114435e+00,-1.432958743649955657e+01,1.160890602788391668e+01,-1.875652577110289432e-01,-2.321969445742949034e+01,7.532800590017055598e+00,1.006702199912076523e+01,6.724465704361127116e+00,3.094821371986791747e-01,-1.128216144266640875e+01
-8.041545840825984115e+00,-1.504477514321923870e+01,1.234292387108453859e+01,-6.902520062360667508e-01,-2.433730312187484301e+01,7.971165179263712375e+00,1.016910102021846463e+01,6.887602437248768972e+00,9.561314187912606233e-02,-1.184747649449926676e+01
-7.412557791760265857e+00,-1.419788127710655345e+01,1.146616789625012167e+01,-2.418038195510754385e-01,-2.297208045578845770e+01,7.447145252603871057e+00,9.890635766612588142e+00,6.719931195179390748e+00,3.222260385144776196e-01,-1.118757902798903814e+01
-9.678424592315778341e+00,-1.766617766193892081e+01,1.470128304761606408e+01,-1.505628662447659805e+00,-2.851408489333930873e+01,9.443544731073265197e+00,1.136957139614206369e+01,7.859203642192294836e+00,-2.029687177589374336e-01,-1.391659135342886700e+01
-6.081974245839683491e+00,-1.114357934989528331e+01,9.249396886384220196e+00,-8.969923097574898918e-01,-1.798660380716938789e+01,5.946923004586217587e+00,7.209229900126876700e+00,4.986583458623491616e+00,-9.773942003196284256e-02,-8.779385118698181500e+00
-8.400002536447473744e+00,-1.612556639337757147e+01,1.300532432892791945e+01,-2.224548020429873429e-01,-2.609472270925137494e+01,8.451101611677236392e+00,1.127494120618532314e+01,7.652397008689942659e+00,3.912260776683957886e-01,-1.270652405918379557e+01
-8.997198881803514681e+00,-1.622663775348459225e+01,1.363218753180666631e+01,-1.557814240730809541e+00,-2.621674732993030332e+01,8.728624842813918150e+00,1.035431560654676453e+01,7.051470052726126703e+00,-3.252057885309325158e-01,-1.277113102103568210e+01
-7.547611201419872629e+00,-1.422582831713816276e+01,1.159295489282255431e+01,-6.055662206661667213e-01,-2.298158467512500636e+01,7.503528225643696814e+00,9.608354650988044199e+00,6.619975419122340554e+00,1.614807735742173067e-01,-1.121283360988047129e+01
-9.222002416098364463e+00,-1.653929840252282446e+01,1.391706572197976932e+01,-1.835549011683363263e+00,-2.667063601121558136e+01,8.903834499394561064e+00,1.031301615597198840e+01,7.180227096158287026e+00,-4.035790330799822745e-01,-1.302749503632530725e+01
-8.754461309254191193e+00,-1.592246231868253403e+01,1.330582957753339635e+01,-1.333129410804107629e+00,-2.573640195962549626e+01,8.536087529113776995e+00,1.031201566337024111e+01,7.001326449048690392e+00,-2.208285168577460156e-01,-1.253242858183081587e+01
-1.051446630015471406e+01,-1.932579783060941736e+01,1.603337033162284442e+01,-1.366945571799477177e+00,-3.123760759525861275e+01,1.031228428989999202e+01,1.269284389108908684e+01,8.639824122475006973e+00,-1.219481239099090009e-01,-1.521628279452665744e+01
-5.700623776052416325e+00,-1.092194626523285095e+01,8.802429262602776916e+00,-2.505779509942764882e-01,-1.764511595969308289e+01,5.720187130549126309e+00,7.528621562720583249e+00,5.201823279440731973e+00,2.476341503613033734e-01,-8.612855836743252169e+00
-1.017107998599391649e+01,-1.863480897969044392e+01,1.548388245535607410e+01,-1.434455051746927001e+00,-3.010398185301799145e+01,9.952724912754179698e+00,1.213545213174027992e+01,8.308426242683584206e+00,-1.618291829052376229e-01,-1.467485324200939800e+01
-9.656840359825315190e+00,-1.747854643151687526e+01,1.463091813115189943e+01,-1.670109195296002991e+00,-2.821222832784966528e+01,9.378886760731223404e+00,1.112331115979885432e+01,7.670739275907704879e+00,-3.073853433963558146e-01,-1.376476596978617373e+01
-1.083573664234688216e+01,-2.036289128112803937e+01,1.663123714004877485e+01,-9.248579980894384711e-01,-3.290143444746934875e+01,1.075618411081602765e+01,1.371984380257987546e+01,9.428516439270273608e+00,1.895208626396368001e-01,-1.604722514249482046e+01
-6.911557916366858123e+00,-1.271388794807539213e+01,1.052662670748377849e+01,-9.505262066054318559e-01,-2.052547280316603207e+01,6.774266079104606320e+00,8.281879479882960027e+00,5.719510576339844832e+00,-7.506344673650733323e-02,-1.001676160144666916e+01
-8.751637370515672032e+00,-1.613458434496874006e+01,1.334675516522867866e+01,-1.127648389717860855e+00,-2.606138909938920634e+01,8.592459272596025599e+00,1.058295077087420744e+01,7.267831138375128397e+00,-6.846691678108796086e-02,-1.270935904532423777e+01
-8.462259251910269953e+00,-1.572579513759997560e+01,1.293577582781594693e+01,-9.544583071211372172e-01,-2.539804806728811570e+01,8.344405602646155273e+00,1.041245910682994236e+01,7.173687740656683687e+00,2.184209183878910165e-02,-1.239124803067011626e+01
-7.847701285663460702e+00,-1.485224742657696062e+01,1.208936164810526037e+01,-4.774999284538989364e-01,-2.402546293671711908e+01,7.829461286086315752e+00,1.018171815355936083e+01,6.916215535048870322e+00,2.137903978691973461e-01,-1.170018808578994651e+01
-1.161728773243586232e+01,-2.131705703600012924e+01,1.771755188093572997e+01,-1.502768877568703365e+00,-3.447521981818662340e+01,1.138898517252213693e+01,1.402894806215151569e+01,9.483414303473740148e+00,-1.583737962887610262e-01,-1.677851003951496267e+01
-8.776919307228231659e+00,-1.663491681771241204e+01,1.352158805042571643e+01,-5.289311943070841293e-01,-2.690030427938757285e+01,8.761016564546505236e+00,1.139638963222918377e+01,7.772753692041787232e+00,2.553685699748084459e-01,-1.310730736519652417e+01
-1.222956066589646085e+01,-2.225598609044230258e+01,1.860238052821818755e+01,-1.799916206464091673e+00,-3.599204328303123646e+01,1.193389787996942708e+01,1.448242958668987335e+01,9.774398530509158078e+00,-2.975969829825252377e-01,-1.751327368797138462e+01
-7.595276035601807862e+00,-1.440256024526076750e+01,1.170137661875821955e+01,-4.562737170725458258e-01,-2.328767810330481325e+01,7.582852529807797559e+00,9.864708586390969813e+00,6.737614783532364982e+00,2.258605924002615728e-01,-1.134918631014897628e+01
-9.329069786451514190e+00,-1.669814963578746259e+01,1.409283516936466363e+01,-1.800569872969310925e+00,-2.696347172101266310e+01,9.008394254002912049e+00,1.049680085982194022e+01,7.183554843780608934e+00,-4.284957430240482479e-01,-1.314268883303777535e+01
-7.746219756330122053e+00,-1.460561007832687253e+01,1.191124974769233269e+01,-5.661056559273887068e-01,-2.361422342374908467e+01,7.708317751658584349e+00,9.928834556767323960e+00,6.778528726072184263e+00,1.712772523440637129e-01,-1.150758816585648781e+01
-7.978151566940134387e+00,-1.488824320681101199e+01,1.221565260637859396e+01,-8.122635813504454072e-01,-2.405160457062918766e+01,7.887317131992836572e+00,9.930221833104647899e+00,6.827193228912343592e+00,6.511292346452940416e-02,-1.173130029170087951e+01
-1.131999428382835227e+01,-2.053570981348451951e+01,1.720178634248756566e+01,-1.742031806504400482e+00,-3.320974810366539742e+01,1.102692547266267020e+01,1.330555527723624820e+01,8.973539605868296576e+00,-3.215309168673909923e-01,-1.615799746484128008e+01
-9.984451851578349135e+00,-1.811372187532592193e+01,1.515655356040411661e+01,-1.601843662685554781e+00,-2.926718893757270834e+01,9.718476357399765675e+00,1.165684666494935229e+01,7.945304499452520375e+00,-2.852925182100988222e-01,-1.425871668483716093e+01
-1.051821659284122035e+01,-1.900551804961193625e+01,1.593918827570630903e+01,-1.808292560566646223e+00,-3.069546879187398147e+01,1.021152607922683586e+01,1.212465382228486988e+01,8.296973258442818633e+00,-3.558813086959716765e-01,-1.496188244761470898e+01
-1.019902838301074688e+01,-1.903403282411294839e+01,1.562530170438753174e+01,-1.000148955694724506e+00,-3.076329250920476355e+01,1.008758424702432421e+01,1.274088172963152132e+01,8.712899060628123138e+00,8.545962351675423507e-02,-1.499451262231229087e+01
-1.019248966562849468e+01,-1.884998634794753514e+01,1.556040331199389293e+01,-1.241067115098825724e+00,-3.044907466899563886e+01,1.002509670624544036e+01,1.241980429954983478e+01,8.530070230994972746e+00,-3.778769866283732126e-02,-1.484939033018392784e+01
-8.878889069411252777e+00,-1.627082129048497450e+01,1.351170796099860461e+01,-1.272761879052672462e+00,-2.627547446764710060e+01,8.686443795065118323e+00,1.056927086740678234e+01,7.267797959774480177e+00,-1.396499178848297218e-01,-1.281567135644242228e+01
-8.292098434651022032e+00,-1.569745564821612227e+01,1.276916248260772235e+01,-5.241048807434047774e-01,-2.538321264624043749e+01,8.271218644246097540e+00,1.073513016161181177e+01,7.323470102821410421e+00,2.280029241346165636e-01,-1.236846720644914477e+01
-6.059620510650293390e+00,-1.141402750050370152e+01,9.309378744764469360e+00,-4.786878571012583294e-01,-1.844532043130277188e+01,6.023931935278985961e+00,7.722280367533625345e+00,5.299567076935606025e+00,1.250788195201122388e-01,-8.994865975892940568e+00
-7.761478288339284326e+00,-1.452049073655025069e+01,1.190009896135680911e+01,-7.200118727943236596e-01,-2.346840251067470717e+01,7.687225572681410490e+00,9.749842108371046479e+00,6.671161695332041397e+00,9.022037410410094216e-02,-1.143974460532480641e+01
-1.204223815050388957e+01,-2.214564373634581784e+01,1.836248931607457635e+01,-1.566953795611849332e+00,-3.578968677926065567e+01,1.181242487804944119e+01,1.453688453540229197e+01,9.915332931247952786e+00,-1.318472736715312621e-01,-1.743824457982946541e+01
-1.176052193218126973e+01,-2.174950539862759413e+01,1.796263212312441127e+01,-1.397204811150827730e+00,-3.514648664390547594e+01,1.157136860074007245e+01,1.437251220503332050e+01,9.826200992853502569e+00,-4.266850971127700287e-02,-1.713013415317111310e+01
-5.527288320296829482e+00,-1.050580188548776128e+01,8.518735087177738308e+00,-3.162683886811933354e-01,-1.698199708064304758e+01,5.524085310419676098e+00,7.200877842570945653e+00,4.937004085273513532e+00,1.813976429120941480e-01,-8.280381069513246928e+00
-6.073701162676397480e+00,-1.148909485735901370e+01,9.340774030248999438e+00,-4.353962073592653748e-01,-1.856210281407078355e+01,6.050975992042367579e+00,7.799797387196480969e+00,5.372563959929268051e+00,1.593489152429785616e-01,-9.056340247605042748e+00
-9.105220241695525019e+00,-1.682361729143087814e+01,1.389368179960935024e+01,-1.138308799453083386e+00,-2.717126331416838880e+01,8.949704456400645824e+00,1.105722308237676899e+01,7.607520166150251839e+00,-4.518794392234931623e-02,-1.325381641352252871e+01
-5.900061975110878265e+00,-1.124138483475368666e+01,9.076995925199732085e+00,-4.029739879531215596e-01,-1.813343395172395134e+01,5.893404649933434492e+00,7.610743366459138848e+00,5.343899055131614340e+00,2.094563214921638106e-01,-8.870102433999187852e+00
-6.574505230214690243e+00,-1.196513983360319067e+01,9.987901747320346857e+00,-1.019796481245583308e+00,-1.932931367753670315e+01,6.409559481960192429e+00,7.722596223722254294e+00,5.278717466794100588e+00,-1.614395969106500739e-01,-9.420478233171694527e+00
-9.186053239346883004e+00,-1.706706004022374756e+01,1.404049957262954962e+01,-1.043452062573661632e+00,-2.756310497015497418e+01,9.056646558184679563e+00,1.129370187187138441e+01,7.784255733475460737e+00,2.092074136211441449e-02,-1.344829928460985791e+01
-1.068486040507856849e+01,-1.974788747008663847e+01,1.628348513659569008e+01,-1.420775171281928539e+00,-3.185859246797127042e+01,1.049336136461484692e+01,1.287342207168323860e+01,8.974424495957237013e+00,-5.222331630916954293e-02,-1.556651963491251145e+01
-1.190133664163333727e+01,-2.194418850172757729e+01,1.815188140633832958e+01,-1.526405249667693198e+00,-3.544685463729803843e+01,1.168614938566806849e+01,1.440063861857826844e+01,9.884989994240168443e+00,-9.099568780223110664e-02,-1.728533626759213604e+01
-1.027662149844833905e+01,-1.872913667015834704e+01,1.560631220718410717e+01,-1.616009414609537842e+00,-3.023595439804187635e+01,1.002051371490921916e+01,1.204784297731352005e+01,8.304711523981760379e+00,-2.354544759176260271e-01,-1.475167094984892024e+01
-4.257754956195399565e+00,-8.103654171082320445e+00,6.548175978092125149e+00,-3.006276962855590762e-01,-1.307200835090342039e+01,4.250404204253912077e+00,5.479335787414880699e+00,3.846450373651451482e+00,1.450367355630597377e-01,-6.394031982490363752e+00
-9.144962447522621218e+00,-1.686290273897275327e+01,1.395284250423988581e+01,-1.152149419159935517e+00,-2.724656275953323004e+01,8.982198423325376879e+00,1.109062210889632105e+01,7.588085970278521941e+00,-6.851505075109304288e-02,-1.328097694914947802e+01
-8.201087700469805952e+00,-1.574778541330194237e+01,1.269724493250957842e+01,-2.173150391582757690e-01,-2.548149969373513812e+01,8.251622804683343304e+00,1.100828582390643362e+01,7.478000764006238477e+00,3.846829913921439581e-01,-1.240940857909193618e+01
-7.606527459727749019e+00,-1.451360257194955494e+01,1.174277453540427096e+01,-3.498890220846259114e-01,-2.346850350564317012e+01,7.621109657958234251e+00,1.001964527388814652e+01,6.848598296371137373e+00,2.898485081261389928e-01,-1.143856924890636861e+01
-8.433633975827412144e+00,-1.519345345254776625e+01,1.274980679522012217e+01,-1.579870897647420502e+00,-2.450846504764879086e+01,8.165213490312220657e+00,9.559045904690670170e+00,6.635232995916607202e+00,-3.201781803787739356e-01,-1.196717842035991097e+01
-1.019729043818268543e+01,-1.839992895796724781e+01,1.542341216492288325e+01,-1.877441351783939893e+00,-2.968055043724963582e+01,9.881295701206513016e+00,1.160126634427076731e+01,8.056576484081052314e+00,-3.664893059515971219e-01,-1.449358776529509640e+01
-9.625251932873178262e+00,-1.761487625765454013e+01,1.464172510345983369e+01,-1.405645087027741047e+00,-2.844649933701104416e+01,9.409772531805113971e+00,1.142354867968867360e+01,7.851022076373132208e+00,-1.681077211364011004e-01,-1.387358065920401096e+01
-1.190519304364745246e+01,-2.176196416182931515e+01,1.812558568784192659e+01,-1.675581808210332202e+00,-3.517956339024952683e+01,1.164190949165653066e+01,1.420258767699959179e+01,9.640609081079990261e+00,-2.227076181096929730e-01,-1.713033693404976887e+01
-6.843942599097720070e+00,-1.300564339462401975e+01,1.052527284879822567e+01,-4.861162599828176001e-01,-2.098730969473250241e+01,6.828512528017189886e+00,8.801581640796531047e+00,6.150579515333665981e+00,2.195163884919078545e-01,-1.025940489892217578e+01
-1.029178880364199067e+01,-1.889912567337621496e+01,1.567864081677782018e+01,-1.402376323205902331e+00,-3.053071862805419912e+01,1.008356390248796863e+01,1.234407657885386378e+01,8.456698322535467938e+00,-1.332065366164680853e-01,-1.488416052344953933e+01
-9.877638978596870345e+00,-1.851061603463447724e+01,1.517220096755468184e+01,-7.994510572111813707e-01,-2.994882713375650596e+01,9.801813344632231306e+00,1.255322182054053037e+01,8.489596486586286517e+00,1.396529872695831398e-01,-1.457629309666874029e+01
-8.611197362866711558e+00,-1.611442172769421433e+01,1.320393462721872524e+01,-7.942466654200371901e-01,-2.604443628290876944e+01,8.530038462545119771e+00,1.082331101856397382e+01,7.406499633925109904e+00,1.030912511525108877e-01,-1.269563352357076980e+01
-8.240190993749223480e+00,-1.458127406534602244e+01,1.239766909245151716e+01,-1.812490943658145781e+00,-2.353402488324789132e+01,7.903836629584961138e+00,8.982748962903793100e+00,6.165742057117249431e+00,-4.983578308661952283e-01,-1.147496200414494893e+01
-1.192768114310048055e+01,-2.182695895733611380e+01,1.816490656672388226e+01,-1.655739756633134441e+00,-3.528284039261449578e+01,1.167045498850011853e+01,1.426012886161576532e+01,9.688165097909010370e+00,-2.063677914147103998e-01,-1.718254891230802528e+01
-9.970704447565113426e+00,-1.864436476833242651e+01,1.529705673088591134e+01,-8.853514917237700343e-01,-3.015307323210663881e+01,9.878436897373848780e+00,1.257180824662548346e+01,8.537099159719080177e+00,1.110920403078428098e-01,-1.468361033033987262e+01
-8.021477193084178836e+00,-1.476978675870415891e+01,1.222315069408023902e+01,-1.076857510436634247e+00,-2.384842945549137383e+01,7.867505904936203720e+00,9.645393385925959961e+00,6.649801698350973567e+00,-7.672576876226855358e-02,-1.163591934349379997e+01
-9.342369063082212932e+00,-1.736370207868237614e+01,1.428511610735469439e+01,-1.037068906746195118e+00,-2.804878255635161821e+01,9.214582741329875759e+00,1.151582555145542308e+01,7.916274804312033453e+00,2.626513564318966321e-02,-1.368056634404928928e+01
-5.955846937817773856e+00,-1.143086107664199780e+01,9.210324733094751082e+00,-2.029046414285323729e-01,-1.848126973669421602e+01,5.986382872349608419e+00,7.939313014723588857e+00,5.441518937341457196e+00,2.740712211869756332e-01,-9.011206575468230895e+00
-9.913383192236292274e+00,-1.829875815975588438e+01,1.512676097884052595e+01,-1.241194488452310951e+00,-2.956110216993628015e+01,9.740915362766562779e+00,1.203421254681186703e+01,8.253588756590488629e+00,-6.135651210080150797e-02,-1.441366558901965966e+01
-8.957856294141947728e+00,-1.690128702869539268e+01,1.377095863369658701e+01,-6.679156456871475633e-01,-2.731569329437211024e+01,8.914281857397416076e+00,1.146717796685528157e+01,7.863133873276539454e+00,2.050426609713074944e-01,-1.331911131632729628e+01
-1.060478748056125831e+01,-1.913229047861368315e+01,1.607248611903872870e+01,-1.816778303862558008e+00,-3.091599476468538299e+01,1.029151180586888437e+01,1.222859185865168463e+01,8.313268704243030882e+00,-3.784112786202206147e-01,-1.505701877963344693e+01
-5.803195161034248706e+00,-1.075107965140876765e+01,8.859577247715222370e+00,-7.046839259423860469e-01,-1.735900012662541414e+01,5.711136943999422400e+00,7.075931305797610982e+00,4.886734013664513654e+00,-8.980196815066898708e-03,-8.471692974253876685e+00
-1.033465988750721998e+01,-1.877956294226307321e+01,1.566518085075263045e+01,-1.751077747395327178e+00,-3.029313637691031502e+01,1.005344957002825801e+01,1.195689003052412147e+01,8.315958772253049247e+00,-2.781225253522979224e-01,-1.479596699625195733e+01
-1.006577298059402281e+01,-1.855608780067449004e+01,1.535814948365312915e+01,-1.266923674194186944e+00,-2.998497162470737720e+01,9.885994583105215838e+00,1.220826187742523139e+01,8.343713866171675875e+00,-7.854526319284782510e-02,-1.461373933034362338e+01
-1.016765606090668506e+01,-1.859364943809712756e+01,1.544888169837816605e+01,-1.560438194389601518e+00,-3.000394279509134421e+01,9.928974131158174288e+00,1.197421623024151316e+01,8.304120074947944019e+00,-1.894535515637708056e-01,-1.464985021142999599e+01
-1.120514870221147241e+01,-2.038812700264018929e+01,1.699115971800717162e+01,-1.869450803971706376e+00,-3.288728402887483782e+01,1.090798519441360170e+01,1.300247291753364642e+01,9.047797104972167048e+00,-2.826572866779536453e-01,-1.606415163047341821e+01
-3.003826458648959363e+00,-5.585818668850320634e+00,4.576890672755379086e+00,-4.003298815493870344e-01,-8.995832270722729618e+00,2.955413835475787288e+00,3.622127029985482860e+00,2.579908443814559860e+00,8.087596592700807552e-03,-4.407800965357481005e+00
-9.036203192247928229e+00,-1.622714152108356700e+01,1.365490004483371855e+01,-1.721208203972131701e+00,-2.618796845007783958e+01,8.736880126143406144e+00,1.020133188080846764e+01,7.036034539302029600e+00,-3.786995169689647556e-01,-1.277704513079864057e+01
-1.302013262853249920e+01,-1.796131800457841265e+01,4.366615451901431300e+00,1.583807041687104622e+00,-1.636143713102782371e+01,4.481624945989004516e+00,1.297244809745823346e+01,3.336305164300537918e+00,5.203895025874865965e+00,-6.329357982899385782e+00
-1.001650197389724894e+01,-1.801167075548881158e+01,1.514176988431005455e+01,-1.883142000676726546e+00,-2.906677492720201172e+01,9.691506599917534714e+00,1.134093074917897859e+01,7.828273028025371616e+00,-4.028081428309095435e-01,-1.418306510571484225e+01
-9.754833270298322034e+00,-1.832083903021862525e+01,1.497578297267569525e+01,-8.186305345371801545e-01,-2.961225227276008098e+01,9.683097544699105441e+00,1.236682734994628952e+01,8.463900854883393166e+00,1.638905878573594377e-01,-1.443515424768188815e+01
-8.436813145503208489e+00,-1.547423349209369547e+01,1.284065091582438001e+01,-1.201318602347574149e+00,-2.498615822787454732e+01,8.257083968648965211e+00,1.005443198314031861e+01,6.924764816175170701e+00,-1.233752495192430576e-01,-1.218930605018438662e+01
-4.973847985885507583e+00,-9.196424039505490811e+00,7.565982950033533605e+00,-7.194160435360548167e-01,-1.481204895415891976e+01,4.878536797598604480e+00,5.922898027435071100e+00,4.209603442275618335e+00,-2.383889796586705079e-02,-7.255279958307816912e+00
-9.162392296888087984e+00,-1.713631680203960528e+01,1.404062037483233993e+01,-8.810844385488912911e-01,-2.768634087749389749e+01,9.070289205295793522e+00,1.147141124664576139e+01,7.880743398088330132e+00,1.020491844306188334e-01,-1.350288744469879987e+01
-1.065344592598065532e+01,-1.931399514040699117e+01,1.615989735931306726e+01,-1.760896511401159437e+00,-3.119242541620249298e+01,1.036144449229916376e+01,1.237372762768962353e+01,8.478471776482395583e+00,-3.151555713668249825e-01,-1.520668810329052256e+01
-6.085373964387853718e+00,-1.128601663021127699e+01,9.303490103820779566e+00,-6.835098132038593954e-01,-1.823884250130885576e+01,5.997275893352679965e+00,7.488508682089770829e+00,5.119833359320161037e+00,6.281932267142575910e-04,-8.889535403857133034e+00
-3.399344627075659986e+00,-6.444289085386417426e+00,5.231344599192809142e+00,-2.281313992421118153e-01,-1.041132227222903062e+01,3.390715424122011878e+00,4.385917308876166487e+00,3.023279279145964171e+00,9.910771979705139401e-02,-5.080152318129186995e+00
-7.332874304397844156e+00,-1.327371886194416462e+01,1.112223224147271239e+01,-1.216931358626824888e+00,-2.144447219970931684e+01,7.128026374036675605e+00,8.508592199615927498e+00,5.804353144752674609e+00,-2.306615996446733097e-01,-1.044863566626138862e+01
-5.077587154098587519e+00,-9.585460514327770909e+00,7.798283284587769870e+00,-4.093885843381289691e-01,-1.547756978172379583e+01,5.050155553269632946e+00,6.463352084227028449e+00,4.479548635500404608e+00,1.187013218853121277e-01,-7.557531924388011468e+00
-8.687031391952347192e+00,-1.570441323790448251e+01,1.315499949605144536e+01,-1.531192757984642272e+00,-2.534579548936200055e+01,8.430583529836848555e+00,9.969115384748388209e+00,6.882037296738467091e+00,-2.900834758706411498e-01,-1.236780217263362935e+01
-9.142653958628669031e+00,-1.688693414511712376e+01,1.396377368754379766e+01,-1.089592688964461598e+00,-2.729691639536530445e+01,8.991776393380009225e+00,1.116654157695411520e+01,7.605328940941414650e+00,-4.744261208600553115e-02,-1.329776708066393809e+01
-8.321114777586871014e+00,-1.524225692228779749e+01,1.267482370713762307e+01,-1.143802632151978749e+00,-2.463640467053590655e+01,8.145430806806137625e+00,9.963785080962653140e+00,6.778763207133652990e+00,-1.334835918520384523e-01,-1.199993706578222508e+01
-7.751225130180824152e+00,-1.467592713556601502e+01,1.193780601713323719e+01,-4.833151691069365596e-01,-2.373287166796943737e+01,7.732862721047241372e+00,1.004317713923031619e+01,6.846779117253651847e+00,2.149481155042406444e-01,-1.156326401500742662e+01
-8.743024639919692476e+00,-1.603960284971407546e+01,1.331975720410952491e+01,-1.190398871663250979e+00,-2.591859238923831654e+01,8.563734895893839294e+00,1.048573552892353078e+01,7.158015092046755790e+00,-1.234757183122139890e-01,-1.262992109324009071e+01
-6.472213914500382081e+00,-1.239885722417585967e+01,9.996895546877469840e+00,-2.719784397633819850e-01,-2.003665630149205867e+01,6.495658348516237801e+00,8.562600058854627605e+00,5.898015440454814851e+00,2.806509122000521161e-01,-9.776129615195438660e+00
-6.009128148456369445e+00,-1.135303485099016285e+01,9.249781709655652051e+00,-3.973496333046486750e-01,-1.836152257659542286e+01,5.988285655912492622e+00,7.755598056410196506e+00,5.277508683391043398e+00,1.495070933945510383e-01,-8.943990688300738512e+00
-6.842633135655542098e+00,-1.293818339376438331e+01,1.051943326336726336e+01,-5.070811924523470626e-01,-2.089928552449084975e+01,6.814218935928344045e+00,8.766566269366185438e+00,6.051101687477323132e+00,1.753195845387373886e-01,-1.019944886227153624e+01
-1.149667513293461596e+01,-2.155695956259808455e+01,1.764368173948479068e+01,-9.933844101120650194e-01,-3.484758286825649520e+01,1.140307865277221921e+01,1.453624248443819056e+01,9.929479611898651470e+00,1.685853027281534744e-01,-1.698287794869550638e+01
-1.091362242721736209e+01,-1.988648102885493429e+01,1.658722434924775868e+01,-1.660209654935508095e+00,-3.212772656376574076e+01,1.064758352555480947e+01,1.286187826025025771e+01,8.788614411656782366e+00,-2.505190658912465063e-01,-1.565736072501883491e+01
-1.053117270311812526e+01,-1.935455264928056351e+01,1.604302012648346221e+01,-1.434984636075977482e+00,-3.125934100114515601e+01,1.032067327092722842e+01,1.263312678140826151e+01,8.679643745686757228e+00,-1.257172691131617781e-01,-1.524499212297814843e+01
-7.324309487317603562e+00,-1.356388732578289158e+01,1.118350404617416594e+01,-8.828185230518139637e-01,-2.190553867356123163e+01,7.208040125500838613e+00,8.937968202022158692e+00,6.156033944779879974e+00,-1.460312538576624686e-02,-1.068680165441069185e+01
-9.180221805422489112e+00,-1.716455819559047313e+01,1.405851991033993542e+01,-9.223309269128058263e-01,-2.771888200707383376e+01,9.082502755148132323e+00,1.144531267987809642e+01,7.905219730079878993e+00,9.747267066670833868e-02,-1.352824986441665445e+01
-8.937582705483420042e+00,-1.659629990616665296e+01,1.367441092951734838e+01,-9.591171527524288143e-01,-2.682874566343322442e+01,8.816740401098968505e+00,1.105496892240558537e+01,7.533606575047679499e+00,1.619393009852720944e-02,-1.307072007260762625e+01
-1.060605164797191513e+01,-1.920605274342858948e+01,1.607899285631639685e+01,-1.792242147956628173e+00,-3.101272270880515691e+01,1.030721175909301301e+01,1.226863708291417510e+01,8.421704545999412872e+00,-3.298227776676050382e-01,-1.512246505964834142e+01
-1.128927329387313172e+01,-2.069112092931181834e+01,1.718510234751919441e+01,-1.595930032423903189e+00,-3.342100322937186263e+01,1.104770930579630495e+01,1.346596678584242923e+01,9.236165522050807652e+00,-1.746511125834676603e-01,-1.629559490608988526e+01
-1.036379323317378542e+01,-1.924202358795092493e+01,1.585933656156752569e+01,-1.100592622162930523e+00,-3.111137191560738557e+01,1.022459199700561427e+01,1.283273977923352938e+01,8.726277436984398506e+00,1.742381156672900833e-02,-1.515293764928688169e+01
-5.955844492790776989e+00,-1.140704822050526879e+01,9.193251427697008538e+00,-2.756768473019194365e-01,-1.842517143522872303e+01,5.974036251485597582e+00,7.848428506410711769e+00,5.434460770490094461e+00,2.556483239445137001e-01,-8.996209189164723341e+00
-5.824729935547738435e+00,-1.055368861750512721e+01,8.824917534196877966e+00,-1.006616706871136246e+00,-1.703008630499425280e+01,5.658967225850767946e+00,6.711512196406449249e+00,4.644883114601054963e+00,-1.779412354903415205e-01,-8.312722317771971348e+00
-7.692112884927295724e+00,-1.421662857280702852e+01,1.173833097542892112e+01,-9.575339525783334027e-01,-2.296061229433511386e+01,7.561859724898585711e+00,9.346626035290210410e+00,6.431641271444733299e+00,-3.536308154371770041e-02,-1.120015179959356111e+01
-9.516156723737188017e+00,-1.729431495592670487e+01,1.446440437570567639e+01,-1.446539265828021170e+00,-2.796088113737991776e+01,9.276894671776414469e+00,1.121071423717449278e+01,7.586955456309708801e+00,-2.489806962062506845e-01,-1.361010745280321999e+01
-7.008228181796539502e+00,-1.325152149403646185e+01,1.078663352563288491e+01,-4.669130798377947866e-01,-2.142572317151680394e+01,6.985277476338504599e+00,9.042160594432173681e+00,6.174570526245187096e+00,1.815224518474158888e-01,-1.044144707712918319e+01
-9.343465383315324502e+00,-1.673367425655730045e+01,1.412413255349744823e+01,-1.762913909561302006e+00,-2.703219444338846955e+01,9.028591209213066904e+00,1.056307437792024473e+01,7.192808337038756328e+00,-4.212405889158509220e-01,-1.316809406068537669e+01
-7.655670262576747653e+00,-1.419256374735746995e+01,1.170630274961528450e+01,-8.516245898118999236e-01,-2.294178142062943238e+01,7.544870829435134318e+00,9.430169716570075522e+00,6.427777125098145916e+00,-2.765420594344258909e-03,-1.117732754766671199e+01
-1.236606199564566388e+01,-2.278750858413079783e+01,1.887212591624886926e+01,-1.539557916245145819e+00,-3.683323473441481610e+01,1.214568989115180031e+01,1.501748453856677834e+01,1.022782582269495855e+01,-1.020115964379754159e-01,-1.794330271345708638e+01
-7.730914333270280103e+00,-1.465765411334183987e+01,1.191856063682977407e+01,-4.304669238799310738e-01,-2.371430073533408844e+01,7.721885831056201965e+00,1.008167877836085324e+01,6.839320780705609337e+00,2.296538561349150687e-01,-1.154664727827080739e+01
-6.337053074505064387e+00,-1.167636733983527364e+01,9.671002078581823369e+00,-7.895385131907020071e-01,-1.887374384173028830e+01,6.223857926670509855e+00,7.694935621252100511e+00,5.239556678966533099e+00,-5.310563070248475182e-02,-9.194077187096633352e+00
-1.102276049398607149e+01,-1.999962374563874690e+01,1.669122594795002357e+01,-1.940550607091716673e+00,-3.224637994805662089e+01,1.070941455384073571e+01,1.266119854575568837e+01,8.851856941341269547e+00,-3.194176768280758694e-01,-1.576011398673156272e+01
-1.325193409689490309e+01,-2.439794638325275500e+01,2.019462868237052433e+01,-1.773868827757064670e+00,-3.939795505209208670e+01,1.299774882273119481e+01,1.594066393534548887e+01,1.097928021762116302e+01,-1.282998522268504749e-01,-1.922032020623526805e+01
-9.513475590127530523e+00,-1.766986878643141878e+01,1.455660355339058576e+01,-1.016090347086915147e+00,-2.856421866514258312e+01,9.386088348278718740e+00,1.177364004701107802e+01,8.023823607623924659e+00,2.020236466703989597e-02,-1.391633481638857717e+01
-1.196812581017926114e+01,-2.175513255946083646e+01,1.817416640985300091e+01,-1.890268713196205708e+00,-3.514324876882928805e+01,1.165969699457503594e+01,1.401401278309183773e+01,9.581242246018609521e+00,-3.124411857651006041e-01,-1.712810978177465060e+01
-1.092137148062381158e+01,-2.011938331916054068e+01,1.665122718044761996e+01,-1.427118614849838707e+00,-3.249697187599480941e+01,1.071792274017720992e+01,1.318078891669410169e+01,9.053134125879127581e+00,-9.638058239804514482e-02,-1.584804855682455660e+01
-1.188020176995857113e+01,-2.232348504956673452e+01,1.825739030394806406e+01,-9.184500455754139869e-01,-3.610743180884260539e+01,1.180376560915366113e+01,1.515759239392849800e+01,1.029114518807495138e+01,2.096117212251430995e-01,-1.758280544273633339e+01
-8.573277964661425443e+00,-1.566502103605877849e+01,1.304545178242376302e+01,-1.237510867905444956e+00,-2.531434709803745164e+01,8.379041403665381083e+00,1.018958797938040561e+01,6.945614594599559766e+00,-1.657248229551160357e-01,-1.233310877826398588e+01
-1.168223845856722498e+01,-2.138763899465478602e+01,1.775779641964397726e+01,-1.759241537745713790e+00,-3.451475561340884468e+01,1.141585783498427986e+01,1.380152291645713447e+01,9.566343340073993673e+00,-2.002960625565642916e-01,-1.685128273517691255e+01
-9.658919435853515978e+00,-1.764331878028137268e+01,1.467821001324738184e+01,-1.474362576417477477e+00,-2.848247343382196206e+01,9.429870433660292761e+00,1.138233987178660378e+01,7.851915718315762405e+00,-1.930678441831287229e-01,-1.389760213218283624e+01
-6.280453912423157092e+00,-1.165597552134313375e+01,9.577064026082535264e+00,-8.072065187820617327e-01,-1.879345733985741518e+01,6.178986895803580737e+00,7.606475762577341371e+00,5.342804800517994224e+00,2.594441223251753303e-03,-9.191837730528837014e+00
-9.007747488164604022e+00,-1.614278509295232666e+01,1.359341443550372297e+01,-1.795190944469527317e+00,-2.603580565127492008e+01,8.694718278822097801e+00,1.006916381733097765e+01,6.994116174494188876e+00,-4.024734668933803161e-01,-1.271372580567311772e+01
-1.114135227580741372e+01,-2.047471160175037497e+01,1.695957297445256984e+01,-1.572144413059234358e+00,-3.304804631262328485e+01,1.091215576378560748e+01,1.329962485696235674e+01,9.204523515881014362e+00,-1.356991338434502259e-01,-1.613233255937771560e+01
-1.234921415364431496e+01,-2.250310846675296972e+01,1.877382702509384060e+01,-1.859029324952008899e+00,-3.636231687459842021e+01,1.205058056809136602e+01,1.457749522491737793e+01,9.937185455131867684e+00,-2.823071601313437151e-01,-1.771574636406228365e+01
-8.541926867915357491e+00,-1.564370244344324767e+01,1.299254707202061354e+01,-1.251712248392752524e+00,-2.525646146047034435e+01,8.352047182017191318e+00,1.013403653106987079e+01,6.988159405721177997e+00,-1.417237762867744610e-01,-1.232303379564730150e+01
-7.899630889409311685e+00,-1.402976249250189689e+01,1.188499035306405638e+01,-1.734731610643080790e+00,-2.262214592414376213e+01,7.585796651564637116e+00,8.621136818438300153e+00,5.994368866383233296e+00,-4.434927245552865993e-01,-1.104766035592438556e+01
-7.615626882831014299e+00,-1.395888329634166780e+01,1.158143803581961784e+01,-1.124089041983718618e+00,-2.252800087932295625e+01,7.447273679976703420e+00,9.026679158516561330e+00,6.253204027599120529e+00,-1.188752789647097297e-01,-1.099820867484124953e+01
-6.095965337045194943e+00,-1.133083558841282645e+01,9.323625970896376458e+00,-6.663208542117011746e-01,-1.830711440758790332e+01,6.013937797789329132e+00,7.526814657983278423e+00,5.162285416480246525e+00,1.809125193817667787e-02,-8.926496370561286753e+00
-5.425115082438925818e+00,-9.930469185948767930e+00,8.256560617830745130e+00,-7.755195153315694867e-01,-1.604240713648478334e+01,5.305962397988960078e+00,6.459207507230102507e+00,4.421178220592718588e+00,-9.274755664343659056e-02,-7.819975749956088684e+00
-9.203177290625085050e+00,-1.718675666917113176e+01,1.413516328136937972e+01,-7.540121248131390619e-01,-2.783038583103271790e+01,9.121748888359540786e+00,1.167774751051133464e+01,7.814675305785661052e+00,8.974723524505279215e-02,-1.352652411248632092e+01
-1.108814095687390200e+01,-2.040578807516044080e+01,1.691111016841120573e+01,-1.427238499616868550e+00,-3.297733786834776737e+01,1.088073777272827414e+01,1.340574546003580991e+01,9.147223984212191183e+00,-1.110208463322391870e-01,-1.606873257038611058e+01
-1.149232843214443989e+01,-2.086518387599541313e+01,1.744732325507008142e+01,-1.835062990534190863e+00,-3.370910874741107932e+01,1.118977307700940216e+01,1.342973004030059059e+01,9.167675345850039292e+00,-3.174617143382593154e-01,-1.642593912461093453e+01
-4.323304229653082587e+00,-8.174487012825276011e+00,6.650238904318159783e+00,-3.043502711504663671e-01,-1.321068108757994253e+01,4.307204708519733138e+00,5.558256925511611435e+00,3.815894720713994825e+00,1.112557940691109720e-01,-6.442568596982650497e+00
-5.361467629606736729e+00,-1.006161639007007125e+01,8.234174977629193037e+00,-4.374446354780204271e-01,-1.627116021227451625e+01,5.322213902908115024e+00,6.811224088589946213e+00,4.633266076289806357e+00,8.521885633770936996e-02,-7.925361605263619325e+00
-8.759627211764625443e+00,-1.607494037258713959e+01,1.333303723615688341e+01,-1.242154116202406122e+00,-2.595425069093968062e+01,8.575017065447553932e+00,1.044638782152384771e+01,7.201730941183456913e+00,-1.221551291510794002e-01,-1.266317239718590315e+01
-8.804982560343965758e+00,-1.648715974002677243e+01,1.349952596183057274e+01,-8.177445814719062067e-01,-2.664013630497148100e+01,8.722978914684986762e+00,1.106129943562945783e+01,7.592419416734512261e+00,1.119692980896639378e-01,-1.299120648954658108e+01
-9.963360524516479799e+00,-1.798812407981706940e+01,1.510641026969560130e+01,-1.680677612083765649e+00,-2.907146937671725340e+01,9.674203947531360370e+00,1.152222719079458280e+01,7.820389352748012612e+00,-3.459007669249233308e-01,-1.415582812463521378e+01
-7.699508183919266280e+00,-1.389589514574523932e+01,1.165111780938421937e+01,-1.394066840894792270e+00,-2.242301220912264981e+01,7.464133449433988154e+00,8.788364312481830254e+00,6.077576122503678846e+00,-2.739376725780797162e-01,-1.094390989096285161e+01
-4.827041730876645786e+00,-8.919224740428269627e+00,7.357603173134515728e+00,-6.366269354599241037e-01,-1.439208412658366498e+01,4.740786867094862522e+00,5.821816486492894072e+00,4.048399826444114780e+00,-2.486409126477404086e-02,-7.029893383418235331e+00
-8.153273702183875926e+00,-1.515836980413579660e+01,1.249559318422861232e+01,-7.855899789739474448e-01,-2.453072016939779232e+01,8.056447534375292818e+00,1.019514388299993435e+01,6.863312561816923285e+00,3.019416569546662377e-02,-1.193217138410522438e+01
-7.265498689599906079e+00,-1.318991252864256403e+01,1.101699530500568258e+01,-1.215352349306718871e+00,-2.128822543187649785e+01,7.067598186865841292e+00,8.423422675670209969e+00,5.818530623770550747e+00,-2.033695916200441434e-01,-1.038880151016441289e+01
-6.730469455486606911e+00,-1.286521313442687564e+01,1.039929642536580268e+01,-2.705462550290606005e-01,-2.080781756119823811e+01,6.751680417272173607e+00,8.915684361453855900e+00,6.080846178062660812e+00,2.732991928443750385e-01,-1.013881533614530994e+01
-6.608286449052005906e+00,-1.243683663934967676e+01,1.014122874231104987e+01,-5.688203932657039941e-01,-2.008479295845008039e+01,6.562181485402525105e+00,8.363619508637706090e+00,5.782564622136479038e+00,1.276592378966824315e-01,-9.803946878457358238e+00
-6.038668979309890439e+00,-1.153970313081252819e+01,9.327494767243461382e+00,-2.550119767963753836e-01,-1.866061708601140623e+01,6.055759394755561686e+00,7.984050889419281205e+00,5.456076631766165974e+00,2.426847330198908803e-01,-9.094961910154093943e+00
-1.120168183060330946e+01,-2.034846535442952487e+01,1.698718945649396517e+01,-1.866184562870025321e+00,-3.283923309883390829e+01,1.089951707493369248e+01,1.299766133039847027e+01,8.988524425726156508e+00,-3.047716362815061641e-01,-1.602811200102712164e+01
-1.178638363695616142e+01,-2.152750041340526010e+01,1.792203675414925712e+01,-1.754335966406893377e+00,-3.477117126545866910e+01,1.151179327793727758e+01,1.394330570875483488e+01,9.558258735450701593e+00,-2.353318956152683494e-01,-1.695259617249545059e+01
-5.914110749984049953e+00,-1.108329139425020671e+01,9.064690967871859684e+00,-5.594879719478633717e-01,-1.790038264096782683e+01,5.859334996746686564e+00,7.418379681485467891e+00,5.119514829964822766e+00,8.102649455880261975e-02,-8.735417211320962494e+00
-7.152441372998874947e+00,-1.292769092008943232e+01,1.083458638335223156e+01,-1.246547770369899055e+00,-2.087098479613976565e+01,6.942542453575046402e+00,8.224856666634430269e+00,5.655874333316072367e+00,-2.400163378203553632e-01,-1.017933055397839226e+01
-7.561466128272811282e+00,-1.391612137649589087e+01,1.152189698788304284e+01,-1.016826105831273086e+00,-2.247234572133021757e+01,7.415044780743507147e+00,9.089364681246433264e+00,6.258188949797026446e+00,-7.683431305439636372e-02,-1.096264640031290050e+01
-6.170715284350031915e+00,-1.181767203139811429e+01,9.536447269350208700e+00,-2.378273663059139453e-01,-1.910743025494336322e+01,6.194988243832118435e+00,8.189263462854363240e+00,5.607730191859410240e+00,2.659097023320465270e-01,-9.315328852904105617e+00
-1.062880080244541325e+01,-1.968236028537141280e+01,1.626462629500461077e+01,-1.133854267359111212e+00,-3.184459399557290737e+01,1.047706408631151298e+01,1.314843021902813014e+01,8.866023625121970397e+00,-1.685939738383523956e-02,-1.549314737264431585e+01
-8.549984875413548124e+00,-1.578225516612583590e+01,1.304087675351521725e+01,-1.093252802588201789e+00,-2.548684697313939296e+01,8.398606405566621191e+00,1.035162843305761449e+01,7.128838261366578166e+00,-5.360581465726282913e-02,-1.243366176143520363e+01
-5.643756175500227457e+00,-1.081071899184036411e+01,8.715056004996441175e+00,-2.464448746345628272e-01,-1.746707638500579307e+01,5.662946296987472650e+00,7.455218289978364332e+00,5.145436569619636025e+00,2.437005164987971761e-01,-8.524679521370835289e+00
-6.419598755230079945e+00,-1.198474158657786859e+01,9.817456652225082792e+00,-7.023381374075189365e-01,-1.933987892752111648e+01,6.341628095727313230e+00,7.931974337222823301e+00,5.523402677061845623e+00,5.402479268037879701e-02,-9.448827098235483390e+00
-1.195529519845880095e+01,-2.177329840491733393e+01,1.817803571267242901e+01,-1.787971010188730947e+00,-3.519299264560599028e+01,1.166561344617081808e+01,1.412526352960883536e+01,9.595084751395253519e+00,-2.809172374084888402e-01,-1.713842881075069258e+01
-5.722277599648736057e+00,-1.095053489997039620e+01,8.835301010200819150e+00,-2.548996729987815790e-01,-1.769577858414808347e+01,5.739431536912098508e+00,7.551582175665426000e+00,5.201706444181091626e+00,2.398369703156666977e-01,-8.633980824434098977e+00
-6.575684328248526000e+00,-1.243324649453900932e+01,1.012484165935881109e+01,-4.217133074456913544e-01,-2.010924719528591353e+01,6.555995586822175980e+00,8.503845088395321383e+00,5.785524899495739781e+00,1.706172844019500923e-01,-9.795062973841947240e+00
-9.220468098063939522e+00,-1.748390547877984602e+01,1.420048587409511853e+01,-5.733787253429327713e-01,-2.826256100261295856e+01,9.203046128703954665e+00,1.195189956218126248e+01,8.187249193908771261e+00,2.732307398402127330e-01,-1.377909452725407569e+01
-8.696321316532511503e+00,-1.613578185269412657e+01,1.329663692704554556e+01,-9.701257142763649588e-01,-2.607556955694483847e+01,8.572409799834371569e+00,1.071041573901446498e+01,7.325928736610171299e+00,6.118018805313318875e-03,-1.270987492506707284e+01
-1.004970672035171830e+01,-1.849991214653254801e+01,1.533050975572790620e+01,-1.279996360352575246e+00,-2.990024892437438808e+01,9.864150300902171153e+00,1.216730689156606182e+01,8.293103117843596550e+00,-9.669223222103651150e-02,-1.456733266687016126e+01
-1.143270002885938830e+01,-2.094217656394303972e+01,1.740307960706567414e+01,-1.618617300053043717e+00,-3.383087717876481548e+01,1.118587008475869027e+01,1.363270058589582767e+01,9.334994855252251256e+00,-1.848530691193990272e-01,-1.649193967633545554e+01
-9.611698091818293932e+00,-1.776726316100308622e+01,1.467112812693478219e+01,-1.181860516764628777e+00,-2.869949359390762922e+01,9.451106032823290093e+00,1.169713195123299165e+01,8.034867772273711850e+00,-4.178482280550555039e-02,-1.399639380911685116e+01
-7.422237528724703992e+00,-1.380957628213473853e+01,1.135756269479828973e+01,-7.876368145057853765e-01,-2.231511434965507235e+01,7.327316361058380245e+00,9.194631380664299414e+00,6.297331262538225616e+00,3.189383458071848310e-02,-1.087882835895924494e+01
-1.193812915611440850e+01,-2.188121946056893208e+01,1.818488810827551205e+01,-1.637492625480744479e+00,-3.536241584274649341e+01,1.168867067184567787e+01,1.430069400731815321e+01,9.746120593240849672e+00,-1.823801087744356675e-01,-1.722816760672641934e+01
-9.368562042260496270e+00,-1.693028442781450948e+01,1.419238067075225374e+01,-1.629718295955300267e+00,-2.733543816744728261e+01,9.093508623119253897e+00,1.077660183829580198e+01,7.402066269408784649e+00,-3.162410032036773733e-01,-1.333029839113306281e+01
-1.162519460412599415e+01,-2.125269889121572575e+01,1.767462197454429784e+01,-1.738397037832600356e+00,-3.431539110751763388e+01,1.135659862154720123e+01,1.374525489694383218e+01,9.463619245162059102e+00,-2.192861180379219732e-01,-1.673964037326634369e+01
-9.614631926877498458e+00,-1.815136760533174609e+01,1.478350046010052665e+01,-7.040708593488630429e-01,-2.933614693734486067e+01,9.571124629037214504e+00,1.232475018341267869e+01,8.452013700592999612e+00,2.278073037147749502e-01,-1.430448854119508262e+01
-1.156695035875276645e+01,-2.110167992133777659e+01,1.759193408285658577e+01,-1.708880057264161811e+00,-3.409958499527566289e+01,1.129490634990736808e+01,1.369615624465476067e+01,9.333126119433590162e+00,-2.472414444385278021e-01,-1.661262674496451908e+01
-8.673857297616869744e+00,-1.610562623353363776e+01,1.326708006788137517e+01,-9.468106943297901479e-01,-2.602975648344654758e+01,8.554560403782119238e+00,1.070930750936699383e+01,7.316841166291446541e+00,1.452371205522617892e-02,-1.268568884307015310e+01
-8.472860545048501280e+00,-1.525613353975398390e+01,1.280643884635843932e+01,-1.598941315356275261e+00,-2.460857790806031176e+01,8.200530027582308534e+00,9.588365037621500164e+00,6.658075882214966157e+00,-3.274107683571371163e-01,-1.201658885541504773e+01
-6.015753137088127644e+00,-1.142352639093986788e+01,9.247502895773161313e+00,-4.449781823932512648e-01,-1.843106143369733729e+01,5.998783173585701789e+00,7.714104726758681529e+00,5.400419530881508834e+00,1.867971885228848217e-01,-9.011945498024209300e+00
-9.933840690701796206e+00,-1.807764811462718768e+01,1.510266081162049367e+01,-1.494050996141391252e+00,-2.922265620416578713e+01,9.689870939607041933e+00,1.172503562027641344e+01,7.953036519501333501e+00,-2.431489714385962064e-01,-1.422834739817569805e+01
-9.831119291232653268e+00,-1.811748156940448951e+01,1.500003978039082853e+01,-1.238200712323978436e+00,-2.927861319467664813e+01,9.654460457426479181e+00,1.192195128467485787e+01,8.139579421634961065e+00,-8.077013685666428744e-02,-1.426757473358298078e+01
-7.988928810717018436e+00,-1.525986533645642318e+01,1.234016377449409596e+01,-3.368937443079605409e-01,-2.467962661723507622e+01,8.010504824356660336e+00,1.056235819597275061e+01,7.206828644676753548e+00,3.165859929277944351e-01,-1.202603244550194894e+01
-1.124963591814237063e+01,-2.038148194059683860e+01,1.704534633670579780e+01,-1.938956827171998798e+00,-3.289149188945471991e+01,1.092985552618500478e+01,1.296841593355006950e+01,8.966197563258115011e+00,-3.444680515929920972e-01,-1.605298821958417932e+01
-1.056197297201947727e+01,-1.905983729332266918e+01,1.599255578205541894e+01,-1.871516959322707674e+00,-3.077262039485479406e+01,1.024350095232457392e+01,1.210474051936363082e+01,8.315280477502032142e+00,-3.758221645088654084e-01,-1.500662392504450438e+01
-6.048476429858120618e+00,-1.130853865485465093e+01,9.250339375331934733e+00,-6.585914718622982722e-01,-1.824247087273300494e+01,5.978078006881687223e+00,7.479237590949581183e+00,5.230275859009332784e+00,6.213588737427180875e-02,-8.917656170392783466e+00
-1.102030139024164868e+01,-1.992940759545298590e+01,1.670158349344372439e+01,-1.886883566536528667e+00,-3.218316345773900622e+01,1.070257347220318422e+01,1.271478381768924315e+01,8.717206079725007939e+00,-3.614633106962911180e-01,-1.569073619810438203e+01
-1.149144657849294759e+01,-2.105850640571819810e+01,1.748786408613577592e+01,-1.645509585076287973e+00,-3.400766496391577220e+01,1.124259591347962228e+01,1.368134608151373399e+01,9.405682968809241373e+00,-1.806151493100401906e-01,-1.658652402713866181e+01
-1.061847595339314232e+01,-1.950765566817040764e+01,1.616957036927624003e+01,-1.474231393757720721e+00,-3.149926888187681939e+01,1.040185175880533741e+01,1.270389236921454668e+01,8.751601191817526271e+00,-1.326125593281899384e-01,-1.536721764695805170e+01
-3.670948450479481373e+00,-7.053926126307023203e+00,5.662817840756792620e+00,-1.827828729810632713e-01,-1.137846737321607371e+01,3.684400582258999357e+00,4.824697888359470888e+00,3.393550328816733241e+00,1.725486325393341402e-01,-5.567458509497540398e+00
-3.702512295883729099e+00,-6.945130661639880465e+00,5.676873141331251205e+00,-3.416581802513979360e-01,-1.121737931087310081e+01,3.670272070733183956e+00,4.655447403930762285e+00,3.211943740150066784e+00,5.534617578785532011e-02,-5.473929715734636936e+00
-6.686540594536432458e+00,-1.268358596962672102e+01,1.031624582479385666e+01,-3.395687036001611703e-01,-2.053051185593332661e+01,6.683529351596848578e+00,8.760068252272272815e+00,5.910827909399716695e+00,2.037979279336028515e-01,-9.989236555860362188e+00
-7.031634573058723525e+00,-1.336125541467916200e+01,1.083637770336971862e+01,-4.062973128186734284e-01,-2.159787341138052241e+01,7.026470106757347622e+00,9.155472537449147907e+00,6.276022383796073356e+00,2.280380628458185122e-01,-1.053082403685197299e+01
-1.194312059458834341e+01,-2.215511504234819284e+01,1.824454073179446922e+01,-1.400978812422168707e+00,-3.577841130938866598e+01,1.176412915245022006e+01,1.462555881365144117e+01,1.008334789562703371e+01,2.685030027823609444e-03,-1.745712027673621236e+01
-7.200224350993607914e+00,-1.328742038126354430e+01,1.099822334855257111e+01,-8.542000642808487143e-01,-2.148527470709898068e+01,7.079951951007095623e+00,8.797414060238144984e+00,5.968306361988668485e+00,-4.508276102921027206e-02,-1.046132109055377413e+01
-9.955463089779719610e+00,-1.816032798191249853e+01,1.514207057242518495e+01,-1.466711388203973510e+00,-2.934872801269109388e+01,9.721553097277045197e+00,1.179279609599537437e+01,8.028539431790370884e+00,-2.136597280392494302e-01,-1.429640296625323614e+01
-1.128083366780836627e+01,-2.058804461127756369e+01,1.715870663346963809e+01,-1.657968147277060211e+00,-3.326918931531778867e+01,1.101787665005520545e+01,1.336883039927322692e+01,9.112221746567115588e+00,-2.352600694718298691e-01,-1.620856515571870204e+01
-1.044207653658203228e+01,-1.888647024326477109e+01,1.583813124507323167e+01,-1.734247336548717211e+00,-3.051860367839243082e+01,1.014771700868030280e+01,1.211283763898588717e+01,8.240483683425892991e+00,-3.388172847126996734e-01,-1.486483046199892044e+01
-7.199767632625064806e+00,-1.304903399454558866e+01,1.091507585722510854e+01,-1.215409138515281651e+00,-2.106618496171158839e+01,6.998875810955540899e+00,8.331241936513688273e+00,5.735097791567749681e+00,-2.163148264287843014e-01,-1.027597049050206479e+01
-4.726233082484658787e+00,-8.932585514044081521e+00,7.276172745367158967e+00,-3.075350237650120722e-01,-1.444731715405720429e+01,4.710959875401981023e+00,6.106276377612068096e+00,4.154094212761551219e+00,1.199809847801547869e-01,-7.037118085749896501e+00
-2.831130316552501913e+00,-5.442518717114229965e+00,4.373239055033731226e+00,-1.161670863269279041e-01,-8.787755818433739208e+00,2.844777183165343892e+00,3.751204692574442667e+00,2.610044155360890628e+00,1.354987696966119259e-01,-4.293552110242837117e+00
-1.261558787030220685e+01,-2.332997533413318791e+01,1.928646888064457698e+01,-1.424794022191710141e+00,-3.772964477133105987e+01,1.242117015558498672e+01,1.550686138509519374e+01,1.050625837734266632e+01,-4.379445508977297674e-02,-1.836769426259987625e+01
-8.299598020776103979e+00,-1.539333994364288749e+01,1.267621233381919055e+01,-9.838253424751759457e-01,-2.485607571619483736e+01,8.173555320492416953e+00,1.015096071523729471e+01,7.007031371427419941e+00,-3.921434298080894720e-04,-1.212977897127677274e+01
-7.704777271289007246e+00,-1.389331702888305742e+01,1.164414118248847885e+01,-1.458059122187312706e+00,-2.239972998851255781e+01,7.459932119496039959e+00,8.716687207320912734e+00,6.089769657710324857e+00,-2.843780296894153348e-01,-1.094629632563808563e+01
-9.818956311932840464e+00,-1.775738032709885061e+01,1.485773362667716491e+01,-1.777385582767286420e+00,-2.863799640406450919e+01,9.524732548608508154e+00,1.121246082029519542e+01,7.810613140618126948e+00,-3.250299117351235223e-01,-1.398998786371187109e+01
-8.166231820178788681e+00,-1.505382334171545722e+01,1.245353556104640980e+01,-1.054174446307528878e+00,-2.431560286514385183e+01,8.017229667793852599e+00,9.872500177341505534e+00,6.780058720598310273e+00,-6.495911871588666564e-02,-1.185801736716413579e+01
-8.184078906372906914e+00,-1.500576280854346578e+01,1.245369504756364876e+01,-1.175272604826081313e+00,-2.422805843396521652e+01,8.007776718438600838e+00,9.740623308010425419e+00,6.713593583531637599e+00,-1.233125036350448678e-01,-1.182057048296367086e+01
-9.441991373354289507e+00,-1.757374541025806991e+01,1.445049576684611914e+01,-9.919580772173290928e-01,-2.839877017359606981e+01,9.323425423591588768e+00,1.170955979407040992e+01,8.016923653367719282e+00,4.511581215741650164e-02,-1.384403485874736717e+01
-5.907812588010123989e+00,-1.054626868331739331e+01,8.910455893562886587e+00,-1.201044406299664580e+00,-1.701863043589609248e+01,5.693085861812858361e+00,6.570371560371770947e+00,4.529532763481515900e+00,-2.922688765127816612e-01,-8.302699097072091305e+00
-1.974214699434067022e+00,-3.647105207729527176e+00,3.010675700589629411e+00,-2.542693062194268383e-01,-5.887698963222635307e+00,1.939523652783999186e+00,2.388357004640411230e+00,1.651756687305941051e+00,-1.047599663313521223e-02,-2.873858226958556195e+00
-8.871578315757393085e+00,-1.626362846741587731e+01,1.351200879042381331e+01,-1.223775623848227134e+00,-2.627972755454240428e+01,8.685886579630535564e+00,1.061928787898122373e+01,7.250752128521173567e+00,-1.337351589234787030e-01,-1.280623961616412565e+01
-1.336713638010321503e+01,-2.447475733537687148e+01,2.035646585944625997e+01,-1.857027028602762808e+00,-3.955623198256456163e+01,1.308091378213284983e+01,1.598094788875041594e+01,1.088067640785572721e+01,-2.221795598322034992e-01,-1.926894953927224208e+01
-6.054870206367349184e+00,-1.138246860138192851e+01,9.313098509059614116e+00,-4.343646765666867027e-01,-1.842157078729705688e+01,6.020668476043781858e+00,7.766631705832478083e+00,5.238372016347961235e+00,1.113819028640445907e-01,-8.962700234186858239e+00
-8.746852252966753838e+00,-1.620849087125900567e+01,1.337731477573478855e+01,-9.632533080656625613e-01,-2.620738719672983663e+01,8.620267132820307765e+00,1.078522760620614029e+01,7.328041638536920033e+00,-7.485415071283307853e-03,-1.276307886075336739e+01
-9.653101475252078956e+00,-1.765625881255809659e+01,1.468467519113650965e+01,-1.408042067302425870e+00,-2.851827175799628833e+01,9.435639772096978461e+00,1.145746035973786014e+01,7.857110970921695525e+00,-1.749427845702386519e-01,-1.390470821553291181e+01
-1.018916545081072833e+01,-1.896665363552327577e+01,1.562282477611845977e+01,-9.506231936605321620e-01,-3.069528499442224145e+01,1.007555239798009517e+01,1.278134895879816568e+01,8.601691559219753813e+00,5.431644497980664399e-02,-1.493010272869917365e+01
-7.973835767301494570e+00,-1.440114619619315306e+01,1.208178721972091019e+01,-1.378364934319293189e+00,-2.325920178646859782e+01,7.739342251271925655e+00,9.181765172064286773e+00,6.281832603753403355e+00,-2.746590847055637163e-01,-1.133692248297821337e+01
-6.311819153915660507e+00,-1.166877378516600317e+01,9.627912485110652341e+00,-8.023149805915053001e-01,-1.883779125965417833e+01,6.203524372845873991e+00,7.649753902161676500e+00,5.290252155197356920e+00,-2.744025783559911336e-02,-9.194933656840387215e+00
-5.929487118724868111e+00,-1.118435611574854960e+01,9.105779361938308725e+00,-4.824406140720735037e-01,-1.806176887165932499e+01,5.895433340705638514e+00,7.541342575047472074e+00,5.217610298881814046e+00,1.322365315181525947e-01,-8.817319145317119577e+00
-1.134660064506115695e+01,-2.076290721031138631e+01,1.726683697813543716e+01,-1.629654050391281750e+00,-3.354191025209710375e+01,1.109542754018436561e+01,1.349933685451444632e+01,9.239312803254065898e+00,-1.986691769835965404e-01,-1.635006213835718825e+01
-5.420587339220177547e+00,-1.004362899384533314e+01,8.266942518551639196e+00,-6.934830853776953186e-01,-1.620239916315656004e+01,5.330710211976563251e+00,6.566941063486115837e+00,4.582524775105601300e+00,-8.685306155457983568e-03,-7.917810139007428027e+00
-6.165976477457062899e+00,-1.183321589085477932e+01,9.533414493770209219e+00,-2.178685254481925182e-01,-1.912917847040271369e+01,6.196527357813718773e+00,8.209869622867760341e+00,5.635419842560959403e+00,2.828434602523535735e-01,-9.329015407039312535e+00
